file_name,video,start,end,duration,whisper_text,corrected_text,was_edited
clips/7614176017476848914_000000.wav,7614176017476848914.mp4,0.0,3.78,3.78,"Кога ќе спомнеме студентско организирање и студентско тело,","Кога ќе спомнеме студентско организирање и студентско тело,",no
clips/7614176017476848914_000001.wav,7614176017476848914.mp4,3.82,9.24,5.42,веднаш на тие студенти им се припишува дека застапуваат интереси,веднаш на тие студенти им се препишува дека застапуваат интереси,yes
clips/7614176017476848914_000002.wav,7614176017476848914.mp4,9.24,12.94,3.7,на одредена политичка партија или дека сакаат да спроведат,на одредена политичка партија или дека сакаат да спроведат,no
clips/7614176017476848914_000003.wav,7614176017476848914.mp4,12.94,14.98,2.04,одредена политичка пропаганда.,одредена политичка пропаганда.,no
clips/7614176017476848914_000005.wav,7614176017476848914.mp4,16.1,21.62,5.52,"Секуј си има право да си биде определен политички, приватно.","Секој си има право да си биде определен политички, приватно.",yes
clips/7614176017476848914_000006.wav,7614176017476848914.mp4,21.96,24.92,2.96,"Но тоа, доколку е вешено во студентскиот активизм,","Но тоа, доколку е вмешано во студентскиот активизм,",yes
clips/7614176017476848914_000007.wav,7614176017476848914.mp4,25.64,29.46,3.82,не е етички само доколку не знае да се стави разлика и граница.,не е етички само доколку не знае да се стави разлика и граница.,no
clips/7614176017476848914_000008.wav,7614176017476848914.mp4,30.1,39.3,9.2,"Има луѓе, како што ги кажува, кои што се вмешани во партија и имаат приватен партијски живот, кај што се партијски активни,","Има луѓе, како што ги кажуваш, кои што се вмешани во партија и имаат приватен партиски живот, кај што се партиски активни,",yes
clips/7614176017476848914_000009.wav,7614176017476848914.mp4,39.36,50.33,10.97,"но имаме луѓе кои што истите тие луѓе се вмешани во студенцки активизам не директно, но тоа не го мешаат со своите приватни определби.","но имаме луѓе кои што истите тие луѓе се вмешани во студентски активизам не директно, но тоа не го мешаат со своите приватни определби.",yes
clips/7614176017476848914_000010.wav,7614176017476848914.mp4,50.77,57.01,6.24,Не е етички доколку тие луѓе не знаат да направат разлика и се чисти партијски патрони.,Не е етички доколку тие луѓе не знаат да направат разлика и се чисти партијски патрони.,no
clips/7615629414516247815_000000.wav,7615629414516247815.mp4,0.0,3.24,3.24,Јас ја водам таа иницијатива за заголемување на студентскиот оброк,Јас ја водам таа иницијатива за зголемување на студентскиот оброк,yes
clips/7615629414516247815_000001.wav,7615629414516247815.mp4,3.24,4.52,1.28,само по барање на студентите.,само по барање на студентите.,no
clips/7615629414516247815_000003.wav,7615629414516247815.mp4,5.56,10.6,5.04,"Економски гледано, тој студентски оброк, доколку се инвестира,","Економски гледано, тој студентски оброк, доколку се инвестира,",no
clips/7615629414516247815_000004.wav,7615629414516247815.mp4,11.26,13.72,2.46,"е многу поврзо ке имаме зграда на Финки,","е многу побрзо ке имаме зграда на Финки,",yes
clips/7615629414516247815_000005.wav,7615629414516247815.mp4,13.88,15.38,1.5,"многу поврзо ке имаме дивки на зграда,","многу поврзо диф ќе има зграда,",yes
clips/7615629414516247815_000006.wav,7615629414516247815.mp4,15.54,18.82,3.28,многу поврзо ке се реконструират студентските домовини.,многу побрзо ке се реконструират студентските домовини.,yes
clips/7615629414516247815_000007.wav,7615629414516247815.mp4,18.92,21.92,3.0,Нема да ни треба донација од Европска Унија.,Нема да ни треба донација од Европска Унија.,no
clips/7615629414516247815_000008.wav,7615629414516247815.mp4,22.04,23.86,1.82,Нема да ни треба такви нас донација.,Нема да ни требаат такви нас донации.,yes
clips/7615629414516247815_000009.wav,7615629414516247815.mp4,23.86,29.04,5.18,"Ние дефинитивно, значит, околу 14 до 15 милиони евра се вложуваат","Ние дефинитивно, значи, околу 14 до 15 милиони евра се вложуваат",yes
clips/7615629414516247815_000010.wav,7615629414516247815.mp4,29.04,34.72,5.68,секој пат во студенцки оброк. Тоа се пари кои што наистина,секој пат во студентски оброк. Тоа се пари кои што навистина,yes
clips/7615629414516247815_000011.wav,7615629414516247815.mp4,34.72,39.66,4.94,"можат да се искористат за многу работи. Но, сепак, јас не сметам","можат да се искористат за многу работи. Но, сепак, јас не сметам",no
clips/7615629414516247815_000012.wav,7615629414516247815.mp4,39.66,42.38,2.72,дека сите студенти не треба да заемаат студенцки оброк,дека сите студенти не треба да заемаат студентски оброк,yes
clips/7615629414516247815_000013.wav,7615629414516247815.mp4,42.38,44.48,2.1,или дека не треба да им се покачи.,или дека не треба да им се покачи.,no
clips/7615629414516247815_000014.wav,7615629414516247815.mp4,44.52,46.82,2.3,Ама имаме социјални категории кои што наистина,Ама имаме социјални категории кои што навистина,yes
clips/7615629414516247815_000015.wav,7615629414516247815.mp4,46.82,49.02,2.2,този студенцки оброк ќе го користат за оброк.,тој студентски оброк ќе го користат за оброк.,yes
clips/7615629414516247815_000016.wav,7615629414516247815.mp4,49.14,50.86,1.72,Нема да го користат за други работи.,Нема да го користат за други работи.,no
clips/7620163994858392840_000000.wav,7620163994858392840.mp4,0.0,11.04,11.04,"Денеска се одеме на Исаро, да дај ги гледачи. Денеска е 22. март, ден на пролета и на овај ден, за сите ние кои што сме од Штип е празник, води дошов одеме на Исаро.","Денеска се оде на Исаро, драги гледачи, денеска е дваесет и втори Март, ден на пролетта и на овај ден, за сите ние кои што сме од Штип е празник, заради тоа шо одеме на Исаро.",yes
clips/7620163994858392840_000001.wav,7620163994858392840.mp4,15.88,18.76,2.88,"Значи вака, има неколку теории што се праве на овај ден.","Значи вака, има неколку теории што се праве на овај ден.",no
clips/7620163994858392840_000002.wav,7620163994858392840.mp4,18.98,29.18,10.2,"Треба да се искачеш најгоре на Исаро, значи на врво на Исаро и затоа што има 40 скали за 40 маченици.","Треба да се искачеш најгоре на Исаро, значи на врво на Исаро и затоа што има 40 скали за 40 маченици.",no
clips/7620163994858392840_000003.wav,7620163994858392840.mp4,29.18,54.02,24.84,"И сега има различни теории што се браја нели на овај ден, меѓу кој едната теорија, тоа е теоријата која јас јас ја правив кога беше мала, поздравуваш се со 40 машки нагоре, нели како се качуваш кој Сарок, се поздравуваш со 39 машки и 40-иот треба да го бациш, значи не се поздравиш најнормално, туку го бациш, сакаш симпатијата.","И сега има различни теории што се праве нели на овај ден,",yes
clips/7620163994858392840_000004.wav,7620163994858392840.mp4,54.02,63.06,9.04,и многу луѓе ќуваш си во тај кој што ти ја 40 и тоа е за твојата симпатија сак што ти симпатија тие 40.,"меѓу кој едната теорија, тоа е теоријата која јас јас ја правив ког",yes
clips/7620163994858392840_000005.wav,7620163994858392840.mp4,63.64,72.28,8.64,"Едната теорија, теоријато кој што јас ќе правам, друга теорија е да се качеш горе на брво и фрлеш горе од брво 40 каменчинја","а беше мала, поздравуваш се со 40 машки нагоре, нели како се качува",yes
clips/7620163994858392840_000006.wav,7620163994858392840.mp4,72.28,80.86,8.58,"и 40-тото каменче не го фрлеш, туку си го зачуваш и си домислиш желба, си го ставиш каменчето под перницата","и 40-тото каменче не го фрлеш, туку си го зачуваш и си замислеш желба,си го ставиш каменчето под перницата",yes
clips/7620163994858392840_000007.wav,7620163994858392840.mp4,80.86,86.78,5.92,"и таа желба да се исполне. И на мене стварно ми се ми исполнеа се таа желба, не знам дали е конфиденција,","и таа желба да се исполне. И на мене стварно ми се има исполнето таа желба, не знам дали е коинциденција.",yes
clips/7620163994858392840_000008.wav,7620163994858392840.mp4,86.86,93.22,6.36,"али, това, сигурно сум дека има и многу други теории, еве може да компутирате луѓе кои што се очетират,","али, сигурна сум дека има и многу други теории, еве можат да коментират луѓе кои што се од Штип,",yes
clips/7620163994858392840_000009.wav,7620163994858392840.mp4,94.26,100.92,6.66,"али, ајде да ви покажам како изгледа у ствари овај ден и како изгледа патот кон врване и савро.",али ајде да ви покажам како изгледа уствари овај ден и како изгледа патот кон врвот на исарот.,yes
clips/7620163994858392840_000011.wav,7620163994858392840.mp4,118.12,123.58,5.46,"Поред некоја година, тук нека да имаше... Продава се пелинја.","Пред некоја година, тука некаде имаше.. Продаваа се пилиња.",yes
clips/7620163994858392840_000012.wav,7620163994858392840.mp4,125.54,129.64,4.1,Тоа беше една и единствена година која ќе ја виде дека се во стари продава пелинја.,Тоа беше една и единствена година каде што јас виде дека се уствари продаваат пилиња.,yes
clips/7620163994858392840_000013.wav,7620163994858392840.mp4,132.1,135.78,3.68,Надејам се дека и оваа година ќе се продава джим и сега ќе си купам и ќе го изчувам.,Надевам се дека и оваа година ќе се продава жими се ќе си купам и ќе го исчувам.,yes
clips/7620163994858392840_000014.wav,7620163994858392840.mp4,142.2,144.18,1.98,Произгледа и е многу угарничева.,Еве како изгледа и е многу угорничево.,yes
clips/7620163994858392840_000015.wav,7620163994858392840.mp4,144.18,151.76,7.58,и од таму нека да почнуват скалите и е напето.,и оттаму некаде почнуваат скалите и е напето,yes
clips/7620163994858392840_000016.wav,7620163994858392840.mp4,152.4,155.0,2.6,"Да се напето физички, астораните се ополучките.","Мислам напето, физички ставро е исцрпувачки.",yes
clips/7620163994858392840_000017.wav,7620163994858392840.mp4,155.02,157.14,2.12,Ако размислам како сме го правиле ово како маѓу.,Ако размислам како сме го правиле ово како мали.,yes
clips/7620163994858392840_000018.wav,7620163994858392840.mp4,161.93,164.75,2.82,"Едно кај не знам дали знаеш, ама штипе цели овака","Инаку не знам дали знаеш,пример Штип е целио вака",yes
clips/7620163994858392840_000020.wav,7620163994858392840.mp4,166.79,169.67,2.88,"и заради тоа не е толку препараќливо,","и заради тоа не е толку препорачливо,",yes
clips/7620163994858392840_000021.wav,7620163994858392840.mp4,170.49,171.81,1.32,мислам не е препараќливо.,"мислам не е препорачливо,",yes
clips/7620163994858392840_000022.wav,7620163994858392840.mp4,171.89,172.95,1.06,"Не можеш да возиш точок,","Не можеш да возиш точок,",no
clips/7620163994858392840_000023.wav,7620163994858392840.mp4,174.07,181.93,7.86,"Пример да градско превозно средстват и да точак, не може заради тоа што е многу горничево и долничево.","Пример да градско превозно средство ти биде точок, не може заради тоа што е многу угорничево и удолничево.",yes
clips/7620163994858392840_000024.wav,7620163994858392840.mp4,184.39,188.27,3.88,И после некоја време стигме да го шукаеме црквата.,И после некое време стигнуваш кај црквата.,yes
clips/7620163994858392840_000025.wav,7620163994858392840.mp4,189.43,193.65,4.22,"Свети Архангел Михаил, мислам дека се вика и на факултет.","Свети Архангел Михаил, мислам дека се вика и на факултет.",no
clips/7620163994858392840_000026.wav,7620163994858392840.mp4,195.29,204.04,8.75,"Професорката по историја на Македонија, значи душата ни ја извади за овие цркви кои што биле градени во овај период.","Професорката по историја на Македонија, значи душата ни ја извади за овие цркви кои што биле градени во овај период.",no
clips/7620163994858392840_000027.wav,7620163994858392840.mp4,204.14,207.08,2.94,И оваа црква ми се поднана мене некој лопки уздан.,И оваа црква ми се падна на мене на колоквиум.,yes
clips/7620163994858392840_000028.wav,7620163994858392840.mp4,209.98,211.42,1.44,Нека знам дека знае все.,Нормално дека знаев се.,yes
clips/7620163994858392840_000029.wav,7620163994858392840.mp4,212.36,213.56,1.2,Има срекичка.,Има среќичка.,yes
clips/7620163994858392840_000030.wav,7620163994858392840.mp4,244.82,245.86,1.04,Многу скали.,Многу скали.,no
clips/7620163994858392840_000031.wav,7620163994858392840.mp4,246.08,248.5,2.42,Стигнеш некаде во средината.,Стигнеш некаде во средината.,no
clips/7620163994858392840_000032.wav,7620163994858392840.mp4,248.93,254.05,5.12,"И имаш, исто така, некои какво тескички, окей.","И имаш, исто така некои како тезгички, океј",yes
clips/7620163994858392840_000033.wav,7620163994858392840.mp4,254.09,260.61,6.52,И еве ги спомениците кои што се по број 40 за 40 маченици.,И еве ги спомениците кои што се по број 40 за 40 маченици.,no
clips/7620163994858392840_000035.wav,7620163994858392840.mp4,306.67,309.11,2.44,Оваќи сега ќувам и треба да дземисам за оба.,Овоа ќе си го чувам и треба да си замислам желба.,yes
clips/7630833456850799892_000000.wav,7630833456850799892.mp4,0.0,3.06,3.06,Има ли некој кој што прв ги гледа видејата која ќе ги измунтираш?,Има ли некој кој што прв ги гледа видеата кога ќе ги измонтираш?,yes
clips/7630833456850799892_000001.wav,7630833456850799892.mp4,3.52,9.72,6.2,"Јас, значи, аз кога ги мунтирам видеја, јас го гледам по сто пати, значи ќе го измунтирам, првиш не го оставам телефона или компјутерот, зависи.","Јас, значи јас кога монтирам видеа, јас го гледам по сто пати, значи ќе го измонтирам првично ќе го оставам телефонот или компјутерот зависи.",yes
clips/7630833456850799892_000002.wav,7630833456850799892.mp4,10.02,19.02,9.0,"После саат време, повторно го отварам, гледам дали ми фали нешто и вообишто на децата, со моите деца, кои што, нели Бабаружи и ФНУЦите,","После саат време повторно го отварам гледам дали ми фали нешто и вообичаено на децата, со моите деца, кои што, нели баба Ружа и внуците",yes
clips/7630833456850799892_000003.wav,7630833456850799892.mp4,19.02,24.52,5.5,"во сочност тие се и фнуците, кои ми помагаат и знаат по неква што критика да дадат, иако се мали.",всушност тие се и внуците и кои ми помагаат и знаат понекогаш и критика да дадат иако се мали.,yes
clips/7630833456850799892_000006.wav,7630833456850799892.mp4,27.66,28.92,1.26,Единааесет и седом.,Единааесет и седом.,no
clips/7630833456850799892_000007.wav,7630833456850799892.mp4,29.82,32.62,2.8,Кој повеќе ти помага? Или двајцата се вклучене?,Кој повеќе ти помага? Или двајцата се вклучени?,yes
clips/7630833456850799892_000008.wav,7630833456850799892.mp4,32.8,35.64,2.84,"И двајцата помага, да, реално и двајцата помага.","И двајцата помагаат, да, реално и двајцата помагат",yes
clips/7630833456850799892_000009.wav,7630833456850799892.mp4,35.7,39.2,3.5,"И морам да кажам дека работат, они буквално работат за мене за хонорар.","И морам да кажам дека работат, они буквално работат за мене за хонорар.",yes
clips/7630833456850799892_000010.wav,7630833456850799892.mp4,39.36,42.1,2.74,"За хонорар? Да, тоа ми кажа која се слушавме.",За хонорар? Да тоа ми кажа и кога се слушнавме.,yes
clips/7630833456850799892_000011.wav,7630833456850799892.mp4,42.14,43.38,1.24,Имаат хонорар и...,Имаат хонорар и...,no
clips/7630833456850799892_000012.wav,7630833456850799892.mp4,43.38,45.42,2.04,"Добро го, како хонорар. Договорене сте фикснал?","Добро, колкав хонорар? Договорени сте фиксно?",yes
clips/7630833456850799892_000013.wav,7630833456850799892.mp4,45.42,51.02,5.6,"Да, да, да. 500 денари и си купуваат глупости од маркет,","Да, да, да. 500 денари и си купуваат глупости од маркет,",no
clips/7630833456850799892_000014.wav,7630833456850799892.mp4,51.06,53.1,2.04,"значи соки и нешто, благо или чипс.",значи сок и нешто благо или чипс.,yes
clips/7630833456850799892_000015.wav,7630833456850799892.mp4,53.5,55.82,2.32,Па толку е за 500 денари денеска?,Па толку е за 500 денари денеска?,no
clips/7630833456850799892_000016.wav,7630833456850799892.mp4,56.02,58.16,2.14,"Плус 500 денари, тоа е хранарина.","Плус 500 денари, тоа е хранарина.",no
clips/7630833456850799892_000017.wav,7630833456850799892.mp4,59.34,62.1,2.76,"Чекай сега. 500 денари е хранарина, плус...","Чекај сега, петстотина денари е хранарина, плус..",yes
clips/7630833456850799892_000018.wav,7630833456850799892.mp4,62.1,63.74,1.64,"Не, 500 денари си е хонораро.","Не, 500 денари си е хонораро.",no
clips/7630833456850799892_000021.wav,7630833456850799892.mp4,65.08,68.4,3.32,"А, плус хранарина. Добро, хранарината не е вклучена.","А, плус хранарина. Добро, хранарината не е вклучена.",yes
clips/7630833456850799892_000022.wav,7630833456850799892.mp4,69.18,72.84,3.66,"Хранарината може и повеќе од хонорар, некојаш дочини.","Хранарината може и повеќе од хонорар, некогаш да чини.",yes
clips/7630833456850799892_000023.wav,7630833456850799892.mp4,72.84,75.8,2.96,"Да, да. И се мотивират и сакат, нели?","Да, да. И се мотивират и сакат, нели?",no
clips/7630833456850799892_000024.wav,7630833456850799892.mp4,76.04,77.24,1.2,Тоа е многу убаво.,Тоа е многу убаво.,no
clips/7630833456850799892_000025.wav,7630833456850799892.mp4,77.24,80.08,2.84,"Да ма ги прашувам, секој кога ги прашувам, нема тука да снимем.","Да ама ги прашувам, секогаш ги прашувам, нема тука ај да снимаме",yes
clips/7630833456850799892_000026.wav,7630833456850799892.mp4,80.1,85.1,5.0,"Дали сакате да снимаме, може ќе го научиме тоа, по правил.","Дали сакате да снимаме, може ќе го научиш ли тоа, значи по правило.",yes
clips/7635359970418101512_000000.wav,7635359970418101512.mp4,0.0,7.12,7.12,"Што сум си купила од Египет, и ако случајно некоја што одеш за Египет, да знаеш што можеш да си купиш, значи ово е препорака од мене.","Што сум си купила од Египет, и ако случајно некоја што одеш за Египет, да знаеш што можеш да си купиш, значи ово е препорака од мене.",no
clips/7635359970418101512_000001.wav,7635359970418101512.mp4,7.2,14.82,7.62,"First things first, јас се лезе у аптеката, решава, имате ли нешто за коса, некој е оил, I don't know, препорачи ми, земи ми ги парите.","First things first, јас влезе у аптеката, прашав имате ли нешто за коса, некој oil, I don't know, препорачај ми, земи ми ги парите.",yes
clips/7635359970418101512_000002.wav,7635359970418101512.mp4,14.96,21.54,6.58,"Ја рече, да, овоа ти е добро, Amla Hair Serum, Snake Oil, 7 евро, ово коштеше.","И он рече, овоа ти е добро, Amla Hair Serum, Snake Oil, 7 евро,овоа кошташе.",yes
clips/7635359970418101512_000003.wav,7635359970418101512.mp4,21.54,30.0,8.46,"Следно нешто е млеко за тело, млеко од Камила. Исто така ми препоречава на инстаграм дека треба да си купам млеко за тело од млеко од Камила и од млеко од Магара.","Следно нешто е млеко за тело, млеко од Камила. Исто така м",yes
clips/7635359970418101512_000004.wav,7635359970418101512.mp4,30.18,33.84,3.66,"И е, веќе, пакувањцето беше некаде околу 4,5 евро.","И еве го пакувањето, беше некаде околу 4,5 евра.",yes
clips/7635359970418101512_000005.wav,7635359970418101512.mp4,33.94,45.34,11.4,"Парфем египетски, 25 евро и убаво мирише, али и отпосле Сванадико свари требао некој нефертити парфем да го купам, а овај ми го правиа посебно на мене, значи со ванила и дрво мирише.","Парфем египетски, 25 евра и убаво мириса,ама отпосле сфатив дека требало некој нефертити парфем да го купам, а овај ми го правија посебно за мене, значи со ванила и дрво мириса.",yes
clips/7635359970418101512_000006.wav,7635359970418101512.mp4,45.34,63.1,17.76,"Следно е оваа крема, истака препоречате ми ја да си ја купам, значи египетска крема за болка која што е многу функционирала, ово е мини пакување, значи постојат и поголеми пакувања, јас го купи минито и ово која што ќе 3 евра, мирише на ментол, има си некои ствари у него, гледаш ЕВС, 100% природно, it's fine.","Следно е оваа крема, исто така препорачате ми ја да си ја купам, значи египетска крема за болка која што е многу функционална. Овоа е мини пакување, значи постоат и поголеми пакувања, јас го купи минито и овоа кошташе 3 евра, мириса на ментол има некои ствари у него, гледаш еве се е 100 посто природно, It's fine.",yes
clips/7635359970418101512_000007.wav,7635359970418101512.mp4,63.1,68.44,5.34,Сеја сте ви ask me a question на инстаграм и вие ми кажат дека си изнекупувам работи и јава се ми јас си купи.,"Јас стави ask me a question на инстаграм и вие ми кажавте да си изнакупувам работи и еве сум јас, си ги купив.",yes
clips/7635359970418101512_000008.wav,7635359970418101512.mp4,68.64,77.78,9.14,"Следно е ово, значи ово не е оил, тука е исто така крема, ама е од Black Seeds, значи исто имаше препореки да си купам оил од Black Seeds.","Следно е ово, значи ово не е оил, туку е исто така крема, ама е од Black Seeds, значи исто имаше препореки да си купам оил од Black Seeds.",yes
clips/7635359970418101512_000009.wav,7635359970418101512.mp4,77.96,80.34,2.38,"И ја мислиш дека оил сум купила, аље ова е крема.","И ја мислеше дека сум си оил купила, ама овоа е крема.",yes
clips/7635359970418101512_000010.wav,7635359970418101512.mp4,80.46,83.64,3.18,"Што ми продадат, јас кажам дај, тоа е мојата тактика.","Што ми продадат, јас кажам дај, тоа е мојата тактика.",no
clips/7635359970418101512_000011.wav,7635359970418101512.mp4,83.76,86.18,2.42,Ева како изгледа и мирише многу чудно.,Ева како изгледа и мирише многу чудно.,no
clips/7635359970418101512_000012.wav,7635359970418101512.mp4,86.18,90.78,4.6,"Следно е оваа мисвак паста, која што сите ми препоречава да си ја купам.","Следно е оваа мисвак паста, која што сите ми ја препорачаа да си ја купам.",yes
clips/7635359970418101512_000013.wav,7635359970418101512.mp4,90.8,93.42,2.62,Јас стварно не знам што е толку по-синокула е оваа паста.,Јас стварно не знам што е толку посебно околу оваа паста.,yes
clips/7635359970418101512_000014.wav,7635359970418101512.mp4,93.48,97.14,3.66,"Али у аптеката, ако улезеш, значи прво ти е наредено цел рафт,","Али у аптеката, ако улезеш, значи прво ти е наредено цел рафт,",no
clips/7635359970418101512_000015.wav,7635359970418101512.mp4,97.22,100.36,3.14,"в.к. елка со оваа паста, која штоше 2 евро.","вака елка со оваа паста, која што кошташе две евра.",yes
clips/7635359970418101512_000016.wav,7635359970418101512.mp4,100.48,103.62,3.14,"Може би е природна и убава, не знам е ли да не зборам пред време.","Можеби е природна и убава, не знам еве да не зборам пред време.",yes
clips/7635359970418101512_000018.wav,7635359970418101512.mp4,107.62,110.48,2.86,"И следно што сум се купила, тоа е ово стапче.","И следно што сум се купила, тоа е ова стапче.",yes
clips/7635359970418101512_000019.wav,7635359970418101512.mp4,110.48,117.14,6.66,"Задоша у Египет порано, немале четки за заби и сетоа, и имат стапчинја такви.",Затоа што во Египет порано немале нели четки за заби и се тоа и имат стапчиња такви.,yes
clips/7635359970418101512_000020.wav,7635359970418101512.mp4,117.34,120.66,3.32,"Ајде да пробаме, јас се извинявам, нали го мора да се десам.","Ајде да пробаме, јас се извињавам, нели мора се да се проба.",yes
clips/7635359970418101512_000021.wav,7635359970418101512.mp4,120.78,122.36,1.58,"Ок, ева го стапчето.","Ок, еве го стапчето.",yes
clips/7635359970418101512_000022.wav,7635359970418101512.mp4,127.28,130.34,3.06,"Буквално оцето како мирише, најлучиот оцето, тај.","Буквално оцет како мириса, најлошио оцет, тај.",yes
clips/7635359970418101512_000024.wav,7635359970418101512.mp4,135.17,140.75,5.58,Среки што сум мрдена по новата ера и не сум морала да користувам вакуолот и...,Среќа што сум родена во поновата ера и не сум морала да користам вакво оти...,yes
clips/7635359970418101512_000025.wav,7635359970418101512.mp4,141.27,144.77,3.5,"Last but not least, што сум си купила и ово е оттука и се вика","Last but not least, што сум си купила и овоа е од тука и се вика",yes
clips/7635359970418101512_000026.wav,7635359970418101512.mp4,144.77,150.01,5.24,"Блу Лотос Хербелти, чај од Блу Лотос, кој што ми кажаа да си го купам таму,","Blue Lotus Herbal Tea, чај од Блу Лотос, кој што ми кажаа да си го купам таму,",yes
clips/7635359970418101512_000027.wav,7635359970418101512.mp4,150.09,152.47,2.38,"меѓутоа јас таму го бера и немаа го никаде, замисли.","меѓутоа јас таму го бара и немаа го никаде, замисли.",yes
clips/7635359970418101512_000028.wav,7635359970418101512.mp4,152.55,154.31,1.76,"Екшелј, бил заврнајет да се продава.",Actually бил забранет да се продава.,yes
clips/7635359970418101512_000029.wav,7635359970418101512.mp4,154.43,157.65,3.22,"Кажува дека има како седативно действо некој или смежувало,","Кажува дека има како седативно дејство некое или смирувало,",yes
clips/7635359970418101512_000030.wav,7635359970418101512.mp4,157.79,160.47,2.68,ама оно е како не се препорачува да возиш кола.,ама оноа како не се препорачува да возиш кола.,yes
clips/7635359970418101512_000031.wav,7635359970418101512.mp4,160.53,164.51,3.98,"И евре го, 900 денара кошта, 30 грама.","И евре го, 900 денара кошта, 30 грама.",no
clips/7635359970418101512_000032.wav,7635359970418101512.mp4,164.71,170.93,6.22,"Вечер ќе си направам, па ќе напишам во описто на видеото каков ефект има и дали ми се стига.","Вечер ќе си направам, па ќе напишам во описто на видеото каков ефект има и дали ми се свиѓа.",yes
clips/7635359970418101512_000033.wav,7635359970418101512.mp4,170.93,179.03,8.1,"И бај до веј, морам да кажам за тоа што нашиот водич не однесе на едно место, таму една забутана као стоковна куќа или whatever that is,","И By the way, морам да кажам за тоа што нашиот водич не однесе на едно место, таму една забутана како стоковна куќа или whatever that is,",yes
clips/7635359970418101512_000034.wav,7635359970418101512.mp4,179.11,186.81,7.7,"и унатри имаше се, значи, од накид до сите овие работи, до креми, до чинијички, украси, се живо,","и внатре имаше се, значи од накит до сите овие работи, до креми, до чинијчки, украси, се живо,",yes
clips/7635359970418101512_000035.wav,7635359970418101512.mp4,186.81,191.95,5.14,"и на сесија пишуваше цената, пишува се ја цената на самиот производ кој е, и таа е, свај кеш.","и на се си ја пишуваше цената,пишува си ја цената на самио производ која е и таа е, сфаќаш.",yes
clips/7635359970418101512_000036.wav,7635359970418101512.mp4,192.01,195.65,3.64,"Еве, пишува ми и таа у коментар, како се вика, може да се ја најдеш на Google Maps.","Еве пишувам ја и таа у коментар, како се вика, можеш да ја најдеш на Google Maps.",yes
clips/7635359970418101512_000037.wav,7635359970418101512.mp4,195.65,199.13,3.48,"Јас се искривам би сакала пак да одем во Кургала, преубава се поминаме.","Јас искрено би сакала пак да одам во Хургада, преубаво си поминаме.",yes
clips/7638352073045576978_000000.wav,7638352073045576978.mp4,0.0,16.2,16.2,"Добро дојде во македонски тикток, кред две недели или нешто така, ја има фотосеција и јас си да си купам некој сет за вежбање и најде еден прекрасен сет од Нью Йоркер.","Добро дојде во македонски тикток, пред две недели или нешто така, јас имав фотосесија и I was like, I have to be hot for this photoshoot и јас отиде да си купам некој сет за вежбање и најдов еден прекрасен сет од New Yorker.",yes
clips/7638352073045576978_000001.wav,7638352073045576978.mp4,16.2,31.73,15.53,"Бајдуе, ја не имаше поема дека Нјојоркер има толку бави сетови за вежбање, што јас не бев свесна за тоа.","by the way, јас немаше поима дека New Yorker има толку убави сетови за вежбање, што јас не бев свесна за тоа.",yes
clips/7638352073045576978_000002.wav,7638352073045576978.mp4,31.75,37.43,5.68,До пред две недели и јас станаа од седната со нивните сетови. Купи си го овај сет.,До пред две недели и јас станав опседната со нивните сетови. Купи си го овај сет.,yes
clips/7638352073045576978_000003.wav,7638352073045576978.mp4,37.43,40.27,2.84,"Гледај 500 денара, горен и долен дел вкупно.","Гледај 500 денара, горен и долен дел вкупно.",no
clips/7638352073045576978_000004.wav,7638352073045576978.mp4,40.37,42.51,2.14,Значи по сјом со и нешто денара е 1 дел.,Значи по 799 денара е еден дел.,yes
clips/7638352073045576978_000005.wav,7638352073045576978.mp4,42.71,46.09,3.38,И мене толку ново ми се западна што јас одлучив вчера,И мене толку ногу ми се допаднаа што јас одлучив вчера,yes
clips/7638352073045576978_000006.wav,7638352073045576978.mp4,46.09,47.73,1.64,да отидам и да си купам още нешто.,да отидам и да си купам уште нешто.,yes
clips/7638352073045576978_000007.wav,7638352073045576978.mp4,49.22,52.2,2.98,"Ја никогаш не сум била толку голем фан на Нјојоркер,","Ја никогаш не сум била толку голем фан на Њујоркер,",yes
clips/7638352073045576978_000008.wav,7638352073045576978.mp4,52.28,55.86,3.58,али нивните сетови за вежбање...,али нивните сетови за вежбање...,no
clips/7638352073045576978_000010.wav,7638352073045576978.mp4,57.4,59.98,2.58,Требаше малку мотивација за вежбање.,Требаше малку мотивација за вежбање.,no
clips/7638352073045576978_000011.wav,7638352073045576978.mp4,60.08,62.22,2.14,"By the way, ако некоја што треба мотивација за вежбање,","By the way, ако некогаш ти треба мотивација за вежбање,",yes
clips/7638352073045576978_000012.wav,7638352073045576978.mp4,62.22,71.14,8.92,"You already know it, ама јас да те подсетам дека ако си купиш некој cute set ке се секш по баво, you know, и ке ти се вежбав.","You already know it, ама јас да те подсетам дека ако си купиш некој cute set ке се осеќаш поубаво,  you know, и ќе ти се вежба.",yes
clips/7638352073045576978_000014.wav,7638352073045576978.mp4,73.9,83.2,9.3,"Пред да почнем да ти го покажувам сето, еве го, заради тоа што е у различна боја, ама ист како тај предходнија што го имам, basically, ама многу баво стојам, морам да ти покажам.","Пред да почнам да ти го покажувам сето, еве го,заради тоа",yes
clips/7638352073045576978_000015.wav,7638352073045576978.mp4,83.2,93.72,10.52,"Исто така, аз сум си купила од Нјојоркер едни фармерки, кои што јас ги меркав ушто дека не беа на попуст и, I don't know, ма одам вчера и погледа колку пари беа.","Исто така сум си купила од Њујоркер едни фармерки кои што јас ги меркав уште додека не беа на попуст и, арно ама одам вчера погоди колку пари беа.",yes
clips/7638352073045576978_000016.wav,7638352073045576978.mp4,95.71,96.71,1.0,300 денара.,300 денара.,no
clips/7638352073045576978_000020.wav,7638352073045576978.mp4,107.0,113.22,6.22,"Гледаш дека е малку по-низок струкот, значи ја идеално би ги носила да речеме тука и да бидат малку стеснати,","Гледаш дека е малку по-низок струкот, значи ја идеално би ги носила да речеме тука и да бидат малку стеснати,",no
clips/7638352073045576978_000021.wav,7638352073045576978.mp4,113.22,126.84,13.62,"али оке, оке, it's fine, затоа што има таков вајб, као, you know, не се замарам, значи, облече ги првите фармерки, што ги фана у моја шкаф и то беше тоа, сваке што и да наметна мистоар, свакеш тај вајб.","али оке, оке, it's fine, затоа што има таков вајб, као, you know, не се замарам, значи, облече ги првите фармерки што ги фана у мојо шкаф и тоа беше тоа, сега што и да наметнам ми стое, сфаќаш тај вајб.",yes
clips/7638352073045576978_000023.wav,7638352073045576978.mp4,132.97,137.89,4.92,"Знаеш кој е тренд сакам да го направам со овие фармерки? Таа, it's in your mind.","Знаеш кој тренд сакам да го направам со овие фармерки? Таа, it's in your eyes.",yes
clips/7638352073045576978_000025.wav,7638352073045576978.mp4,168.75,176.59,7.84,"Поентата ми е, ако сакаш некој добар сет за вежбање и да не биде прескап, New Yorker is the place.","Поентата ми е, ако сакаш некој добар сет за вежбање и да не биде прескап, New Yorker is the place.",no
clips/7638352073045576978_000026.wav,7638352073045576978.mp4,176.71,178.79,2.08,"Искрена, едвај, чекам да вежбам у него.","Искрено, едвај, чекам да вежбам у него.",yes
clips/7638352073045576978_000027.wav,7638352073045576978.mp4,178.93,186.13,7.2,"Actually, сега ќе си пуштам на YouTube вежбички и ќе си повежбам, заради тоа што ми е кеф, наискино, да ти кажам.","Actually, сега ќе си пуштам на YouTube вежбички и ќе си повежбам, заради тоа што ми е кеиф, најискрено, да ти кажам.",yes
clips/7638352073045576978_000028.wav,7638352073045576978.mp4,186.35,192.97,6.62,"Пишу в коментар дали ти се свиги и ако имаш да ми предложиш некој друго место за да си купам сетови, за да се мотивирам да вежбам до летото,","Пиши у коментар дали ти се свиѓа и ако имаш да ми предложиш некое друго место за да си купам сетови, за да се мотивирам да вежбам до летото,",yes
clips/7649371967849549077_000000.wav,7649371967849549077.mp4,0.0,2.84,2.84,"Стварно, миле народовни, мислам, стварно не сте ми јасни у чат.","Стварно мене народот не ми,мислам стварно не сте ми јасни во чат.",yes
clips/7649371967849549077_000001.wav,7649371967849549077.mp4,2.94,8.58,5.64,"Не се возите со ово, саа бе крше возовите, ние немаме пруга, гледај како е во Европа во врвр.","Не се возите со воз, абе крш се возовите ние немаме пруга, гледај како е во Европа врврвр...",yes
clips/7649371967849549077_000002.wav,7649371967849549077.mp4,9.32,13.5,4.18,"Ајде да направиме пруга, ама зашто да правиме пруга сега, тоа пруга ке се краде.","Ајде да направиме пруга, ама зашто да правиме пруга сега, тоа пруга ке се краде.",no
clips/7649371967849549077_000003.wav,7649371967849549077.mp4,13.7,16.82,3.12,"А работна акција е да ја правиме сите со мотиките пругата, а?","А работна акција е да ја правиме сите со мотиките пругата, а?",no
clips/7649371967849549077_000004.wav,7649371967849549077.mp4,17.06,19.6,2.54,Ке дојете ви овде кој учатов да ја правиме пругата?,"Ќе дојдете вие овдека у чатов да ја правиме пругата,",yes
clips/7649371967849549077_000005.wav,7649371967849549077.mp4,19.92,23.66,3.74,Нема да дојде. Само да се пјампа. Само да се куди нешто.,Нема да дојдете. Само да се пљамба. Само да се куди нешто.,yes
clips/7649371967849549077_000006.wav,7649371967849549077.mp4,23.66,31.62,7.96,"Кај што, као, например, преско отчитам Лазаров, како што му правеле таму за донацијата што им ја правиа куќата на фамилијата таму.","Кај што, као, например, преска го читам Лазаров, како што му правеле таму за донацијата што им ја правеа куќата на фамилијата таму.",yes
clips/7649371967849549077_000007.wav,7649371967849549077.mp4,32.14,37.4,5.26,"Любоморни луѓе, зашто на таа некоја фамилија им правиле куќа, не им правиле нивната?","Љубоморни луѓе, зашто на таа некоја фамилија им правиле куќа, не им ја правеле нивната?",yes
clips/7649371967849549077_000008.wav,7649371967849549077.mp4,37.52,42.56,5.04,Не постија и друга причина зашто му пишувале и го пцуеле и го врегеле Лазаров.,Не постои друга пичина зашто му пишувале и го пцуеле и го вреѓале Лазаров.,yes
clips/7649371967849549077_000009.wav,7649371967849549077.mp4,42.74,47.44,4.7,"Не го врегеле, любоморни луѓе. Любомора, злоба, завист.","Не го вреѓале, љубоморни луѓе. Љубомора, злоба, завист.",yes
clips/7649371967849549077_000010.wav,7649371967849549077.mp4,47.66,50.76,3.1,"Есе да знаш што да ја прави вемеропругата, требаше ЕСДС да ја прави.","Е сега зашто да ја прави ВМРО, требаше ЕСДЕС да ја прави.",yes
clips/7649371969657294100_000000.wav,7649371969657294100.mp4,0.0,3.14,3.14,"Има еден случај, за кој што ми е тешко да зборам,","Има еден случај, за кој што ми е тешко да зборам,",no
clips/7649371969657294100_000001.wav,7649371969657294100.mp4,3.22,5.4,2.18,"затоа што е многу трогателен случај,","затоа што е многу трогателен случај,",no
clips/7649371969657294100_000002.wav,7649371969657294100.mp4,5.4,9.44,4.04,"а тој е случајот со момчето, чие што органи беа донирани","а тој е случајот со момчето, чие што органи беа донирани",no
clips/7649371969657294100_000003.wav,7649371969657294100.mp4,10.1,15.16,5.06,"минатата недела, Вечна Муслава, загина во Собракена Незгода.","минатата недела, вечна му слава, загина во сообраќајна незгода.",yes
clips/7649371969657294100_000004.wav,7649371969657294100.mp4,15.54,19.3,3.76,"Тој е младо дете, чие што семејство одлучило да ги донири","Тој е младо дете, чие што семејство одлучило да ги донира",yes
clips/7649371969657294100_000005.wav,7649371969657294100.mp4,19.3,21.72,2.42,неговите органи за да се спасат повеќе животи.,неговите органи за да се спасат повеќе животи.,no
clips/7649371969657294100_000006.wav,7649371969657294100.mp4,21.84,23.84,2.0,"Наместо да му е лесните на семејството,","Наместо да му олесните на семејството,",yes
clips/7649371969657294100_000007.wav,7649371969657294100.mp4,24.44,26.6,2.16,"зборам сега Министерството за Здравство,","зборам сега Министерството за Здравство,",no
clips/7649371969657294100_000008.wav,7649371969657294100.mp4,26.6,31.64,5.04,"АД, Бутел, МВР, обвинителство, дополнително ги ставате","АД, Бутел, МВР, обвинителство, дополнително ги ставате",no
clips/7649371969657294100_000009.wav,7649371969657294100.mp4,31.64,36.32,4.68,да поминуваат низ дополнителна голгота и ги изложувате,да поминуваат низ дополнителна голгота и ги изложувате,no
clips/7649371969657294100_000010.wav,7649371969657294100.mp4,36.32,39.74,3.42,дополнително на трошуци. Дарител на органи и неговото семејство,дополнително на трошоци. Дарител на органи и неговото семејство,yes
clips/7649371969657294100_000011.wav,7649371969657294100.mp4,39.74,45.34,5.6,"се ослободени од било какви давачки, по однос на погреби и така надаку.","се ослободени од било какви давачки, по однос на погреби и така натаму.",yes
clips/7649371969657294100_000012.wav,7649371969657294100.mp4,45.48,49.22,3.74,"За семејство кое што се одлучило на оваков потек,","За семејство кое што се одлучило на ваков потег,",yes
clips/7649371969657294100_000013.wav,7649371969657294100.mp4,49.36,52.24,2.88,државата треба да има посебен третман.,државата треба да има посебен третман.,no
clips/7649371969657294100_000014.wav,7649371969657294100.mp4,52.38,56.52,4.14,"Не, чекай не е завршен записникот, пак е видиме, пак е ово.","Не, чекај не е завршен записникот, па ќе видиме, па ќе ова...",yes
clips/7649371969657294100_000015.wav,7649371969657294100.mp4,56.6,62.9,6.3,"Увидот и записникот од Увид за во оваков случај би требало да биде готов за 24 саати,","Увидот и записникот од Увид за ваков случај би требало да биде готов за 24 саати,",yes
clips/7649371969657294100_000016.wav,7649371969657294100.mp4,63.02,65.82,2.8,а за 48 саати да биде поднесено обвинение.,а за 48 саати да биде поднесено обвинение.,no
clips/7649371969657294100_000017.wav,7649371969657294100.mp4,66.06,71.42,5.36,"Не да чекате дали ќе има врски, па дали ќе се јави тој некој на ова,","Не да чекате дали ќе има врски, па дали ќе се јави тој некој на ова,",no
clips/7649371969657294100_000018.wav,7649371969657294100.mp4,71.5,75.52,4.02,"да не било некој врвр, па да фатите ше има некој врски.","да не било некој врвр, па да фатите шема некој врски.",yes
clips/7649371969657294100_000019.wav,7649371969657294100.mp4,75.62,76.66,1.04,"Не, тука нема врски.","Не, тука нема врски.",no
clips/7649371969657294100_000020.wav,7649371969657294100.mp4,77.08,79.86,2.78,Испративме денес прашање до Министерството за Матерични Работи,Испративме денес прашање до Министерството за внатрешни работи,yes
clips/7649371969657294100_000021.wav,7649371969657294100.mp4,79.86,81.84,1.98,и дојавнато обвинителство за овој случај докаде е.,и до јавното обвинителство за овој случај до каде е.,yes
clips/7649371969657294100_000022.wav,7649371969657294100.mp4,81.92,84.38,2.46,И да знаете да ја ќе го следиме случајот во тблиску.,И да знаете дека ќе го следиме случајов од блиску.,yes
clips/7649371969657294100_000023.wav,7649371969657294100.mp4,84.38,88.06,3.68,"Олеснете му на семејството, извадете ја правдата на Виделина","Олеснете му на семејството, извадете ја правдата на виделина,",yes
clips/7649371969657294100_000024.wav,7649371969657294100.mp4,88.06,91.12,3.06,и ја веѓа напел до председателката на ова семејство,"И еве еден апел до претседателката, на ова семејство",yes
clips/7649371969657294100_000025.wav,7649371969657294100.mp4,91.12,93.76,2.64,"да му додели, може би треба да му додели орден.","да му додели, можеби треба да му додели орден.",yes
clips/7649371969657294100_000026.wav,7649371969657294100.mp4,93.86,95.42,1.56,Бидејќи е еден позитивен пример.,Бидејќи е еден позитивен пример.,no
clips/7649371969657294100_000027.wav,7649371969657294100.mp4,95.58,98.24,2.66,Во целата трагедија е позитивен пример.,Во целата трагедија е позитивен пример.,no
clips/7649371969657294100_000028.wav,7649371969657294100.mp4,98.4,100.1,1.7,Пет-шест животи мислам дека спасе.,Пет-шест животи мислам дека спаси.,yes
clips/7649371969657294100_000030.wav,7649371969657294100.mp4,100.22,101.9,1.68,Пет-шест различни случаи.,Пет-шест различни случаи.,no
clips/7649371969657294100_000031.wav,7649371969657294100.mp4,102.1,104.2,2.1,"Би требало, ако ништо, во најмала рака председателката","Би требало, ако ништо, во најмала рака председателката",no
clips/7649371969657294100_000032.wav,7649371969657294100.mp4,104.2,107.2,3.0,"да се заложи, ако им треба контакт, кај им одадам контактот,","да се заложи, ако им треба контакт, ќе им го дадам контактот.",yes
clips/7649371969657294100_000033.wav,7649371969657294100.mp4,107.2,110.06,2.86,едно признание за државата да даде нова семестра.,едно признание државата да даде на ова семејство.,yes
clips/7651642155898785032_000000.wav,7651642155898785032.mp4,0.0,3.46,3.46,Најлоша работа што можеш да кажеш на некој што сака добра слика е,Најлоша работа што можеш да кажеш на некој што сака добра слика е,no
clips/7651642155898785032_000001.wav,7651642155898785032.mp4,3.46,4.92,1.46,само застани и позирай.,само застани и позирај.,yes
clips/7651642155898785032_000002.wav,7651642155898785032.mp4,5.14,9.48,4.34,Затоа што сите знаеме дека најдобрите фотки никогаш не изгледат наместено.,Затоа што сите знаеме дека најдобрите фотки никогаш не изгледат наместено.,no
clips/7651642155898785032_000003.wav,7651642155898785032.mp4,9.56,13.36,3.8,"Тие се случуваат додека се движиш, додека не мислиш на камерата.","Тие се случуваат додека се движиш, додека не мислиш на камерата.",no
clips/7651642155898785032_000004.wav,7651642155898785032.mp4,13.58,17.52,3.94,"Епа се новија Чајоми 17, те не ти е потребна совршена поза.","Ете со новиот Шаоми 17, не ти е потребна совршена поза.",yes
clips/7651642155898785032_000005.wav,7651642155898785032.mp4,17.54,21.18,3.64,"Ти треба само миг, што трае доволно кратко за да биде реален момент","Ти треба само миг, што трае доволно кратко за да биде реален момент",no
clips/7651642155898785032_000006.wav,7651642155898785032.mp4,21.18,23.86,2.68,и камера доволно брзо за да го пати истиот.,и камера доволно брзо за да го пати истиот.,no
clips/7651642155898785032_000007.wav,7651642155898785032.mp4,24.02,29.46,5.44,"Ако си како мене и цел ден се снимаш, сликаш, скролаш, пак се снимаш,","Ако си како мене и цел ден се снимаш, сликаш, скролаш, пак се снимаш,",no
clips/7651642155898785032_000008.wav,7651642155898785032.mp4,29.46,31.46,2.0,што ова е делот што најмногу ке ти се допадне.,што ова е делот што најмногу ке ти се допадне.,no
clips/7651642155898785032_000009.wav,7651642155898785032.mp4,31.56,34.06,2.5,"Батеријата трае цел ден, така да не мора полночет","Батеријата трае цел ден, така да не мора полначот",yes
clips/7651642155898785032_000010.wav,7651642155898785032.mp4,34.06,36.22,2.16,да го носиш со себе секаде кај што ќе одиш.,да го носиш со себе секаде кај што ќе одиш.,no
clips/7651642155898785032_000011.wav,7651642155898785032.mp4,36.26,38.74,2.48,"И уште нешто, ако го земеш до 28. июни,","И уште нешто, ако го земеш до дваесет и осми јуни,",yes
clips/7651642155898785032_000012.wav,7651642155898785032.mp4,38.78,39.8,1.02,добиваш и подорог.,добиваш и подарок.,yes
clips/7651642155898785032_000013.wav,7651642155898785032.mp4,40.64,42.68,2.04,"Значи, телефон што ги факе моментите","Значи, телефон што ги фаќа моментите",yes
clips/7651642155898785032_000014.wav,7651642155898785032.mp4,42.68,45.3,2.62,и подорог што ги собира трошките последни.,и подарок што ги собира трошките после нив.,yes
clips/7651642155898785032_000015.wav,7651642155898785032.mp4,45.48,47.72,2.24,Шејоми 17Т со лейка објективи.,Шејоми 17Т со лејка објективи.,yes
clips/7651642155898785032_000016.wav,7651642155898785032.mp4,47.74,50.06,2.32,"Не позирай, слободно движе се.","Не позирај, слободно движи се.",yes
clips/7659733710522109202_000000.wav,7659733710522109202.mp4,0.0,3.98,3.98,Сега ме носиш таму тегуштарите на Пио Кафе.,Сега ме носеш таму кај гуштерите да пијам кафе.,yes
clips/7659733710522109202_000001.wav,7659733710522109202.mp4,4.2,6.76,2.56,Значи има добри ревјус на Гугл.,Значи има добри ревјус на Гугл.,yes
clips/7659733710522109202_000003.wav,7659733710522109202.mp4,7.58,9.74,2.16,Одеме у Зул Кафе.,Одеме у зу кафе.,yes
clips/7659733710522109202_000004.wav,7659733710522109202.mp4,9.82,11.98,2.16,"Погодите, кој го нејде Зул Кафе? Одна сајца.","Погодите, кој го нејде Зу Кафе? од нас двајца.",yes
clips/7659733710522109202_000007.wav,7659733710522109202.mp4,21.35,23.69,2.34,"Јао, види и маче спија јао на драка.",види и маче спиe унтре.,yes
clips/7659733710522109202_000008.wav,7659733710522109202.mp4,23.79,25.93,2.14,"Чека, ако нека им кажам дека сум инфуенсарка.","Чекај, ако не ќе им кажам дека сум инфлуенсерка.",yes
clips/7659733710522109202_000009.wav,7659733710522109202.mp4,27.03,32.06,5.03,На секоја маса имат најстојата овјага шпана.,На секоја маса имаат нешто јас тоа сеа го сфана.,yes
clips/7659733710522109202_000010.wav,7659733710522109202.mp4,32.16,33.16,1.0,Тука имат бисер.,Тука има гуштер.,yes
clips/7671331711338253575_000000.wav,7671331711338253575.mp4,1.42,3.24,1.82,"Ало, Бобружо.",Ало Баба Ружо.,yes
clips/7671331711338253575_000002.wav,7671331711338253575.mp4,4.4,9.44,5.04,Да бе замаху таа твојта книга да правам таа торта ти што сега праваш многу.,Абе земах од таа твојта книга да правам торта ти што си га праваш многу.,yes
clips/7671331711338253575_000004.wav,7671331711338253575.mp4,10.24,15.31,5.07,"И саа, турих кафеен филджан пише. Млеко.","И саа, турих кафеен филџан пише. Млеко.",yes
clips/7671331711338253575_000005.wav,7671331711338253575.mp4,15.67,17.19,1.52,Арно имах кафеен де.,Арно имах кафеен де.,no
clips/7671331711338253575_000006.wav,7671331711338253575.mp4,17.53,23.34,5.81,"Турих пише к лажица, ваљда и она кафеена се мисля, ама немам кафеена лажица.","Турих, пише к лажица, ваљда и она кафена се мисле, ама немам кафена лажица.",yes
clips/7671331711338253575_000008.wav,7671331711338253575.mp4,24.66,28.56,3.9,"И саа, туку пише одоко брашно.","И саа, тука пише од око брашно.",yes
clips/7671331711338253575_000009.wav,7671331711338253575.mp4,28.56,32.04,3.48,К'о ме ја катао док'о брашно? Колку да турам?,Коо ме е таа мерка од око брашно? Колку да турам?,yes
clips/7671331711338253575_000010.wav,7671331711338253575.mp4,32.7,34.52,1.82,Те ми шта каса сте нова дума кинга?,Ти мислеш така се станува домаќинка?,yes
clips/7671331711338253575_000011.wav,7671331711338253575.mp4,34.6,36.94,2.34,"Зе ни проби тама, растрачки се у кујната,","Земи проби тама, растрчки се ѕ кујната!",yes
clips/7671331711338253575_000012.wav,7671331711338253575.mp4,37.0,38.68,1.68,ми ште е наготоло.,Мислеш се е на готово.,yes
clips/7671331711338253575_000013.wav,7671331711338253575.mp4,42.1,44.84,2.74,"Алло, Благија, слуши, ти си по ти модерните работи.","Ало Благе, слуши, ти си по тие модерните работи.",yes
clips/7671331711338253575_000014.wav,7671331711338253575.mp4,44.84,46.58,1.74,Дето се сака неколку хаче да напрам.,Децата сакаа некоо фокача да направам.,yes
clips/7671331711338253575_000015.wav,7671331711338253575.mp4,46.66,49.56,2.9,"Пише многу во 400 мл. вода, квасец,","Пише си многу убаво 400мл вода, квасец,",yes
clips/7671331711338253575_000016.wav,7671331711338253575.mp4,49.66,51.96,2.3,"сичко што треба тама, солци, зајтинче,","сичко што треба тама, солца, зејтинче,",yes
clips/7671331711338253575_000017.wav,7671331711338253575.mp4,52.06,55.58,3.52,"ама пише ту капс, два капсове или шо са тие,","ама пише ту капс, два капсуви ли шо се тие,",yes
clips/7671331711338253575_000018.wav,7671331711338253575.mp4,55.66,58.2,2.54,од брашно. Колку е два капсове?,брашно. Колку е два капсове?,yes
clips/7671331711338253575_000019.wav,7671331711338253575.mp4,58.2,61.36,3.16,"Е, е, удоко Бобороджо, удоко.","Е, е, уд око Баба Ружо, уд око.",yes
clips/7671331711338253575_000020.wav,7671331711338253575.mp4,62.92,64.48,1.56,"Кажаме ги саа, залепеме ги.","Кажа ми га саа, залепи ми га..",yes
clips/7671331711338253575_000021.wav,7671331711338253575.mp4,64.88,66.0,1.12,"Да, така да.",ааа така де.,yes
clips/7679118148963978517_000000.wav,7679118148963978517.mp4,0.02,5.4,5.38,Дата центрите се еднината на човештвото и владата ќе го преземе институционалниот ризик и ќе ги изгради.,Дата центрите се иднината на човештвото и владата ќе го превземе институционалниот ризик и ќе ги изгради.,yes
clips/7679118148963978517_000001.wav,7679118148963978517.mp4,5.68,10.64,4.96,"Струјата ќе плаки оној што ќе ја троши, а во денашно време има многу бројни начини за ладење на овие центри,","Струјата ќе плаќа оној што ќе ја троши, а во денешно време има многу бројни начини за ладење на овие центри,",yes
clips/7679118148963978517_000002.wav,7679118148963978517.mp4,10.68,15.66,4.98,"били премирот Мицкоске. Македонија треба да одлучи дали сака да биде лидер во регионот или на дното,","вели премиерот Мицкоски. Македонија треба да одлучи дали сака да биде лидер во регионот или на дното,",yes
clips/7679118148963978517_000003.wav,7679118148963978517.mp4,15.74,17.96,2.22,но од оваа индустрија владата нема да се откажа.,но од оваа индустрија владата нема да се откаже.,yes
clips/7679118148963978517_000004.wav,7679118148963978517.mp4,30.02,53.35,23.33,"и тука, сакам да кажам, дека они испраќаат пораки кои што се стари 10, 15, 20 години, има сосема по инакви начини на наладење, во зависност од намената на тие дата центари, дали тие ќе се користат за вешточка интелигенција или за други цели, но исто така сакам и една друга работа да ја кажам, која што до сега многу малку се комуницира, ние во државата имаме дата центар,","и тука сакам да кажам, дека они испраќаат пораки кои што се стари десет, петнаесет, дваесет години,има сосема поинакви начини на ладење, во зависност од намената на тие дата центри, дали тие ќе се користат за вештачка интелигенција или за други цели, но исто така сакам и една друга работа да ја кажам, која што досега многу малку се комуницира, ние во државата имаме дата центар,",yes
clips/7679118148963978517_000005.wav,7679118148963978517.mp4,54.02,64.24,10.22,"Ние имаме дата центар во Прилеп, но тој дата центар е практично секундарен или дата центар кој што ние го нарекуваме рекавари дата центар.","Ние имаме дата центар во Прилеп, но тој дата центар е практично секундарен или дата центар кој што ние го нарекуваме рекавари дата центар.",no
clips/7679118148963978517_000006.wav,7679118148963978517.mp4,75.02,79.98,4.96,"Сега, секоја институција од сайбер напади се брани како знае и уме.","Сега, секоја институција од сајбер напади се брани како знае и умее.",yes
clips/7679118148963978517_000007.wav,7679118148963978517.mp4,79.98,86.42,6.44,"А потоа, тој примарен датацентар ќе го поврзаме со веќе постоечкиот секундарен датацентар,","А потоа, тој примарен датацентар ќе го поврзиме со веќе постоечкиот секундарен дата центар,",yes
clips/7679118148963978517_000008.wav,7679118148963978517.mp4,86.42,88.76,2.34,"кој што е во Прилепско, за да имаме заштита.","кој што е во Прилепско, за да имаме заштита.",no
clips/7679118148963978517_000009.wav,7679118148963978517.mp4,89.04,94.7,5.66,"Ако не да е боже настане, би рекол, упад во системот на интероперабилност,","Ако не дај боже настане, би рекол, упад во системот на интероперабилност,",yes
clips/7679118148963978517_000010.wav,7679118148963978517.mp4,94.8,98.84,4.04,да можеме преко секундарниот датацентар да ги заштитиме податоците.,да можеме преку секундарниот датацентар да ги заштитиме податоците.,yes
clips/7679118148963978517_000011.wav,7679118148963978517.mp4,99.04,102.5,3.46,Од опозицијската сада сама вела дека немаат ништо против инвестиција,Од опозицијската сдсм велат дека немаат ништо против инвестиции,yes
clips/7679118148963978517_000012.wav,7679118148963978517.mp4,102.5,104.86,2.36,"кои носат развој, работни места и нови технологии.","кои носат развој, работни места и нови технологии.",no
clips/7679118148963978517_000013.wav,7679118148963978517.mp4,104.96,107.56,2.6,"Но инвестицијите мора да бидат во интерес на Македонија,","Но инвестициите мора да бидат во интерес на Македонија,",yes
clips/7679118148963978517_000014.wav,7679118148963978517.mp4,107.56,110.94,3.38,а не ресурсите на Македонија да се стават во функција на тоги профити.,а не ресурсите на Македонија да се стават во функција на туѓи профити.,yes
clips/7679118148963978517_000015.wav,7679118148963978517.mp4,111.16,114.42,3.26,Мицкоски не кажува колку струје и колку вода ке трошат датацентрите.,Мицкоски не кажува колку струја и колку вода ќе трошат дата центрите.,yes
clips/7679118148963978517_000016.wav,7679118148963978517.mp4,114.58,117.62,3.04,Не кажува дека земјоделците може да немаат вода за нивите,Не кажува дека земјоделците може да немаат вода за нивите,no
clips/7679118148963978517_000017.wav,7679118148963978517.mp4,117.62,120.14,2.52,и дека грагјаните ке плакјат по висока цена за струјата.,и дека граѓаните ќе плаќаат повисока цена за струјата.,yes
clips/7679118148963978517_000018.wav,7679118148963978517.mp4,120.64,123.52,2.88,"Македонија нема ресурси за експерименти зад затворени врати,","Македонија нема ресурси за експерименти зад затворени врати,",no
clips/7679118148963978517_000019.wav,7679118148963978517.mp4,123.58,124.86,1.28,особено не со водата.,особено не со водата.,no
clips/7679118148963978517_000020.wav,7679118148963978517.mp4,125.12,128.06,2.94,Во држава во која грагјаните веќе се соочуваат со проблеми,Во држава во која граѓаните веќе се соочуваат со проблеми,yes
clips/7679118148963978517_000021.wav,7679118148963978517.mp4,128.06,131.16,3.1,"со водоснабдувањето, загадени реки и труење во Гостевар.","со водоснабдувањето, загадени реки и труење во Гостевар.",no
clips/7679118148963978517_000022.wav,7679118148963978517.mp4,131.24,134.56,3.32,Властта планира огромни потрошувачки на вода без да ги објави,Власта планира огромни потрошувачки на вода без да ги објави,yes
clips/7679118148963978517_000023.wav,7679118148963978517.mp4,134.56,137.14,2.58,основните анализи. Истото важи и за струјата.,основните анализи. Истото важи и за струјата.,no
clips/7679118148963978517_000024.wav,7679118148963978517.mp4,137.48,140.66,3.18,Македонија нема стабелен енергетски систем за Мицкоски однапред,Македонија нема стабилен енергетски систем за Мицкоски однапред,yes
clips/7679118148963978517_000025.wav,7679118148963978517.mp4,140.66,144.64,3.98,да ветува државни ресурси без јавност да знае колку ке чини тоа,да ветува државни ресурси без јавноста да знае колку ке чини тоа,yes
clips/7679118148963978517_000026.wav,7679118148963978517.mp4,144.64,147.54,2.9,и кој ке оплати сметката. Ова не е стратегија за развој,и кој ке плати сметката. Ова не е стратегија за развој,yes
clips/7679118148963978517_000027.wav,7679118148963978517.mp4,147.54,150.76,3.22,"туку опасно коцкане со водата, струјата и земјата на граѓаните,","туку опасно коцкање со водата, струјата и земјата на граѓаните,",yes
clips/7679118148963978517_000028.wav,7679118148963978517.mp4,150.88,152.42,1.54,велат од Опозицијската партија.,велат од Опозициската партија.,yes
clips/7679118148963978517_000029.wav,7679118148963978517.mp4,153.1,157.26,4.16,"Премирот, вчера Сообштите КВК се преговара со 5 до 6 потенциални инвеститори",Премиерот вчера соопшти дека веќе се преговара со пет до шест потенцијални инвеститори,yes
clips/7679118148963978517_000030.wav,7679118148963978517.mp4,157.26,159.18,1.92,за изградба на дата центри во Македонија.,за изградба на дата центри во Македонија.,no
clips/7679484792164912391_000000.wav,7679484792164912391.mp4,0.02,5.96,5.94,Од 1. септември тргнува градски одвоз од Зелениково до Централната железничка станица во Скопје.,"Од 1. септември тргнува градскиот воз, од Зелениково до Централната железничка станица во Скопје.",yes
clips/7679484792164912391_000001.wav,7679484792164912391.mp4,6.04,12.0,5.96,"Возовите ке се обраќаат 8 пати дневно во двата правци, а ке се патува околу 25 минути.","Возовите ке се обраќаат 8 пати дневно во двата правци, а ќе се патува околу 25 минути.",yes
clips/7679484792164912391_000002.wav,7679484792164912391.mp4,12.54,19.72,7.18,"Првиот воз од Зелениково ке тргнува во 6.20, а последниот ке пристигнува на железничката во Скопје во 20.19.","Првиот воз од Зелениково ке тргнува во 6.20, а последниот ќе пристигнува на железничката во Скопје во 22:19",yes
clips/7679484792164912391_000003.wav,7679484792164912391.mp4,20.88,26.26,5.38,"На патот кон Скопје, возот ке застанува на станиците Орешани, Јанесандански, Драчево и Лисиче.","На патот кон Скопје, возот ке застанува на станиците Орешани, Јане Сандански, Драчево и Лисиче.",yes
clips/7679484792164912391_000004.wav,7679484792164912391.mp4,26.26,30.18,3.92,"Во обратен правец, првиот воз од Скопје ке тргнува во 5.32,","Во обратен правец, првиот воз од Скопје ке тргнува во 5.32,",no
clips/7679484792164912391_000005.wav,7679484792164912391.mp4,30.54,34.2,3.66,а последниот ке пристигнува во Зелениково во 21.20.,а последниот ке пристигнува во Зелениково во 21.20.,no
clips/7679484792164912391_000006.wav,7679484792164912391.mp4,35.04,39.26,4.22,"Цената на билетот за едно возање во еден правец ке биде 40 денари,","Цената на билетот за едно возење во еден правец ќе биде 40 денари,",yes
clips/7679484792164912391_000007.wav,7679484792164912391.mp4,39.32,41.14,1.82,додека повратниот билет ке чини 70.,додека повратниот билет ке чини 70.,no
clips/7679484792164912391_000008.wav,7679484792164912391.mp4,42.24,44.84,2.6,"За редовните патници ке има и месечен билет,","За редовните патници ке има и месечен билет,",no
clips/7679484792164912391_000009.wav,7679484792164912391.mp4,44.86,46.8,1.94,чија цена е 1040 денари.,чија цена е 1040 денари.,no
clips/7679484792164912391_000010.wav,7679484792164912391.mp4,47.02,49.72,2.7,"Нашите и техниќки екипи се спремни,","Нашите и технички екипи се спремни,",yes
clips/7679484792164912391_000011.wav,7679484792164912391.mp4,49.78,52.74,2.96,"ганитурите се ке биде спремни за првата фаза,","гарнитурите ќе бидат спремни за првата фаза,",yes
clips/7679484792164912391_000012.wav,7679484792164912391.mp4,52.74,61.67,8.93,"така да главниот фокус ќе го постигнеме, а тоа е да отпори да се по првата фаза на градски воз","така да главниот фокус ќе го постигнеме, а тоа е да од први да се почне со првата фаза на градски воз",yes
clips/7679484792164912391_000013.wav,7679484792164912391.mp4,61.67,69.83,8.16,"и пресе главниот фокус кон помладите, односно кон срешколците, студентите и источни.","и пред се главниот фокус кон помладите, односно кон средношколците, студентите и слично.",yes
clips/7679484792164912391_000014.wav,7679484792164912391.mp4,70.12,75.56,5.44,Кошутиќ вели дека го разгледували возниот ред на ЈСП за автобусите и ги усогласиле двете врски.,Кошутиќ вели дека го разгледувале и возниот ред на ЈСП за автобусите и ги усогласиле двете врски.,yes
clips/7679484792164912391_000015.wav,7679484792164912391.mp4,76.16,83.02,6.86,"Целта е ако некој со воз пристигне на Железничка и треба да продолжи со автобус или обратно, да нема долго чекање.","Целта е ако некој со воз пристигне на Железничка и треба да продолжи со автобус или обратно, да нема долго чекање.",no
clips/7679484792164912391_000016.wav,7679484792164912391.mp4,83.02,88.74,5.72,Називаме и возниот ред на ЈСП така да не оскоптуваме повеќе од плюс-минус 5 минути.,Направивме и возен ред со ЈСП така да нема отстапување повеќе од плус-минус пет минути.,yes
clips/7679484792164912391_000017.wav,7679484792164912391.mp4,113.05,115.95,2.9,"Много е по-елегантно, по-комодно.","Многу е поелегантно, покомотно.",yes
clips/7679484792164912391_000018.wav,7679484792164912391.mp4,116.29,117.57,1.28,Мислам дека дека има интерес.,Мислам дека дека има интерес.,no
clips/7679484792164912391_000019.wav,7679484792164912391.mp4,118.69,119.69,1.0,Вие би користеле?,Вие би користеле?,no
clips/7679484792164912391_000020.wav,7679484792164912391.mp4,120.29,121.47,1.18,"Секако, се разбира.","Секако, се разбира.",no
clips/7679484792164912391_000021.wav,7679484792164912391.mp4,121.67,123.85,2.18,Дека дека ќе се растерете малку автокомпанија?,Дека дека ќе се растерете малку,yes
clips/7679484792164912391_000022.wav,7679484792164912391.mp4,123.87,125.69,1.82,"Може би, не знам, може би, зашто да не?","Можеби, не знам, можеби, зашто да не?",yes
clips/7679484792164912391_000024.wav,7679484792164912391.mp4,127.65,129.23,1.58,"Зашто да не, ќе биде.","Зашто да не, ќе биде.",no
clips/7679484792164912391_000025.wav,7679484792164912391.mp4,129.51,131.71,2.2,"Ако има интерес, биде, треба да се проба.","Ако има интерес, треба да се проба.",yes
clips/7679484792164912391_000026.wav,7679484792164912391.mp4,132.23,134.29,2.06,"Ако има интерес, добро, ако не, ќе се мухинеме.","Ако има интерес, добро, ако не, ќе се укине.",yes
clips/7679484792164912391_000027.wav,7679484792164912391.mp4,134.59,136.79,2.2,Линијата Зелениково-Скопје е само првата,Линијата Зелениково-Скопје е само првата,no
clips/7679484792164912391_000028.wav,7679484792164912391.mp4,136.79,139.29,2.5,од планираните три делници на проектот Градски воз.,од планираните три делници на проектот Градски воз.,no
clips/7679484792164912391_000029.wav,7679484792164912391.mp4,139.29,142.37,3.08,"Според најавите, втората делница треба да го поврзе","Според најавите, втората делница треба да го поврзе",no
clips/7679484792164912391_000030.wav,7679484792164912391.mp4,142.37,146.47,4.1,Миладиновци и Линдени Маджари со Централната железничка станица во Скопје.,Миладиновци и Илинден со Маџари и Централната железничка станица во Скопје.,yes
clips/7679484792164912391_000031.wav,7679484792164912391.mp4,147.09,149.49,2.4,Додека третата ке се протега од Железничка,Додека третата ке се протега од Железничка,yes
clips/7679484792164912391_000032.wav,7679484792164912391.mp4,149.49,151.89,2.4,"преку Скопје Севери, Гјорче Петров до Волково.","преку Скопје север, Ѓорче Петров до Волково.",yes
clips/7679768664425450753_000000.wav,7679768664425450753.mp4,0.24,1.98,1.74,Му бараат мала палачинка.,Ми бараат мала палачинка.,yes
clips/7679768664425450753_000001.wav,7679768664425450753.mp4,2.14,4.98,2.84,Мала? Ние немаме мала палачинка.,Мала? Ние немаме мала палачинка.,no
clips/7679768664425450753_000002.wav,7679768664425450753.mp4,5.06,7.76,2.7,"Еве, зошто веќе не правиме сецкани палачинки?","Еве, зошто веќе не правиме сецкани палачинки?",no
clips/7679768664425450753_000003.wav,7679768664425450753.mp4,7.92,10.88,2.96,Оваа палачинка не е помала од оваа палачинка.,Оваа палачинка не е помала од оваа палачинка.,no
clips/7679768664425450753_000004.wav,7679768664425450753.mp4,10.9,13.78,2.88,Луѓето едноставно обожаваа сецкани палачинки.,Луѓето едноставно обожаваа сецкани палачинки.,no
clips/7679768664425450753_000005.wav,7679768664425450753.mp4,13.86,17.56,3.7,"Можеа да јадат палачинки дорека пешачат, дорека возат кола.","Можеа да јадат палачинки додека пешачат, додека возат кола.",yes
clips/7679768664425450753_000006.wav,7679768664425450753.mp4,17.92,20.72,2.8,Секогаш и тогаш се појавија експертите.,Секогаш и тогаш се појавија експертите.,no
clips/7679768664425450753_000007.wav,7679768664425450753.mp4,20.84,22.52,1.68,Помала е! Не е како на видеото!,Помала е! Не е како на видеото!,no
clips/7679768664425450753_000008.wav,7679768664425450753.mp4,22.76,24.58,1.82,И престанавме да ги правиме.,И престанавме да ги правиме.,no
clips/7679768664425450753_000009.wav,7679768664425450753.mp4,24.68,27.72,3.04,И сега луѓето се лутат. Ние сме сакале да ги сецкаме.,И сега луѓето се лутат. Не сме сакале да ги сецкаме.,yes
clips/7679768664425450753_000010.wav,7679768664425450753.mp4,27.72,29.28,1.56,А да ги вратиме?,А да ги вратиме?,no
clips/7679768664425450753_000011.wav,7679768664425450753.mp4,29.4,32.56,3.16,"И така, решивме од 1 сетембри сецкани палачинки,","И така, решивме од 1 сетември сецкани палачинки,",yes
clips/7679768664425450753_000012.wav,7679768664425450753.mp4,32.66,34.72,2.06,повторно достапни во сите наши локации.,повторно достапни во сите наши локации.,no
clips/domdrj3cspx_000000.wav,DOMDrJ3CspX.mp4,0.0,5.74,5.74,Најверојатно веќе го имаш видено овај горстен ензимски пилинг кој е вирален на ТикТок и денеска конечно го пробувам.,Најверојатно веќе го имаш видено овај горстен ензимски пилинг кој е вирален на ТикТок и денеска конечно го пробувам.,no
clips/domdrj3cspx_000001.wav,DOMDrJ3CspX.mp4,5.74,16.88,11.14,"Значи ово не е обичен пилинг, содрже 3% килибарна киселина и ензим промелаин, што значи дека нежно ги раствара мртвите клетки, го изедначува тено и помага кај акни, хиперпигментација и цранки.","Значи овоа не е обичен пилинг, содржи три проценти ќилибарна киселина и ензим бромелаин, што значи дека нежно ги раствора мртвите клетки, го изедначува тенот и помага кај акни, хиперпигментација и црнки.",yes
clips/domdrj3cspx_000002.wav,DOMDrJ3CspX.mp4,17.16,23.74,6.58,"Безбеден е за сите типови кожа, значи за сува, мрсна, мешовита, па дури за чувствителна, а може да го користат дури и трудници.","Безбеден е за сите типови кожа, значи за сува, мрсна, мешовита, па дури за чувствителна, а може да го користат дури и трудници.",no
clips/domdrj3cspx_000003.wav,DOMDrJ3CspX.mp4,23.74,35.36,11.62,"Ева како се користе, најпрвен го чистеш лицето нормално, после нанесуваш тенок слојот пилинго, насува или малку на влажнета кожа и избегнуваш областта оголочите. Оставаш да делува 15-30 минути, додека ензимите ја прават својата магија.","Еве како се користе, најпрвин го чистеш лицето нормално, после нанесуваш тенок слој од пилингот, на сува или на малку навлажнета кожа и избегнуваш ја областа околу очите. Оставаш да делува 15-30 минути, додека ензимите ја прават својата магија.",yes
clips/domdrj3cspx_000004.wav,DOMDrJ3CspX.mp4,35.36,42.54,7.18,"После изплакнуваш и нанесуваш хидратантен серум и крема, како што можеш да видиш мојата е веќе при крај и ми е умилена за секогаш, if you know, you know.","После изплакнуваш и нанесуваш хидратантен серум и крема, како што можеш да видиш мојата е веќе при крај и ми е омилена засекогаш, if you know, you know.",yes
clips/domdrj3cspx_000005.wav,DOMDrJ3CspX.mp4,42.64,48.6,5.96,"Ено и за чувствителна кожа, доволно е да окуристаш пилинго само еднашка неделно, а за нормална до мрсна кожа, од 2 до 3 пати неделно.","За чувствителна кожа, доволно е да го користеш пилингот само еднашка неделно, а за нормална до мрсна кожа, 2 до 3 пати неделно.",yes
clips/domdrj3cspx_000006.wav,DOMDrJ3CspX.mp4,48.62,57.12,8.5,"И за крај, не забравјај, фактор за лице следниот ден, обовезно за тоа што кожата ќе биде екстра свежа и блескава, но и по чувствителна солнце, за тоа што сепак станува збор за ензимски пилинг.","И за крај, не заборавај, фактор за лице следниот ден, обавезно за тоа што кожата ќе биде екстра свежа и блескава, но и почувствителна на сонце, за тоа што сепак станува збор за ензимски пилинг.",yes
clips/domdrj3cspx_000007.wav,DOMDrJ3CspX.mp4,57.12,63.82,6.7,"Искрено, кожата изгледа толку мазна и освежена после ово и сега почнува да ми се разјаснува за што сите беа пседнати со ова ензински пилинг.","Искрено, кожата изгледа толку мазна и освежена после ова и сега почнува да ми се разјаснува за што сите беа опседнати со овој ензимски пилинг.",yes
clips/do_hhbydme9_000000.wav,DO_hHbyDME9.mp4,0.11,6.31,6.2,"Ах, доме, сладок доме. А и некој веќе, знаете, мене најубаво ми е кога сум дома опуштена во мојата комфорна зона.","Ах, доме, сладок доме. А инаку вие веќе знаете мене најубаво ми е кога сум дома опуштена во мојата комфорна зона.",yes
clips/do_hhbydme9_000001.wav,DO_hHbyDME9.mp4,6.47,9.49,3.02,"Сега сети имат по некоја хобија, имам и јас да скролам мебел.","Е сега сите имаат по некое хоби, имам и јас, да скролам мебел.",yes
clips/do_hhbydme9_000002.wav,DO_hHbyDME9.mp4,9.99,14.15,4.16,"Иако скоро целиот мој дом е оприхмен од Вели Ахом, секогаш нешто ми хаја.","Иако скоро целиот мој дом е опремен од Велеа Хоум, секогаш нешто ми фали.",yes
clips/do_hhbydme9_000003.wav,DO_hHbyDME9.mp4,14.15,16.57,2.42,"Знаете како викаат, ново парче, нова енергија.","Знаете како викаат, ново парче, нова енергија.",no
clips/do_hhbydme9_000005.wav,DO_hHbyDME9.mp4,18.73,22.89,4.16,"Страната им е толку богата, организирана и функционална, што секогаш ми дават некоја избирација.","Страната им е толку богата, организирана и функционална, што секогаш ми дава некоја инспирација.",no
clips/do_hhbydme9_000006.wav,DO_hHbyDME9.mp4,22.95,25.67,2.72,"Например, оваа масичка одлично ќе се вклопите и моите дома.","На пример, оваа масичка одлично ќе се вклопи кај моите дома.",yes
clips/do_hhbydme9_000007.wav,DO_hHbyDME9.mp4,25.95,30.45,4.5,"Но чекайте, кога нарачувате онлайн, посебно мебел, сигурно ви се појавуваат овие миси.","Но чекајте, кога нарачувате онлајн, посебно мебел, сигурно ви се појавуваат овие мисли.",no
clips/do_hhbydme9_000008.wav,DO_hHbyDME9.mp4,30.49,33.61,3.12,"Масичката на вебстраницата изгледа убава, ама дали е истата во живе?","Масичката на вебстраницата изгледа убава, ама дали е истата во живо?",no
clips/do_hhbydme9_000009.wav,DO_hHbyDME9.mp4,33.65,36.73,3.08,"На интернет секогаш се ја е совршена, ама не можеш на сите да им веруваш.","На интернет секогаш се е совршено, ама не можеш на сите да им веруваш.",yes
clips/do_hhbydme9_000010.wav,DO_hHbyDME9.mp4,36.85,38.05,1.2,"Јелена, сколаш.","Јелена, престани да скролаш.",no
clips/do_hhbydme9_000011.wav,DO_hHbyDME9.mp4,38.98,41.42,2.44,"Најбово е ти, драга наша, да додеш пене аз во салон,","Најубаво е ти, драга наша да дојдеш кај нас во салон",no
clips/do_hhbydme9_000012.wav,DO_hHbyDME9.mp4,41.42,43.58,2.16,Па да видиш дали производите не се исти на веб страната,Па да видиш дали производите ни се исти на веб страната,yes
clips/do_hhbydme9_000013.wav,DO_hHbyDME9.mp4,43.58,44.84,1.26,И овде во салонот,И овде во салонот,no
clips/do_hhbydme9_000014.wav,DO_hHbyDME9.mp4,44.84,46.0,1.16,"Ајде, дойдите, чекаме",Ајде дојди те чекаме,no
clips/do_hhbydme9_000015.wav,DO_hHbyDME9.mp4,46.0,47.54,1.54,И мене да не ми речеш два пати,И мене да не ми речеш два пати,no
clips/do_hhbydme9_000016.wav,DO_hHbyDME9.mp4,47.54,49.52,1.98,"Ама како, инако ке се увериме во квалитет","Ама како, инако ке се увериме во квалитет",no
clips/do_hhbydme9_000017.wav,DO_hHbyDME9.mp4,49.52,51.66,2.14,Сија најдов веднаш има сичката која што ми се допадна,Си ја најдов веднаш масичката која ми се допадна,no
clips/do_hhbydme9_000018.wav,DO_hHbyDME9.mp4,51.66,54.72,3.06,"И да ви кажам искрено, во живо е сто пати поубава",И да ви кажам искрено во живо е сто пати поубава,no
clips/do_hhbydme9_000019.wav,DO_hHbyDME9.mp4,54.72,57.5,2.78,Исто и оваа софа која што многу ми се допадна на Ливниот сайт,Исто и оваа софа која многу ми се допадна на нивниот сајт,no
clips/do_hhbydme9_000020.wav,DO_hHbyDME9.mp4,57.5,59.74,2.24,"Евеја, пре добра",ЕЕве јаа предобраа,no
clips/do_hhbydme9_000021.wav,DO_hHbyDME9.mp4,59.74,62.58,2.84,"И како што можете да видите, аз со љубопитност се прегледам",И како што можете да видите јас со љубопитност се прегледав,no
clips/do_hhbydme9_000022.wav,DO_hHbyDME9.mp4,62.58,63.94,1.36,Што значи дека тестот е положен,Што значи дека тестот е положен,no
clips/do_hhbydme9_000023.wav,DO_hHbyDME9.mp4,63.94,65.48,1.54,и слободно можете да си го нараќате,и слободно може да си го нарачате,no
clips/do_hhbydme9_000024.wav,DO_hHbyDME9.mp4,65.48,67.92,2.44,вашиот омилен производ преку нивната вебстраница.,вашиот омилен производ преку нивната вебстраница.,no
clips/do_hhbydme9_000026.wav,DO_hHbyDME9.mp4,68.9,70.7,1.8,Пажем ви дали ти рекол да дојдеш.,Кажи ми дали ти реков да дојдеш,yes
clips/do_hhbydme9_000027.wav,DO_hHbyDME9.mp4,70.8,72.82,2.02,И тоа важи за сите кои што се прашувате,И тоа важи за сите кои што се прашувате,no
clips/do_hhbydme9_000028.wav,DO_hHbyDME9.mp4,72.82,74.02,1.2,истото прашање како Јелена.,истото прашање како Јелена.,no
clips/do_hhbydme9_000029.wav,DO_hHbyDME9.mp4,74.1,75.76,1.66,Најубавај да дојдете кај нас во салон,Најубаво е да дојдете кај нас во салон,no
clips/do_hhbydme9_000030.wav,DO_hHbyDME9.mp4,75.76,78.72,2.96,и да се уверите лично во квалитетот на нашите производи.,и да се уверите лично во квалитетот на нашите производи.,no
clips/do_hhbydme9_000033.wav,DO_hHbyDME9.mp4,81.38,83.4,2.02,Селектирајте ги вашите омилени производи,Селектирајте ги вашите омилени производи,no
clips/do_hhbydme9_000034.wav,DO_hHbyDME9.mp4,83.4,85.7,2.3,и направете си ја вашата нарачка онлайн,и направете си ја вашата нарачка онлајн,no
clips/do_hhbydme9_000035.wav,DO_hHbyDME9.mp4,85.7,86.74,1.04,без никаква грижа.,без никаква грижа.,no
clips/do_hhbydme9_000036.wav,DO_hHbyDME9.mp4,86.74,89.2,2.46,"Вие заслужувате сигурност, а вашето домудобност.",вие заслужувате сигурност а вашиот дом удобност,no
clips/dpmjfyljoad_000000.wav,DPmJfYLjOAd.mp4,0.24,1.26,1.02,Спремни за патување.,Спремни за патување.,no
clips/dpmjfyljoad_000001.wav,DPmJfYLjOAd.mp4,2.45,4.97,2.52,"Кога патувам во земјите кои што се во Шенген зоната,","Кога патувам во земјите кои што се во Шенген зоната,",no
clips/dpmjfyljoad_000002.wav,DPmJfYLjOAd.mp4,5.05,8.35,3.3,"јас како граѓанин кој што доаѓа од земја која што не е дел од Европската Унија,","јас како граѓанин кој што доаѓа од земја која што не е дел од Европската Унија,",no
clips/dpmjfyljoad_000003.wav,DPmJfYLjOAd.mp4,8.41,12.61,4.2,"мора да се регистрирам во нов систем, систем за влез и излез ЕЕС.","мора да се регистрирам во нов систем, систем за влез и излез ЕЕС.",no
clips/dpmjfyljoad_000004.wav,DPmJfYLjOAd.mp4,13.79,17.09,3.3,Регистрацијата е бесплатна и се прави само првиот пат кога поминувам граница.,Регистрацијата е бесплатна и се прави само првиот пат кога поминувам граница.,no
clips/dpmjfyljoad_000005.wav,DPmJfYLjOAd.mp4,17.17,18.45,1.28,А еве ја целата процедура.,А еве ја целата процедура.,no
clips/dpmjfyljoad_000006.wav,DPmJfYLjOAd.mp4,18.67,23.07,4.4,На граница прво се внесуваат податуците од мојот пасош во новиот систем.,На граница прво се внесуваат податоците од мојот пасош во новиот систем,no
clips/dpmjfyljoad_000007.wav,DPmJfYLjOAd.mp4,23.07,26.65,3.58,Така се создава мојата дигитална евиденција за влез и излез.,Така се создава мојата дигитална евиденција за влез и излез.,no
clips/dpmjfyljoad_000008.wav,DPmJfYLjOAd.mp4,26.89,31.41,4.52,"Второ, се прави фотографија која ќе се користи при секој мој следно патување.","Второ, се прави фотографија која ќе се користи при секое мое следно патување.",yes
clips/dpmjfyljoad_000009.wav,DPmJfYLjOAd.mp4,31.73,35.11,3.38,Трет и последен чекор се земаат отпечатација од прстите.,Трет и последен чекор се земаат отпечатоци од прстите.,yes
clips/dpmjfyljoad_000010.wav,DPmJfYLjOAd.mp4,35.35,39.69,4.34,"Толку. Веќе сум регистрирана, без хартија, без компликацији.","Толку. Веќе сум регистрирана, без хартија, без компликации.",yes
clips/dpmjfyljoad_000011.wav,DPmJfYLjOAd.mp4,39.79,47.11,7.32,"И тоа е се. Со ЕЕС, патувањето кон Шенген станува делогедно по-модерно и по-безбедно европско искусство.","И тоа е се. Со ЕЕС, патувањето кон Шенген станува делогедно по-модерно и по-безбедно европско искуство.",yes
clips/dpmjfyljoad_000012.wav,DPmJfYLjOAd.mp4,47.27,51.23,3.96,"Се се прави само едно, се е дигитално, се е безбедно и се е едноставно.","Се се прави само еднаш, се е дигитално, се е безбедно и се е едноставно.",yes
clips/dpmjfyljoad_000013.wav,DPmJfYLjOAd.mp4,51.23,54.13,2.9,А сега мислам дека може да се опуштиме и да оживаме во патувањето.,А сега мислам дека може да се опуштиме и да уживаме во патувањето.,yes
clips/dqhkad3dmtw_000000.wav,DQhkaD3DMTW.mp4,0.27,1.79,1.52,"Држи, мајка, држи, држи, држи!","Држи, мајка, држи, држи, држи!",no
clips/dqhkad3dmtw_000001.wav,DQhkaD3DMTW.mp4,2.29,5.25,2.96,"Мале мамо, што се сакачило горе на скалата?",Мале мамоо.. Шо си се качила гооре на скаалта?,yes
clips/dqhkad3dmtw_000002.wav,DQhkaD3DMTW.mp4,5.65,8.57,2.92,"Аве, сине, бао да ја ружа, утка се скрши куко.",Абе сине Баба ти Ружа од ка си скрши куко,yes
clips/dqhkad3dmtw_000003.wav,DQhkaD3DMTW.mp4,8.69,10.57,1.88,Ништо не знаеме шо одздашава у малата.,Ништо не знааме шо се дешава у маалта!,yes
clips/dqhkad3dmtw_000004.wav,DQhkaD3DMTW.mp4,11.89,15.29,3.4,Ај как се човеци реставраме од лаптек камери?,Ај как сите човеци да систаваме ОД Lab-Tech камери?,yes
clips/dqhkad3dmtw_000005.wav,DQhkaD3DMTW.mp4,15.51,16.85,1.34,А тва е ај или е?,А тва е AI ли е?,yes
clips/dqhkad3dmtw_000006.wav,DQhkaD3DMTW.mp4,17.75,19.85,2.1,"Еај па, седа еај.","AI па, се да е AI.",yes
clips/dqhkad3dmtw_000007.wav,DQhkaD3DMTW.mp4,20.9,24.82,3.92,Лаптек ја професионален сервис и продажен салон за електроника.,Lab-Tech e професионален сервис и продажен салон за електроника.,yes
clips/dqhkad3dmtw_000008.wav,DQhkaD3DMTW.mp4,24.9,26.22,1.32,Видима надзор и аларм.,Видeo надзор и аларм.,yes
clips/dqhkad3dmtw_000009.wav,DQhkaD3DMTW.mp4,26.36,29.22,2.86,"За мене, кога желба, компјутерска конфигурација.","За мене, по желба, компјутерска конфигурација.",yes
clips/dqhkad3dmtw_000010.wav,DQhkaD3DMTW.mp4,37.86,41.12,3.26,"Сине, а за бабата Ружа имаат ли миоткопче?","Сине, а за бабата Ружа имаат ли mute копче?",yes
clips/dr7er3zjjst_000000.wav,DR7eR3zjJSt.mp4,0.5,3.2,2.7,"Ај мајни се у телевизоро, така ти сте клар да не е.","Ај мајни се уд телевизоро, така ти стаклар да не е.",yes
clips/dr7er3zjjst_000001.wav,DR7eR3zjJSt.mp4,4.15,6.07,1.92,"И јас сакам авиона, ма нема.","И јас сакам авион, ама нема.",yes
clips/dr7er3zjjst_000002.wav,DR7eR3zjJSt.mp4,6.43,8.97,2.54,"Кере, покрија си ползинките, треба да раѓеш.","Кере, покриј си полвинките, треба да раѓеш.",yes
clips/dr7er3zjjst_000003.wav,DR7eR3zjJSt.mp4,9.39,13.74,4.35,"Ости, слуша.","Ости, слушам.",yes
clips/dr7er3zjjst_000004.wav,DR7eR3zjJSt.mp4,15.22,16.7,1.48,Нема да седаш на цименто.,Нема да седаш на цименто.,no
clips/dr7er3zjjst_000005.wav,DR7eR3zjJSt.mp4,17.78,19.5,1.72,Само нисас слушаме у малто.,Само нии са слушаме у маалта.,yes
clips/dr7er3zjjst_000006.wav,DR7eR3zjJSt.mp4,20.12,23.04,2.92,"Нема што да правиш, ми фат се за ушините и грај оро.","Нема што да правиш, ми фат се за ушиинта и играј оро.",yes
clips/dr7er3zjjst_000007.wav,DR7eR3zjJSt.mp4,24.17,26.49,2.32,Скрати се јазико јас да не те го скратам.,Скрати се јазико јас да не ти го скратам.,yes
clips/dr7er3zjjst_000008.wav,DR7eR3zjJSt.mp4,27.64,29.16,1.52,Шо ска ти увејна на малоко?,Шо си как увејнана малока?,yes
clips/dr7er3zjjst_000009.wav,DR7eR3zjJSt.mp4,29.82,32.48,2.66,На мене други не ме интересират.,На мене други не ме интересират.,no
clips/dr7er3zjjst_000010.wav,DR7eR3zjJSt.mp4,33.81,36.47,2.66,"Ај затвари врата, не си роден учамец.","Ај затвари врата, не си роден у чамец.",yes
clips/dr7er3zjjst_000011.wav,DR7eR3zjJSt.mp4,37.95,39.71,1.76,Ти па нешто поаран да неси.,Ти па нешто поаран да неси.,no
clips/dr7er3zjjst_000012.wav,DR7eR3zjJSt.mp4,41.74,43.2,1.46,"Ти, дете, куќа имаш ли?","Ти, дете, куќа имаш ли?",no
clips/dr7er3zjjst_000013.wav,DR7eR3zjJSt.mp4,44.32,46.92,2.6,"И аран да варнало, та нема да та стопа.","И арно де врнало, та нема да та стопа.",yes
clips/dsfir4djpdg_000000.wav,DSFir4djPDG.mp4,0.85,3.01,2.16,"Јас сак сафарля моректа, ти к' сафареш ли бе?","Јас ак са фрлам у ректа, ти ќе са фрлеш ли бе?",yes
clips/dsfir4djpdg_000001.wav,DSFir4djPDG.mp4,3.67,5.37,1.7,"Ела, ела, не да тепам, ела, ела.","Ела, ела, не те тепам, ела, ела.",yes
clips/dsfir4djpdg_000002.wav,DSFir4djPDG.mp4,6.81,8.89,2.08,"Е, ти па нема на кој да заличеш.","Е, ти па нема на кој да заличеш.",no
clips/dsfir4djpdg_000003.wav,DSFir4djPDG.mp4,10.29,11.61,1.32,Шел така те е на муцката.,Шалтако те е на муцката.,yes
clips/dsfir4djpdg_000004.wav,DSFir4djPDG.mp4,12.48,13.98,1.5,Ке јадаш и ору ке играш.,Ке јадаш и оро ќе играш.,yes
clips/dsfir4djpdg_000005.wav,DSFir4djPDG.mp4,14.98,16.16,1.18,Джигеру ми го издеете.,Џигеро ми го издеете.,yes
clips/dsfir4djpdg_000006.wav,DSFir4djPDG.mp4,16.7,19.54,2.84,"Јас сам та родила, јас и ќе та... чинам.","Јас сам та родила, јас и ќе та... чинам.",no
clips/dsfir4djpdg_000007.wav,DSFir4djPDG.mp4,20.2,22.42,2.22,Ке та напрам сам да сааресеш.,Ке та напрам сам да са аресеш.,yes
clips/dsfir4djpdg_000008.wav,DSFir4djPDG.mp4,23.45,24.75,1.3,"А, ти на друг ка жури.","А, ти на друг кажуви.",yes
clips/dsfir4djpdg_000009.wav,DSFir4djPDG.mp4,25.8,28.0,2.2,"Јас ка говорах, ти на ушињата си седеш.","Јас ка говорах, ти на ушиинта си седеш.",yes
clips/dsfir4djpdg_000010.wav,DSFir4djPDG.mp4,28.72,30.88,2.16,"А, јас говорам или кањта тропа?","А, јас говорам или канта тропа?",yes
clips/dsfir4djpdg_000011.wav,DSFir4djPDG.mp4,32.28,33.84,1.56,"Стој тама, ниште ќе те праштам. Стој, стој.","Стој тама, ниш не ти правам. Стој, стој.",yes
clips/dsfir4djpdg_000012.wav,DSFir4djPDG.mp4,35.02,36.14,1.12,Оти јас така кажах.,Оти јас така кажах.,no
clips/dsfir4djpdg_000013.wav,DSFir4djPDG.mp4,37.66,39.26,1.6,"Парта на дърво да не растат, ја.","Паарте на дрво да не растат, ја.",yes
clips/dsfir4djpdg_000014.wav,DSFir4djPDG.mp4,39.4,40.68,1.28,Сакам ти да берам од дървото.,Ја саа коом ќии наберам уд дрвото!,yes
clips/dsfir4djpdg_000016.wav,DSFir4djPDG.mp4,41.94,44.95,3.01,"И јас сакам, ама нема.","И јас сакам, ама нема.",no
clips/dsfir4djpdg_000017.wav,DSFir4djPDG.mp4,46.18,47.24,1.06,"Е, ај па да го родам.","Е, ај па да го родам.",no
clips/dsxtazujl0d_000000.wav,DSXtaZujL0d.mp4,0.0,3.78,3.78,"Добрас, чек да питам нешто. Ти која генерација си? Пензичка, колку взимаш?",Дедо Мраз. Чек да те питам нешто? Ти коо генерација си? Пензиичка колко зимаш?,yes
clips/dsxtazujl0d_000001.wav,DSXtaZujL0d.mp4,3.82,8.16,4.34,"Која категорија си? Мор ти лапаш некоја германска пензија, мај, ајде сега си.","Која категорија си? Мор ти лапаш некоја германска пензија, мај, ајде седи си.",yes
clips/dsxtazujl0d_000002.wav,DSXtaZujL0d.mp4,9.42,12.84,3.42,"Добрас, извини уште, тва нешто. Абе, ти осигуран ли се тама гора,","Дедо Мраз извини, уште тва нешто. Абе осигурен ли си, там гооре",yes
clips/dsxtazujl0d_000003.wav,DSXtaZujL0d.mp4,12.86,14.4,1.54,ако се лизнеш негде со сти којите?,ако се лизнеш негде сос тии којните?,yes
clips/dsxtazujl0d_000004.wav,DSXtaZujL0d.mp4,14.96,18.26,3.3,"Извини, а това 6-7, знаеш ли 6-7 шо е?","Извини, а това 6-7, знаеш ли 6-7 шо е?",no
clips/dsxtazujl0d_000005.wav,DSXtaZujL0d.mp4,18.52,22.78,4.26,"А? Ти ли не знаеш? Абе, ти си умребе, нема да то знаеме 6-7, 6-7.","A?!? И ти ли не знааш? Ке си умреме нема да дознаеме шо е 6 - 7! Беги Баба, беги!!",yes
clips/dsxtazujl0d_000006.wav,DSXtaZujL0d.mp4,22.78,24.82,2.04,"Беги, баба, беги. Може да питам нешто.","Беги, баба, беги. Може да питам нешто.",no
clips/dsxtazujl0d_000007.wav,DSXtaZujL0d.mp4,25.28,28.22,2.94,"Цело време си вонка на ладното, а и шијаш не ли да факи на тебе?","Цело време си вонка на ладното, а ишијас нели те фајќе на тебе?",yes
clips/dsxtazujl0d_000008.wav,DSXtaZujL0d.mp4,28.54,30.16,1.62,"Бабе, оди вонка. О, си тва.","Бабе, оди вонка. Ости тва.",yes
clips/dsxtazujl0d_000009.wav,DSXtaZujL0d.mp4,30.58,32.98,2.4,"Оди, види вонка, ти ја ирвасите, дали са најадани.","Оди, види вонка, тие ирвасите, дали са најадани.",yes
clips/dsxtazujl0d_000011.wav,DSXtaZujL0d.mp4,33.94,36.4,2.46,Од нашата кашта никој гладен не се ја уидел.,Од нашата кшта никој гладен не сее ујдел.,yes
clips/dsxtazujl0d_000012.wav,DSXtaZujL0d.mp4,36.56,39.14,2.58,"Земи, тука сармичка, постна сарма, не е стоголет тва.","Земи, тука сармичка, посна сарма, не е сладолед тва.",yes
clips/dsxtazujl0d_000013.wav,DSXtaZujL0d.mp4,39.3,42.98,3.68,"Ај, вер, домашни лютеница, да поздраваш бе во мразица.","Ајвер, домашни љутеница, да поздраваш баба мразица.",yes
clips/dsxtazujl0d_000014.wav,DSXtaZujL0d.mp4,43.14,45.9,2.76,"Да кажеш од ружа, од струмица, слушна ли?","Да кажеш од ружа, од струмица, слушна ли?",no
clips/dsxtazujl0d_000015.wav,DSXtaZujL0d.mp4,46.2,47.36,1.16,"А, така, сај.","А, така, ај.",yes
clips/dsxtazujl0d_000016.wav,DSXtaZujL0d.mp4,47.36,48.76,1.4,Една желба за мене може ли?,Една желба за мене може ли?,no
clips/dsxtazujl0d_000017.wav,DSXtaZujL0d.mp4,49.66,52.02,2.36,Мојата желба е снаата по-малко да говоре.,Мојата желба е снаата помалко да говоре.,yes
clips/dsxtazujl0d_000019.wav,DSXtaZujL0d.mp4,55.25,59.68,4.43,"А едно цеде од Јордан митат па што сака нека, а?","А едно цеде од Јордан Митев па што сака нека, а?",yes
clips/dsfrxg2dl6k_000000.wav,DSfrXg2DL6K.mp4,2.38,4.16,1.78,"Баба Ружо, ште ти?","Баба Ружо, шо тее?",yes
clips/dsfrxg2dl6k_000001.wav,DSfrXg2DL6K.mp4,4.38,7.06,2.68,"Ох, синусите. Грлото.","Ох, синусите. Грлото.",no
clips/dsfrxg2dl6k_000002.wav,DSfrXg2DL6K.mp4,7.88,12.26,4.38,"Абе, ај, ти па се прежавеала и снаја и све крво сапа за едни синуси.","Абе, ај, ти па се прежавеала и снаја и свекрво саа па за едни синуси.",yes
clips/dsfrxg2dl6k_000003.wav,DSfrXg2DL6K.mp4,12.42,14.04,1.62,"Ај, ке те носиме на солено.","Ај, ке те носиме на солено.",no
clips/dsfrxg2dl6k_000004.wav,DSfrXg2DL6K.mp4,14.28,16.42,2.14,Да боре ли ке го носите? Ај!,На море ли ќе ме носате? Ај!,yes
clips/dsfrxg2dl6k_000005.wav,DSfrXg2DL6K.mp4,17.38,18.84,1.46,"Да бе, дека тва боре?","Да бе, дека тва боре?",no
clips/dsfrxg2dl6k_000006.wav,DSfrXg2DL6K.mp4,19.66,20.66,1.0,Плезо на плезо.,Плезо на плезо.,no
clips/dsfrxg2dl6k_000007.wav,DSfrXg2DL6K.mp4,25.51,29.03,3.52,"Абе, Баба Ружо, тва ли ја мама шо викао да си ја била сол на раму?","Абе, Баба Ружо, тва ли ја мама шо викао да си ја била сол на раму?",no
clips/dsfrxg2dl6k_000008.wav,DSfrXg2DL6K.mp4,30.38,33.16,2.78,"Кажи на мајката ти, оти она нема сол во очите.","Кажи на мајката ти, оти она нема сол во очите.",no
clips/dsfrxg2dl6k_000009.wav,DSfrXg2DL6K.mp4,33.16,43.06,9.9,"Не бирајте сојо пече, бирајте сојо лече.","Не бирајте сојо пече, бирајте сојо лече.",no
clips/dsxihk0cjej_000000.wav,DSxiHK0Cjej.mp4,0.08,3.72,3.64,"Замисли, секој ден до нова година да ти стигнуваат подароци вак.","Замисли, секој ден до нова година да ти стигнуваат подароци вака.",yes
clips/dsxihk0cjej_000001.wav,DSxiHK0Cjej.mp4,7.43,9.31,1.88,Не мораш ништо да замисловеш.,Не мораш ништо да замислуваш.,yes
clips/dsxihk0cjej_000002.wav,DSxiHK0Cjej.mp4,9.33,14.15,4.82,Само инсталираја Телеком МК апликацијата и отвори го на вогодишниот календар во магијаната момента.,Само инсталирај ја Телеком МК апликацијата и отвори го новогодишниот календар во магенда моментс.,yes
clips/dsxihk0cjej_000003.wav,DSxiHK0Cjej.mp4,14.23,17.71,3.48,Секој ден таа чека ново изненадување и подароци што стварно се бројат.,Секој ден те чека ново изненадување и подароци што стварно се бројат.,yes
clips/dsxihk0cjej_000004.wav,DSxiHK0Cjej.mp4,17.89,23.89,6.0,"Ваучери од Манго, Бос, Спорт Риалити, Дуки Дасо, значи кликаш, добиваш, шопинговаш.","Ваучери од Манго, Бос, Спорт Риалити, Дуки Дасо, значи кликаш, добиваш, шопинговаш.",no
clips/dsxihk0cjej_000005.wav,DSxiHK0Cjej.mp4,23.93,25.17,1.24,Без компликацији.,Без компликации.,yes
clips/dsxihk0cjej_000006.wav,DSxiHK0Cjej.mp4,25.29,27.75,2.46,"А ако сакаш нешто по-големо, го има и ова.","А ако сакаш нешто по-големо, го има и ова.",no
clips/dsxihk0cjej_000008.wav,DSxiHK0Cjej.mp4,32.67,35.33,2.66,"Цептер Терапи, Aeron, а главната награда,","Цептер Терапи, Air On, а главната награда,",yes
clips/dsxihk0cjej_000009.wav,DSxiHK0Cjej.mp4,35.39,38.39,3.0,"патување во Лапонија кај Дедом Рас, All Inclusive.","патување во Лапонија кај Дедо Мраз, All Inclusive.",yes
clips/dsxihk0cjej_000010.wav,DSxiHK0Cjej.mp4,38.47,40.63,2.16,Инсталираја Телеком МК апликацијата,Инсталирај ја Телеком МК апликацијата,yes
clips/dsxihk0cjej_000011.wav,DSxiHK0Cjej.mp4,40.63,43.75,3.12,и отвора изненадувања секој ден до 31. декем.,и отварај изненадувања секој ден до 31 декември.,yes
clips/dsxihk0cjej_000012.wav,DSxiHK0Cjej.mp4,43.81,45.83,2.02,Сите овие подарици се кријат тука.,Сите овие подарици се кријат тука.,no
clips/dt_uoxee7em_000000.wav,DT-uOXeE7EM.mp4,0.11,3.71,3.6,"Олеќа, ба, олеќа! Слуша, кере, третата е фанова мајка.","Полека, бабе, полека! Слуша, ќере, клетва да не те фане од мајка.",yes
clips/dt_uoxee7em_000001.wav,DT-uOXeE7EM.mp4,3.99,9.53,5.54,"Таа е најтешка третва. Мојата керка, жива и здрава, меѓу маленка,","Таа е најтешка клетва. Мојта ќерка, даа жива и здрава, ка беше маленка,",yes
clips/dt_uoxee7em_000002.wav,DT-uOXeE7EM.mp4,9.71,13.35,3.64,"олеќа, бабе, многу темпераментна беше, многу лоша мошкоданка.","полека, бабе, многу темпераментна беше, многу лоша машкоданка.",yes
clips/dt_uoxee7em_000003.wav,DT-uOXeE7EM.mp4,13.39,16.89,3.5,"Се на мене ма викат во школата за неј, а наружа мошкото дере.","Се на мене ма викат у шкоолто за нее, га викаа на Ружа машкото дете.",yes
clips/dt_uoxee7em_000004.wav,DT-uOXeE7EM.mp4,17.21,22.15,4.94,"И еден ден ми викам, слуша, кере, да даат Господ коите деца","И еден ден ми викам, слуши, ќере, да даа Господ твоите деца",yes
clips/dt_uoxee7em_000005.wav,DT-uOXeE7EM.mp4,22.15,25.07,2.92,"да се како тебе... Беги, бабе. Да даат Господ коите деца","да се како тебе... Беги, бабе. Да даа Господ твоите деца",yes
clips/dt_uoxee7em_000006.wav,DT-uOXeE7EM.mp4,25.07,27.39,2.32,"да се исти како тебе, да видиш што е здорово,","да се исти како тебе, да видиш што е зорт,",yes
clips/dt_uoxee7em_000007.wav,DT-uOXeE7EM.mp4,27.39,36.13,8.74,"Да видиш што ти не е толку лесно, ама едно нешто забравих, полеј кај Бага, забравих да си ти, деца кај се, моји фнуци и што и аз треба да ги гледам.","Да видиш што ти не е толку лесно, ама едно нешто забравих, полека Баба, забравих оти, тии деца, ќе се мои внуци и оти јас треба да ги гледам.",yes
clips/dt_uoxee7em_000008.wav,DT-uOXeE7EM.mp4,36.21,37.31,1.1,Не барки Бага уште еко!,Не брки баба у штеко!,yes
clips/dtdxpqyjom6_000000.wav,DTDxPQYjOM6.mp4,1.39,2.59,1.2,Диги на ојсо! Диги на ојсо!,Диги на ојсо! Диги на ојсо!,no
clips/dtdxpqyjom6_000001.wav,DTDxPQYjOM6.mp4,4.7,8.12,3.42,"Ти, маленку, гледа не изедаш ја денето у гърбоките то на бутовце, знај ли ме?","Ти, маленку, гледјне изедаш јадејнто у грбо ќе ти го набутам, слушна ли ме?",yes
clips/dtdxpqyjom6_000002.wav,DTDxPQYjOM6.mp4,9.36,12.18,2.82,"А ти, Море Шмидт Парашко, дека ќе одеш кај бајна на?","А ти, Море Шмидт Парашко, дека ќе одеш таква бајнана?",yes
clips/dtdxpqyjom6_000003.wav,DTDxPQYjOM6.mp4,12.26,13.74,1.48,Два сата се чешу да...,Два сата се тушира…,yes
clips/dtdxpqyjom6_000004.wav,DTDxPQYjOM6.mp4,13.74,16.34,2.6,"Е, ги, ги, у идеља за идеља, кај те му и безглави шетите!",Егиди ујделе зајделе кату муи без глави шетте,yes
clips/dtdxpqyjom6_000005.wav,DTDxPQYjOM6.mp4,16.56,20.24,3.68,"Ось ќе викаш, ме пружа и измачки ме га снагичката со свинска маска!","Пос ќе викаш, баба Ружо измачки ми га снагичката со свинска мас!",yes
clips/dtdxpqyjom6_000006.wav,DTDxPQYjOM6.mp4,20.3,22.5,2.2,"На мене душа ме боле вика, не ме слушате, бе, деца!","На мене дуушта ме боле вии ка не ме слушате, бе, деца!",yes
clips/dtdxpqyjom6_000007.wav,DTDxPQYjOM6.mp4,22.5,23.86,1.36,Јас есте моја најтијца! Ќе му умртам пред време!,Ќе ме умрате пред време,yes
clips/dtdxpqyjom6_000008.wav,DTDxPQYjOM6.mp4,24.86,26.46,1.6,"Шо е снага, шо е душа?","Шо е снага, шо е душа?",no
clips/dtdxpqyjom6_000009.wav,DTDxPQYjOM6.mp4,26.5,28.82,2.32,Шо е снага? Шо е душа? Јел баба да ти каже.,Шо е снага? Шо е душа? Јел баба да ти каже.,no
clips/dtdxpqyjom6_000010.wav,DTDxPQYjOM6.mp4,28.92,33.83,4.91,"Слуш. Слуш саа бабе. Душчетичката е тука напред, снагата е туку одзад.","Слуши. Слуш саа бабе. Душичката е тука напред, снагата е тука одзад.",yes
clips/dtdxpqyjom6_000011.wav,DTDxPQYjOM6.mp4,34.07,37.27,3.2,"Снагата може многу да однесе, ама душата многу може да ко однесе.","Снагата може ногу да однесе, ама душата ногу може да поднесе.",yes
clips/dtdxpqyjom6_000012.wav,DTDxPQYjOM6.mp4,37.43,39.93,2.5,"Душта акта боле, ќе земуш рекија и ќе се напииш.","Дуушта ак та боле, ќе земаш ракии ќе се напииш.",yes
clips/dtdxpqyjom6_000013.wav,DTDxPQYjOM6.mp4,40.11,42.15,2.04,"Снагата акта боле, ќе се намачкиш со рекија.","Снагата ак та боле, ќе се намачкиш сос ракии.",yes
clips/dtdxpqyjom6_000014.wav,DTDxPQYjOM6.mp4,42.19,44.21,2.02,"И бабичка, запамни нешто!","И бабичка, запамни нешто!",no
clips/dtdxpqyjom6_000015.wav,DTDxPQYjOM6.mp4,44.21,48.63,4.42,"Дошто? Дошто може да се ги продадеш, ама снагата ќе го однесе стапо.","Дуушта може да си га продадеш, ама снагата ќе го однесе стапо.",yes
clips/du3ftijdjc2_000000.wav,DU3ftiJDJc2.mp4,0.0,3.3,3.3,Документи и дали имаш пијано?,Документи и дали имаш пијано?,no
clips/du3ftijdjc2_000001.wav,DU3ftiJDJc2.mp4,32.14,33.86,1.72,"Идем нешто, бесплатно да ја доктората, нели?","Да питам нешто, бесплатна ви е доставата, нели?",yes
clips/du3ftijdjc2_000002.wav,DU3ftiJDJc2.mp4,33.98,35.88,1.9,Тука на Кружниот Тел колегата да му однесете,Тука на Кружниот Ток колегата да му однесете,yes
clips/du3ftijdjc2_000003.wav,DU3ftiJDJc2.mp4,35.88,37.6,1.72,"ов ти фокачичите и обовите, така...","Од ти фокачичите тие убавите, така...",yes
clips/du3ftijdjc2_000004.wav,DU3ftiJDJc2.mp4,38.07,39.98,1.91,Од мене? Од дека да почвам?,Од мене? Од дека да почнам?,yes
clips/du3ftijdjc2_000005.wav,DU3ftiJDJc2.mp4,42.96,45.26,2.3,"Но без тој ќе живејам, без тој па ја изедам.","Ду 200 ќе живеем, 250",yes
clips/du3ftijdjc2_000006.wav,DU3ftiJDJc2.mp4,45.26,46.38,1.12,И во што ќе ме однесете?,И еден сок ми донеси,yes
clips/du3ftijdjc2_000007.wav,DU3ftiJDJc2.mp4,46.52,48.88,2.36,"Ава, и на мене една фокачичка многу уземирта.",Абе ај и на мене една фокачичка многу уземирта.,yes
clips/du3ftijdjc2_000008.wav,DU3ftiJDJc2.mp4,48.88,50.22,1.34,Јас ќе му однесам. Ај!,Јас ќе му ги однесам. Ај!,yes
clips/duoakd1jphn_000000.wav,DUOAkd1jPHn.mp4,2.58,3.98,1.4,Колека баба? Шо е това?,Полека баба? Шо е тава?,yes
clips/duoakd1jphn_000001.wav,DUOAkd1jPHn.mp4,4.2,8.46,4.26,"Това е бабе мојата покана за сватба, още пред 40 години оделио га прим так.","Тава е бабе мојата покана за свадба, оште пред 40 години од дељо га принтах.",yes
clips/duoakd1jphn_000002.wav,DUOAkd1jPHn.mp4,8.56,12.2,3.64,"Надео ти коста, побеле, а она тука още бојате и стол.","На део ти коста обеле, а она тука оште бојата и стоо.",yes
clips/duoakd1jphn_000004.wav,DUOAkd1jPHn.mp4,13.3,18.32,5.02,Това тука е по-яко и по-цврсто од карактеру на пра бабата и бог да га просте.,Тава тука е појако и поцврсто од карактеро на прабабата ти бог да га просте.,yes
clips/duoakd1jphn_000005.wav,DUOAkd1jPHn.mp4,18.36,22.54,4.18,"За тука ка прауди. Абе, ни сцела чарши и простапулика даваме.","За тука ка прауди. Абе, низ цела чаршии прастапуљка давааме.",yes
clips/duoakd1jphn_000007.wav,DUOAkd1jPHn.mp4,23.48,24.82,1.34,А за мене баба шо има?,А за мене баба шо има?,no
clips/duoakd1jphn_000008.wav,DUOAkd1jPHn.mp4,24.82,26.56,1.74,Шо за тебе баба? Ти си второ дете.,Шо за тебе бе баба? Ти си второ дете.,yes
clips/duoakd1jphn_000009.wav,DUOAkd1jPHn.mp4,27.28,30.16,2.88,"Ја, ви дејте шолови, блузеви, имаме спринт,","Ја, ви дејте шо уви, блузеви, ви имам испринтени,",yes
clips/duoakd1jphn_000010.wav,DUOAkd1jPHn.mp4,30.16,33.4,3.24,"треба докап нема ти, ти ги носи, Брчет, ти брат, ти сите ги носи.","докап немат тии, ти ги носи, Брчет, ти брат, ти сите ги носии.",yes
clips/duoakd1jphn_000011.wav,DUOAkd1jPHn.mp4,33.82,36.88,3.06,"Або Ружо, толку ново премтеш од дел опечатниците.","А баба Ружо, толку ного принташ од дељо печатниците.",yes
clips/duoakd1jphn_000012.wav,DUOAkd1jPHn.mp4,37.06,39.72,2.66,"Ја и Фалдјани, и Слики, и Престилни.",Ја и Филџјани и Слики и Престилки.,yes
clips/duoakd1jphn_000013.wav,DUOAkd1jPHn.mp4,39.78,42.58,2.8,А да не се порачува микролоја за секој стриќање.,А да не се порачила микролог за секој случај.,yes
clips/duoakd1jphn_000014.wav,DUOAkd1jPHn.mp4,43.6,45.98,2.38,Ја зеку ќе ви го скратам. Гледа ли га таа слика?,Јазику ќе ви го скратам. Гледате ли га таа слика?,yes
clips/duoakd1jphn_000015.wav,DUOAkd1jPHn.mp4,46.06,48.36,2.3,Има одгоре да када да гледам и у сон да ви идам.,Има одгоре така да ва гледам и у сон да ви идам.,yes
clips/duv_03fjr5a_000000.wav,DUV_03Fjr5A.mp4,0.82,5.68,4.86,Шо прајате бе баба ви? Джендар Вил бабо. Шо е това?,Шо праате бе баба ви? Џендер ревил бабо. Шо е тава?,yes
clips/duv_03fjr5a_000001.wav,DUV_03Fjr5A.mp4,6.04,8.44,2.4,Се откриваме шо е полу со забава ќе праваме.,Ќе откриваме шо е поло со забава ќе праваме.,yes
clips/duv_03fjr5a_000002.wav,DUV_03Fjr5A.mp4,9.52,13.72,4.2,Не ли го видеете на ехо саа? Шо тука ќе праат со балони со археолози?,Нели го видеете на ехо саа? Шо тука ќе праат со балони со археолози?,yes
clips/duv_03fjr5a_000003.wav,DUV_03Fjr5A.mp4,15.3,23.16,7.86,"Значи, тортата е на 30 прата, значи само од вториот ќе земате и тука ќе биде бојата на бебето, значи ова ќе бе почти 1500 евро.","Тортата е на 3 спрата, значи само од вториот ќе земате и тука ќе биде бојата на бебето, значи ова ќе ве кошта 1500 евра.",yes
clips/duv_03fjr5a_000004.wav,DUV_03Fjr5A.mp4,23.18,29.02,5.84,"Извини кера, така што ќе питам, ама това бебето ќе излева од тортата или ќе излева од таквото ќе излева?","Извини ќере, така што ќе питам, ама тава бебето ќе излева од тортата или ќе излева од таквото ќе излева?",yes
clips/duv_03fjr5a_000005.wav,DUV_03Fjr5A.mp4,29.54,34.06,4.52,"Замислено да излегува чат, значи дали ќе е сина или рожева и тука сферна устромица,","Замислено да излегува од чад, значи дали ќе е сина или розева боја. Каков чад?",yes
clips/duv_03fjr5a_000006.wav,DUV_03Fjr5A.mp4,34.06,38.22,4.16,"аки има чат или гора депонијата, или кабли горат, или папата сабират, друго нема.","ак има чад или горе депонијата, или кабли горат, или папата са бира, друго нема.",yes
clips/duv_03fjr5a_000007.wav,DUV_03Fjr5A.mp4,38.34,43.46,5.12,"А во таа цена да дојде да има и дрон, да имаме и камерман да се сниме.","А во таа цена дојде да има и дрон, да имаме и камерман да се сниме.",yes
clips/duv_03fjr5a_000008.wav,DUV_03Fjr5A.mp4,43.5,47.52,4.02,"Може ли како ќе взимате дрон, например, ако може гора така на покриво да снимете,","Може ли коо ќе взимате дрон, на пример, ако може горе така на покриво да снимете,",yes
clips/duv_03fjr5a_000009.wav,DUV_03Fjr5A.mp4,47.56,51.06,3.5,"да видите едни руби, некои ми ги летнае ветро да не са на термите, може ли?","да видате едни руби, некои ми ги летна ветеро да не са на термите, може ли?",yes
clips/duv_03fjr5a_000012.wav,DUV_03Fjr5A.mp4,53.96,56.6,2.64,"Ај, виднеш во животото, ние сме специјална агенција.","Ај, виднеш во животото, ние сме специјална агенција.",no
clips/duv_03fjr5a_000013.wav,DUV_03Fjr5A.mp4,57.63,61.93,4.3,"Абе, кере, јас одначе купих шпоре, ама нега викнах цело мало тука да ми шлякат раце.","Абе, кере, јас одначе купих шпорет, ама не га викнах цела маала тука да ми шлакат раце.",yes
clips/duv_03fjr5a_000014.wav,DUV_03Fjr5A.mp4,62.07,66.07,4.0,"И во наше време се знаеш, певото, поло се дознава како се роде.","И во наше време се знаеше, бебето поло се дознава како се роде.",yes
clips/duv_03fjr5a_000015.wav,DUV_03Fjr5A.mp4,66.47,68.07,1.6,Или евентуално како ќе порасне.,Или евентуално ко ќе порасне.,yes
clips/duv_03fjr5a_000016.wav,DUV_03Fjr5A.mp4,69.42,71.92,2.5,"Значи, доаѓаат маскотите, тие нешто се депаат,","Значи, доаѓаат маскотите, тие нешто се тепаат,",yes
clips/duv_03fjr5a_000017.wav,DUV_03Fjr5A.mp4,71.98,74.14,2.16,"машкото спрема женското, па женското спрема машкото,","машкото спрема женското, па женското спрема машкото,",no
clips/duv_03fjr5a_000018.wav,DUV_03Fjr5A.mp4,74.16,77.76,3.6,"и на крајот, значи, тоа што ќе побери, тоа ја уставари полоотки.","и на крајот, значи, тоа што ќе победи, тоа е уставари полот.",yes
clips/duv_03fjr5a_000019.wav,DUV_03Fjr5A.mp4,77.76,80.75,2.99,Меќе е ремашко е? Шо правате такви работи?,Ќере е машко е. Шо правате такви работи?,yes
clips/duv_03fjr5a_000020.wav,DUV_03Fjr5A.mp4,80.79,84.03,3.24,"Да кажеш, малија, малија, да го кажа, не, не.","Да кажеш, малее, аман бе баба Ружо.",yes
clips/duv_03fjr5a_000022.wav,DUV_03Fjr5A.mp4,85.77,88.47,2.7,Само сака ќе видите они шо значи истинско шоу.,Само саа ќе видат они шо значи вистинско шоу.,yes
clips/duv_03fjr5a_000023.wav,DUV_03Fjr5A.mp4,88.65,90.31,1.66,И друга работа не ме е јасно.,И друга работа не мее јасно.,yes
clips/duv_03fjr5a_000024.wav,DUV_03Fjr5A.mp4,90.51,95.73,5.22,"Бе, младите, се комплицирани или се искомплексирани?","Тие, младите, се комплицирани или се искомплексирани?",yes
clips/dulcwvudcet_000000.wav,DUlcWvuDCet.mp4,12.95,18.78,5.83,"Баба, баба, баба, баба, баба.",Баба ружо тава е AI. Шо е бе тва AI? Тава е вештачка интелигенција од компјутер направано,yes
clips/dulcwvudcet_000001.wav,DUlcWvuDCet.mp4,36.96,38.22,1.26,и на чејанка за 8 марта.,и на чејанка за 8 марта.,no
clips/dulcwvudcet_000004.wav,DUlcWvuDCet.mp4,41.82,43.08,1.26,"Болека бабе, не ути!","Полека бабе, не уд тии!",yes
clips/dulcwvudcet_000005.wav,DUlcWvuDCet.mp4,43.26,44.56,1.3,"Ти се задел, ти помеки,","Ти се за дедо ти помекички,",yes
clips/dvburwldh2a_000000.wav,DVBuRWLDH2A.mp4,0.0,3.18,3.18,Како да готвите без шпорет и без видливи рингли,Како да готвите без шпорет и без видливи рингли,no
clips/dvburwldh2a_000001.wav,DVBuRWLDH2A.mp4,3.18,6.7,3.52,директно на работната површина која дури и не се загрява?,директно на работната површина која дури и не се загрева?,yes
clips/dvburwldh2a_000002.wav,DVBuRWLDH2A.mp4,6.76,9.88,3.12,Веднаж по готвенето можете да го допрете истото место,Веднаш по готвењето можете да го допрете истото место,yes
clips/dvburwldh2a_000003.wav,DVBuRWLDH2A.mp4,9.88,11.26,1.38,и нема да се изгорите.,и нема да се изгорите.,no
clips/dvburwldh2a_000004.wav,DVBuRWLDH2A.mp4,11.46,14.72,3.26,"На истата таа површина можете да сечете намирници,","На истата таа површина можете да сечете намирници,",no
clips/dvburwldh2a_000005.wav,DVBuRWLDH2A.mp4,14.78,17.68,2.9,"да подготвувате храна, да готвите и да јадете,","да подготвувате храна, да готвите и да јадете,",no
clips/dvburwldh2a_000006.wav,DVBuRWLDH2A.mp4,17.78,20.44,2.66,без никакво поместување или ограничување.,без никакво поместување или ограничување.,no
clips/dvburwldh2a_000007.wav,DVBuRWLDH2A.mp4,20.56,25.06,4.5,"Сето ова е возможното инвизако, невидлива индукцијска плоча","Сето ова е возможното инвизако, невидлива индукцијска плоча",no
clips/dvburwldh2a_000008.wav,DVBuRWLDH2A.mp4,25.06,28.86,3.8,за готвене која се инсталира под керамичката работна површина.,за готвење која се инсталира под керамичката работна површина.,yes
clips/dvburwldh2a_000009.wav,DVBuRWLDH2A.mp4,28.86,31.88,3.02,Конеќно инвиза Кук пристигна и во Македонија.,Конечно инвизакук пристигна и во Македонија.,yes
clips/dvtzhgajmmx_000000.wav,DVTZhGAjMMX.mp4,0.0,1.98,1.98,Чиста површина што не е жешка.,Чиста површина што не е жешка.,no
clips/dvtzhgajmmx_000001.wav,DVTZhGAjMMX.mp4,2.12,7.38,5.26,Готвам директно на неја и веднаш можам да го допрам истото место без изгореници.,Готвам директно на неа и веднаш можам да го допрам истото место без изгореници.,yes
clips/dvtzhgajmmx_000002.wav,DVTZhGAjMMX.mp4,7.48,10.94,3.46,"Кога ќе го вратам садот, готвенето продолжува веднаш.","Кога ќе го вратам садот, готвењето продолжува веднаш.",yes
clips/dvtzhgajmmx_000003.wav,DVTZhGAjMMX.mp4,11.1,13.58,2.48,Веројатно се прашувате како е тоа можна.,Веројатно се прашувате како е тоа можно.,yes
clips/dvtzhgajmmx_000004.wav,DVTZhGAjMMX.mp4,13.76,15.06,1.3,Тоа е уред на еднината.,Тоа е уред на иднината.,yes
clips/dvtzhgajmmx_000005.wav,DVTZhGAjMMX.mp4,15.26,20.26,5.0,Невидлива индукцијска технологија вградена под оваа прекрасна керамичка работна плоча.,Невидлива индукциска технологија вградена под оваа прекрасна керамичка работна плоча.,yes
clips/dvtzhgajmmx_000006.wav,DVTZhGAjMMX.mp4,20.38,24.94,4.56,"Се загрева само садот, додека работната површина останува безбедна на допир.","Се загрева само садот, додека работната површина останува безбедна на допир.",no
clips/dvtzhgajmmx_000007.wav,DVTZhGAjMMX.mp4,24.94,30.44,5.5,"Истото место може да се користи за подготовка на храна, сечење, па дори и зајадени.","Истото место може да се користи за подготовка на храна, сечење, па дури и за јадење.",yes
clips/dvtzhgajmmx_000008.wav,DVTZhGAjMMX.mp4,30.56,32.36,1.8,Тоа е магијата на инвизакук.,Тоа е магијата на инвизакук.,no
clips/dvtrjsaiftl_000000.wav,DVTrjsaiFtl.mp4,0.34,3.58,3.24,"Ба, Баружо, мајни ми се, не си заидала по мене.","Баба ружо, мајни ми се, не си заидала по мене.",yes
clips/dvtrjsaiftl_000001.wav,DVTrjsaiFtl.mp4,3.6,5.86,2.26,Тука знаш ли шо ови лъжици и бунели има?,Тука знаш ли шо ови лажици и бунели има?,yes
clips/dvtrjsaiftl_000002.wav,DVTrjsaiFtl.mp4,6.12,8.12,2.0,"Ах, бе, аз дисан и неедни, Барден.","Ах, бе, аздисани неедни, добар ден.",yes
clips/dvtrjsaiftl_000003.wav,DVTrjsaiFtl.mp4,8.2,10.5,2.3,Шо ја фали на моите лъжици и бунели од сватбата?,Шо ја фалe на моите лaжици и бунели од свадбата?,yes
clips/dvtrjsaiftl_000006.wav,DVTrjsaiFtl.mp4,13.36,16.1,2.74,"Ама треба да траа со сгодини, бе, ке решово материјалче.","Ама треба да траа со сос години, бе, ќере шо уво материјалче.",yes
clips/dvtrjsaiftl_000007.wav,DVTrjsaiFtl.mp4,16.99,18.89,1.9,Треба да прави впечаток.,Треба да прави впечаток.,no
clips/dvtrjsaiftl_000008.wav,DVTrjsaiFtl.mp4,19.3,22.28,2.98,"Значи, треба да не права проблеми, рад да се чинам, бе, ке.","Значи, треба да не права проблеми, раат да се чинам бе ќере.",yes
clips/dvtrjsaiftl_000009.wav,DVTrjsaiFtl.mp4,23.78,24.9,1.12,Мора да е лично.,Мора да е лично.,no
clips/dvtrjsaiftl_000010.wav,DVTrjsaiFtl.mp4,26.68,28.84,2.16,"Мора да е проверно, беше лежене едно.","Мора да е проверно, беше шилеже едно.",yes
clips/dvtrjsaiftl_000011.wav,DVTrjsaiFtl.mp4,30.51,36.69,6.18,"Ама, мора да е ново. Ама, треба да е асилно, проверена работа.","Ама, мора да е ново. Ама, треба да е аслно, проверена работа.",yes
clips/dvtrjsaiftl_000012.wav,DVTrjsaiFtl.mp4,36.87,40.27,3.4,И како и напраеш е сапог да не е скапат.,И ка ке напрааш есапо да не е скапо.,yes
clips/dvtrjsaiftl_000013.wav,DVTrjsaiFtl.mp4,43.01,45.13,2.12,Поред да согласам со снајата за нешто.,Прв пат да согласам со снаата за нешто.,yes
clips/dvtrjsaiftl_000014.wav,DVTrjsaiFtl.mp4,45.53,49.01,3.48,"Две генерации, две мислења. Еден избор.","Две генерации, две мислења. Еден избор.",no
clips/dvtrjsaiftl_000016.wav,DVTrjsaiFtl.mp4,50.91,54.83,3.92,Ја и кафенца ни свари и тука. Мене на тебе ќе текне да ми свараш нокаф.,Ја и кафенца ни сварии тука. Не не на тебе ќе текне да ми свараш едно кафе.,yes
clips/dvtrjsaiftl_000017.wav,DVTrjsaiFtl.mp4,54.91,56.63,1.72,"А јар му се има да не се раскарам, ајде.","Ај арно му се имаме да не се раскарам, ајде.",yes
clips/dvy8sdgeqtb_000000.wav,DVY8sDGEQTB.mp4,1.17,3.39,2.22,Јас ништо не петувам. Само гледам.,Јас ништо не питувам. Само гледам.,yes
clips/dvy8sdgeqtb_000001.wav,DVY8sDGEQTB.mp4,5.16,9.16,4.0,Саа ќе видите топката. Јас не го говорам.,Саа ќе виите вии топката. Јас не го оговарам.,yes
clips/dvy8sdgeqtb_000002.wav,DVY8sDGEQTB.mp4,9.2,12.14,2.94,Јас не ќе јам да кажам кој го фрне губрато воон контењеро,Јас нејќам да кажам кој го фрле ѓубрато вонка од контењеро,yes
clips/dvy8sdgeqtb_000003.wav,DVY8sDGEQTB.mp4,12.14,14.76,2.62,да не излезе после ти рада била губравката у малко.,да не излезе после оти Рада била ѓубрарката у маалта.,yes
clips/dvy8sdgeqtb_000004.wav,DVY8sDGEQTB.mp4,14.92,17.88,2.96,"Ева, ева. Бабе, ело тука на савето.","Ева, ева. Бабе, ело тука на една Савето.",yes
clips/dvy8sdgeqtb_000005.wav,DVY8sDGEQTB.mp4,19.23,20.85,1.62,"На сајве, сав нешто.","На сајве, сав нешто.",no
clips/dvy8sdgeqtb_000006.wav,DVY8sDGEQTB.mp4,21.17,22.51,1.34,На мара рецепт да пуштам.,На Мара рецепт да пуштам.,yes
clips/dvy8sdgeqtb_000007.wav,DVY8sDGEQTB.mp4,22.71,26.95,4.24,"О, на баба знахот ке се разболеа аз това дете го гледам од вчера нешто малаксанко.","О, на баба знајаах ќе се разболеа јас тава дете го гледам од вчера нешто малаксанко.",yes
clips/dvy8sdgeqtb_000008.wav,DVY8sDGEQTB.mp4,27.13,30.83,3.7,"Е, всичко ма боле. Вените ма боле, джилите ма боле, всичко не може.","Е,сичко ма боле. Вените ма боле, жилите ме болат, сичко не можам.",yes
clips/dvy8sdgeqtb_000009.wav,DVY8sDGEQTB.mp4,30.83,32.07,1.24,"Не ја да станам, не можам.","Ја да станам, не можам.",yes
clips/dvy8sdgeqtb_000010.wav,DVY8sDGEQTB.mp4,32.67,36.15,3.48,"Шо баба? Не си гладен? Ако, ќе јадаш.","Шо баба? Не си гладен? Ако, ќе јадаш.",no
clips/dvy8sdgeqtb_000011.wav,DVY8sDGEQTB.mp4,37.19,38.55,1.36,Шо би го рассипнао? Шо?,Шо било расипано? Шо?,yes
clips/dvy8sdgeqtb_000012.wav,DVY8sDGEQTB.mp4,39.29,41.7,2.41,Сос? Сок? Сол?,Сос? Сок? Сол?,no
clips/dvy8sdgeqtb_000013.wav,DVY8sDGEQTB.mp4,42.75,47.19,4.44,"Имам теорија, оти тај со бемвето, он не е зето, он е любовников,","Имам теорија, оти тај со бемвето, он не е зето, он е љубовнико,",yes
clips/dvy8sdgeqtb_000014.wav,DVY8sDGEQTB.mp4,47.31,52.94,5.63,"а тај со каравано, аудето, е оне... е... е он ке видиме шо ке е.","а тај со каравано, аудито, е он е.. е... е он ќе видиме шо ке е.",yes
clips/dvy8sdgeqtb_000015.wav,DVY8sDGEQTB.mp4,53.8,55.42,1.62,"Шо биде баба, па нали?","Шо биде баба, падна ли?",yes
clips/dvy8sdgeqtb_000016.wav,DVY8sDGEQTB.mp4,56.08,57.42,1.34,Така и ке треба да знаш.,Така и ти треба да знааш.,yes
clips/dvy8sdgeqtb_000017.wav,DVY8sDGEQTB.mp4,59.12,61.22,2.1,"Бабе, јас не знам за болести.","Бабе, јас не знам за болести.",no
clips/dvy8sdgeqtb_000018.wav,DVY8sDGEQTB.mp4,61.3,62.86,1.56,Болестите знаат за мене.,Болестите знаат за мене.,no
clips/dvy8sdgeqtb_000019.wav,DVY8sDGEQTB.mp4,65.62,69.02,3.4,"Живото е чудо, ама и чудото може да се досаде.","Живото е чудо, ама и чудото може да се здосаде.",yes
clips/dv_ytb4j77s_000000.wav,DV_yTB4j77s.mp4,2.94,4.66,1.72,"Деца, а бе шо направијете?","Деца, а бе шо направиите?",yes
clips/dv_ytb4j77s_000001.wav,DV_yTB4j77s.mp4,4.94,7.78,2.84,"На Олимпијата, си деку кајаме.","На Олимпијата, сите ги кукааме.",yes
clips/dv_ytb4j77s_000002.wav,DV_yTB4j77s.mp4,8.64,10.4,1.76,"Ове, ме си вдоболил бабо.","Ова, месив дабалју бабо.",yes
clips/dv_ytb4j77s_000003.wav,DV_yTB4j77s.mp4,10.46,14.36,3.9,Не си сувестна колку одопојаме за IQ-ап струмица.,Не си сувестна колку аура поинтс добивме за IQ-ап струмица.,yes
clips/dv_ytb4j77s_000004.wav,DV_yTB4j77s.mp4,14.7,17.36,2.66,"Бо, ние бееме мејн керактер на финал.","Бабо, ние бееме мејн керактер на финаалто.",yes
clips/dv_ytb4j77s_000005.wav,DV_yTB4j77s.mp4,18.21,22.35,4.14,"Македонски ја решиме со интерпункција, некој не може ништо.","Математиката ја решиме со инфинит риз, никој не може ништо.",yes
clips/dv_ytb4j77s_000006.wav,DV_yTB4j77s.mp4,23.03,26.41,3.38,"Рис, мисли. Шо воучите вас туку у тај IQ-ап, а?","Риз, миз. Шо ве учат на вас туку у тај IQ-ап, а?",yes
clips/dv_ytb4j77s_000007.wav,DV_yTB4j77s.mp4,27.16,29.64,2.48,"Леле, бабо, тва е пјур скил.","Леле, бабо, тва е пјур скил.",no
clips/dv_ytb4j77s_000008.wav,DV_yTB4j77s.mp4,29.74,32.72,2.98,Ти мислиш дека овде во IQ-ап само се играме?,Ти мислиш дека овде во IQ-ап само се играме?,no
clips/dv_ytb4j77s_000009.wav,DV_yTB4j77s.mp4,33.06,35.28,2.22,Ама ние овде си го граѓаме фе мозокот.,Ама ние овде си го грајндавме мозокот.,yes
clips/dv_ytb4j77s_000010.wav,DV_yTB4j77s.mp4,35.58,40.2,4.62,"Не сме до ЛОО, туку сме светски шампиони по наука и математика.","Не сме делулу, туку сме светски шампиони по наука и математика.",yes
clips/dv_ytb4j77s_000011.wav,DV_yTB4j77s.mp4,40.68,45.4,4.72,"Другите мисляме дека што на бот, но воајки лапе научивме да размислуваме.","Другите мислааме дека сме бот, но IQ-ап научивме да размислуваме.",yes
clips/dv_ytb4j77s_000012.wav,DV_yTB4j77s.mp4,45.42,49.8,4.38,"Кој не знаеш зашто работи нешто, секој испита ЛОО-то и ЛЕС-от.","Кога знаеш зошто работи нешто, секој испити лоукиј лесен.",yes
clips/dv_ytb4j77s_000013.wav,DV_yTB4j77s.mp4,49.98,54.36,4.38,"Ние овде градиме роботи, правиме експерименти и учиме со раците.","Ние овде градиме роботи, правиме експерименти и учиме со раците.",no
clips/dv_ytb4j77s_000014.wav,DV_yTB4j77s.mp4,54.82,57.7,2.88,"Математиката не е кринч, туку алатка за поведе.","Математиката не е кринџ, туку алатка за победа.",yes
clips/dv_ytb4j77s_000015.wav,DV_yTB4j77s.mp4,58.52,61.38,2.86,"Значи, вие тука не сте биле само на компјутери,","Значи, вие тука не сте биле само на компјутери,",no
clips/dv_ytb4j77s_000016.wav,DV_yTB4j77s.mp4,61.38,65.48,4.1,"Туку сте училе на некој многу поинтересен начин, така ли?","Туку сте училе на некој многу поинтересен начин, така ли?",no
clips/dv_ytb4j77s_000018.wav,DV_yTB4j77s.mp4,67.63,70.59,2.96,"Точно, Ајки опе, есте ја рвешно.","Точно, IQ-ап е ес тир лесен.",yes
clips/dv_ytb4j77s_000019.wav,DV_yTB4j77s.mp4,70.65,74.35,3.7,Седа сите ќе знаат дека децата од Струмици имат најболеа мајки.,Сега сите ќе знаат дека децата од Струмаци имат најбољи мајки.,yes
clips/dv_ytb4j77s_000021.wav,DV_yTB4j77s.mp4,75.49,78.49,3.0,"Мајка баба, овие деца се бистинско злата.","Мајки и баби, овие деца се бистинско злата.",yes
clips/dv_ytb4j77s_000022.wav,DV_yTB4j77s.mp4,78.67,81.11,2.44,Може да се каједно селфи ајс леј!,Може сега едно селфи ај слеј!,yes
clips/dved86rjf9n_000000.wav,DVeD86RjF9N.mp4,0.0,6.32,6.32,КАКО МОЖЕТЕ ДА ГОТВИТЕ БЕШ ПОРЕД И ВИДЛИЛИ РИНГЛИ ДИРЕКТНО НА РАБОТНАТА ПЛОЧА КОјА ВООБШТО НЕ СЕ ЗАГРЕВА?,Како можете да готвите без шпорет и видливи рингли директно на работната плоча која воопшто не се загрева,yes
clips/dved86rjf9n_000001.wav,DVeD86RjF9N.mp4,6.32,20.0,13.68,"Да, да, добро слушнафте, самата површина останува ладна додека се загрева само садот, благодарение на инвизакок невидлива индукцијска технологија која пренесува енергија директно во тавата преку магнетната индукција.","Да, да, добро слушнавте, самата површина останува ладна додека се загрева само садот, благодарение на инвизакок невидлива индукцијска технологија која пренесува енергија директно во тавата преку магнетната индукција.",yes
clips/dved86rjf9n_000002.wav,DVeD86RjF9N.mp4,20.0,26.78,6.78,"Тоа значи дека штом ќе завршите соготвението, можете да го допрете истото това место без опасност да се изгорите.","Тоа значи дека штом ќе завршите со готвењето, можете да го допрете истото тоа место без опасност да се изгорите.",yes
clips/dved86rjf9n_000003.wav,DVeD86RjF9N.mp4,26.9,36.44,9.54,"А најдоброто, истата површина можете да ја користите за што било друго, за јадење, за подготовка на хранена, за сечење на состојки, работа и видружење.","А најдоброто, истата површина можете да ја користите за што било друго, за јадење, за подготовка на храна, за сечење на состојки, работа и дружење.",yes
clips/dved86rjf9n_000004.wav,DVeD86RjF9N.mp4,36.44,39.72,3.28,Се во еден безпрекорно функционален простор.,Се во еден беспрекорно функционален простор.,yes
clips/dvjsbmndjw6_000000.wav,DVjSBMNDJw6.mp4,0.0,10.92,10.92,"Добро бе, нели бе е срам бе? Стара жена да устава да чекам таму на цементо да седам со тенки халхопки бе, цел живот да се каснел бе, как може бе, цел живот да се каснел, сен се каснел, прво да леѓу, второ да леѓу и режу.","Добро бе, нели бе е срам бе? Стара жена да уставате да чекам таму на цементото да седам со тенки халхопки бе, цел живот да се каснел бе, как може бе, цел живот да се каснело бе, се да се каснело, прво одделение, второ одделение.",yes
clips/dvjsbmndjw6_000002.wav,DVjSBMNDJw6.mp4,15.7,17.4,1.7,"Забравих што ти кажува, забравих.","Забравих што ќе ти кажуваах, забравих.",yes
clips/dvjsbmndjw6_000006.wav,DVjSBMNDJw6.mp4,23.38,25.24,1.86,"Ано, губило. Што е това?",Тава ного уво било. Што е това?,yes
clips/dvjsbmndjw6_000009.wav,DVjSBMNDJw6.mp4,27.26,35.44,8.18,"најс, да ги поздраваш, а јас не знам дека тога, а мајте и вози и туриш малко люче која ке му да.","Најс, да ги поздраваш, јас не знам на дека ќе одаах, ама ај ти вози и тури уш малко љутичко ак има на.",yes
clips/dvl1rifdevf_000000.wav,DVl1RifDEvf.mp4,0.24,3.86,3.62,"Како да готвите директно на работната плоча, без видливи ринги?","Како да готвите директно на работната плоча, без видливи рингли?",yes
clips/dvl1rifdevf_000001.wav,DVl1RifDEvf.mp4,3.98,10.14,6.16,"Со невидливата индукција, керамичката работна плоча се претвара во целосно функционална површина за готвење.","Со невидливата индукција, керамичката работна плоча се претвара во целосно функционална површина за готвење.",no
clips/dvl1rifdevf_000002.wav,DVl1RifDEvf.mp4,10.28,15.66,5.38,"Самата таа површина останува ладна и безбедна на допир, додека се загрева само садот.","Самата таа површина останува ладна и безбедна на допир, додека се загрева само садот.",no
clips/dvl1rifdevf_000003.wav,DVl1RifDEvf.mp4,15.76,21.04,5.28,"Тоа значи дека готвењето, подготовката и сервирањето може да се одвиваат на истиот простор,","Тоа значи дека готвењето, подготовката и сервирањето може да се одвиваат на истиот простор,",no
clips/dvl1rifdevf_000004.wav,DVl1RifDEvf.mp4,21.16,26.56,5.4,остободувајќи вредна работна површина и одржувајќи акуината чиста и минималистичка.,ослободувајќи вредна работна површина и одржувајќи акуината чиста и минималистичка.,yes
clips/dvl1rifdevf_000005.wav,DVl1RifDEvf.mp4,26.56,33.68,7.12,"Без рингли, без команди, без нере, само слободот, дополнителен работен простор и модерна елеганција на куинатата.","Без рингли, без команди, без неред, само слобода, дополнителен работен простор и модерна елеганција на кујната.",yes
clips/dvnohhpjhzn_000000.wav,DVnohhPjHzN.mp4,0.95,4.47,3.52,"Значи не флевме дома дека не изедаме, нема на деца да ване.","Значи не флевме дома дека не изедаме, нема на децата даване.",yes
clips/dvnohhpjhzn_000001.wav,DVnohhPjHzN.mp4,4.63,6.27,1.64,"Е, деца не треба да јаат такво.","Е, деца не треба да јаат такво.",no
clips/dvnohhpjhzn_000005.wav,DVnohhPjHzN.mp4,9.37,12.73,3.36,"Ај Снежа ти не говори флеве, ај од тебе, тоа се за тебе, одзад, ајде.","Ај Снежа ти не говори влеви, ај од тебе, еден тост за тебе одзад, ајде.",yes
clips/dvnohhpjhzn_000006.wav,DVnohhPjHzN.mp4,13.29,14.69,1.4,"Се си манаджи, флеве, ајде.","Се си манаџии, флеве, ајде.",yes
clips/dvthvkmce1f_000000.wav,DVthVKMCE1f.mp4,0.99,4.69,3.7,"Ало, беќе, паднави се Кирта Омедо.","Ало, Беттче, падна ви секиирта у медо.",yes
clips/dvthvkmce1f_000001.wav,DVthVKMCE1f.mp4,5.05,8.19,3.14,"Многу арен дечко има таа твоја фнукичка, многу мајаресе.","Ного арен дечко има таа твоја внукичка, многу ма аресе.",yes
clips/dvthvkmce1f_000002.wav,DVthVKMCE1f.mp4,8.35,9.59,1.24,И не го познавам.,И не го познавам.,no
clips/dvthvkmce1f_000003.wav,DVthVKMCE1f.mp4,9.71,12.77,3.06,"И што обитно, која фамилија, човек по пазарлаку се познава.","И шо е битно, од која фамилија, човек по пазарлаку се познава.",yes
clips/dvthvkmce1f_000004.wav,DVthVKMCE1f.mp4,14.98,16.46,1.48,И как што има врска.,И как што има врска.,no
clips/dvthvkmce1f_000005.wav,DVthVKMCE1f.mp4,17.26,22.2,4.94,"Нек ми, случајно го виде, грабнал пе чешкија сина, значи, јако дете.","Некнии, случајно го видех, грабнал 5-6 кесина значи, јако дете.",yes
clips/dvthvkmce1f_000006.wav,DVthVKMCE1f.mp4,22.34,26.22,3.88,"Друго, пазарува у Царвена Ружа маркети, значи, економичене.","Друго, пазарува у Црвена Ружа маркети, значи, економичен е.",yes
clips/dvthvkmce1f_000007.wav,DVthVKMCE1f.mp4,26.32,27.48,1.16,Там е најефтино.,Там е најефтино.,no
clips/dvthvkmce1f_000008.wav,DVthVKMCE1f.mp4,27.48,38.14,10.66,"Трето, патриот бе, купува од наши маркети струмички, некни, макнаше джогер, тенджерина, играчки, сеоцарвена ружа, значи не е рашатар, купува целот едно место.","Трето, патриот бе, купува од наши маркети струмички, некни, макнаше џогер, тенџерина, играчки, се од црвена ружа, значи не е рашатар, купува се од едно место.",yes
clips/dvthvkmce1f_000010.wav,DVthVKMCE1f.mp4,39.02,41.68,2.66,Да питах таман да кој брчет да нема за фнукичката.,Да питах тама некој братучед да нема за внукичката.,yes
clips/dvthvkmce1f_000011.wav,DVthVKMCE1f.mp4,42.21,43.41,1.2,"Е, изключим.","Е, исклучи ми.",yes
clips/dvthvkmce1f_000012.wav,DVthVKMCE1f.mp4,44.05,47.15,3.1,"Неја кека питам, ке си најдам некој зет на акција и јас поарен.","Нее ќе га питам, ќе си најдам некој зет на акција и јас поарен.",yes
clips/dvyd8hrk8_5_000000.wav,DVyD8HRk8-5.mp4,0.0,4.54,4.54,Бобружо! Бобружо! А што правате?,Баб Ружо! Баб Ружо! Шо правате?,yes
clips/dvyd8hrk8_5_000002.wav,DVyD8HRk8-5.mp4,9.41,14.05,4.64,"Е, е, скира шо? Децата ја ги играци мирни са гласни.",Еј е ќере шо? Децата ја ги играат си мирни са гласни.,yes
clips/dvyd8hrk8_5_000003.wav,DVyD8HRk8-5.mp4,14.29,18.43,4.14,"Да, гласни има. Дрмнала сам малку шкута, серијата што ја ги гледа.","Да, гласни има. Дремнала сам малко од таа серијата што га гледах.",yes
clips/dvyd8hrk8_5_000004.wav,DVyD8HRk8-5.mp4,18.53,20.43,1.9,"Ај, бабе, една чаша го очакам да неси.","Ај, бабе, една чаша војчка ми донеси.",yes
clips/dvyd8hrk8_5_000006.wav,DVyD8HRk8-5.mp4,21.41,25.63,4.22,"Сепот кон дал не си скира. Ај, на баба златни деца, морам да ги видим ногом слушам.","Сее контрола не се секири. Ај, на баба златни деца, мори види ги ного ме слушат.",yes
clips/dw1yynhcnj4_000000.wav,DW1YynhCNj4.mp4,0.0,1.02,1.02,"Абе, дека сте?","Абе, дека сте?",no
clips/dw1yynhcnj4_000001.wav,DW1YynhCNj4.mp4,1.46,2.52,1.06,"Е, абе, деме.","Е, ја дојдееме.",yes
clips/dw1yynhcnj4_000002.wav,DW1YynhCNj4.mp4,2.88,4.34,1.46,Се ли за мата од дома?,Се ли земате од дома?,yes
clips/dw1yynhcnj4_000006.wav,DW1YynhCNj4.mp4,7.72,9.02,1.3,Одобрени од родител?,Одобрени од родител?,no
clips/dw1yynhcnj4_000008.wav,DW1YynhCNj4.mp4,10.1,11.2,1.1,Кажете ли се дома?,Кажете ли се дома?,no
clips/dw1yynhcnj4_000015.wav,DW1YynhCNj4.mp4,17.21,18.47,1.26,А баба Ружов?,А баба Ружа?,yes
clips/dw1yynhcnj4_000016.wav,DW1YynhCNj4.mp4,21.52,23.56,2.04,"Полека бе, бабе, ќе ме забораваат, а полека.","Полека бе, бабе, ќе ме забораваате, полека.",yes
clips/dw1yynhcnj4_000017.wav,DW1YynhCNj4.mp4,25.48,26.82,1.34,Че ме забораваат.,Ќе ме забораваате.,yes
clips/dw1yynhcnj4_000018.wav,DW1YynhCNj4.mp4,26.92,28.38,1.46,"Ајде, баба Ружов, даме торбите.","Ајде, баба Ружа, давај торбите.",yes
clips/dw1yynhcnj4_000019.wav,DW1YynhCNj4.mp4,28.62,31.5,2.88,"Ако господ те забраја, ние нема да те забраја.","Ако господ те забраае, ние нема да те забраеме.",yes
clips/dw1yynhcnj4_000020.wav,DW1YynhCNj4.mp4,32.24,33.88,1.64,"Хе, хе, хе, ќе се ајде.","Хе, хе, хе, што се ајде.",yes
clips/dw6rwhydbqa_000000.wav,DW6rWhyDBQA.mp4,1.2,2.44,1.24,"Знаеш, има нови.",Знааш шо има ново.,yes
clips/dw6rwhydbqa_000001.wav,DW6rWhyDBQA.mp4,2.44,4.78,2.34,"Аман, Морис Нежи, изгорна се да уговараш, еј!","Аман, Мори Снежо, изгорна се да уговараш, еј!",yes
clips/dw6rwhydbqa_000002.wav,DW6rWhyDBQA.mp4,5.14,7.94,2.8,Абе не уговарам. Цел град говора за него.,Абе не уговарам. Цел град говоре за него.,yes
clips/dw6rwhydbqa_000003.wav,DW6rWhyDBQA.mp4,8.22,10.8,2.58,"Не се дружи со звера, ке таа испорасипа.","Не се дружи со Вера, ќе те испорасипа.",yes
clips/dw6rwhydbqa_000004.wav,DW6rWhyDBQA.mp4,10.98,12.94,1.96,Мене нема интересира ништо.,Мене нема интересире ништо!.,yes
clips/dw6rwhydbqa_000006.wav,DW6rWhyDBQA.mp4,13.64,17.38,3.74,"Аба слуша саа ти, овде ти работи. Жено, живеј бе!","Абе слуша саа ти, ости тии работи. Жено, живеј бе!",yes
clips/dw6rwhydbqa_000007.wav,DW6rWhyDBQA.mp4,19.22,23.27,4.05,Знаете ли што има ново оградо? Ново концепт на ниво.,Знаете ли што има ново у градо? Ново концепт мени.,yes
clips/dw6rwhydbqa_000008.wav,DW6rWhyDBQA.mp4,23.33,25.37,2.04,500 калории. Те е изгалансират.,500 калории. Се избалансирано.,yes
clips/dw6rwhydbqa_000009.wav,DW6rWhyDBQA.mp4,26.47,29.65,3.18,"Протеини, зеленчук, јагли хидрате, се е измислено за вас.","Протеини, зеленчук, јаглихидрати, се е измислено за вас.",yes
clips/dw6rwhydbqa_000010.wav,DW6rWhyDBQA.mp4,30.62,33.9,3.28,"А што најважно, не можеш да си мислиш ништо да глапнеш.","А што најважно, не можеш да се мисљаш и шо да готваш.",yes
clips/dw6rwhydbqa_000012.wav,DW6rWhyDBQA.mp4,37.67,39.29,1.62,"Таа мишра гјала, а ти па?",Таа ми раѓалаати па!,yes
clips/dw6rwhydbqa_000014.wav,DW6rWhyDBQA.mp4,41.26,43.96,2.7,Какво порачуваа на Снежо во последен пат од интернетка?,Какво порачуване на Снежо во последен пат од интернет?,yes
clips/dw6rwhydbqa_000015.wav,DW6rWhyDBQA.mp4,43.96,45.88,1.92,"Пораче ги јал за вени, стигна лепак за глупци.","Ка порачи гел за вени, стигна лепак за глупци.",yes
clips/dw6rwhydbqa_000016.wav,DW6rWhyDBQA.mp4,45.96,47.44,1.48,Три дена бејах залепана на столовни.,Три дена бејах залепана на столо.,yes
clips/dw6rwhydbqa_000018.wav,DW6rWhyDBQA.mp4,48.44,50.12,1.68,"Ај, директно концептот, ај.","Ај, директ у концепт одаме ајј.",yes
clips/dw6rwhydbqa_000019.wav,DW6rWhyDBQA.mp4,51.19,53.15,1.96,"Меле, не те интересираш? Е, Рузо, Рузо...","Нели не те интересираше?! Ружо, Ружооо...",yes
clips/dw6rwhydbqa_000020.wav,DW6rWhyDBQA.mp4,53.75,54.97,1.22,"Ајде, Снеджо, бори пред мене, ајде.",Ај Снежо врви пред мене ај,yes
clips/dw9ryljdjhl_000000.wav,DW9RYLJDJHl.mp4,2.48,7.56,5.08,"Слуши, ќе ти кажам шо сам разберала, ама на никој не смееш да зуцмаш.","Слуши, ќе ти кажам шо сам разберала, ама на никој не смееш да зуцнаш.",yes
clips/dw9ryljdjhl_000001.wav,DW9RYLJDJHl.mp4,11.65,14.06,2.41,"Епа, шо расправаш?",Евааа!!! Шо расправаш?,yes
clips/dw9ryljdjhl_000002.wav,DW9RYLJDJHl.mp4,15.75,18.79,3.04,Вонредни вести се авуваме у центар на Струмица.,Вонредни вести се јавуваме у центар на Струмица.,yes
clips/dw9ryljdjhl_000003.wav,DW9RYLJDJHl.mp4,18.95,21.61,2.66,Ја шо мојата фнухичка ми кажа да не кажувам.,Ја шо мојата внукичка ми кажа да не кажувам.,yes
clips/dwegznkjjot_000000.wav,DWEgZNkjJOT.mp4,1.14,7.98,6.84,"Добра бобаружа, прицетко стабилизиран, ама дета и мора да остате малку баба да одмора.","Добро е Баба Ружо, притисоко стабилизиран, ама деца ќе мора да га оставате баба малко да одморе.",yes
clips/dwegznkjjot_000001.wav,DWEgZNkjJOT.mp4,8.32,10.58,2.26,Ама нисме гладни.,Ама нии сме гладни.,yes
clips/dwegznkjjot_000002.wav,DWEgZNkjJOT.mp4,10.66,14.38,3.72,"Гладни ли сте? Ајде, одмас станувам да направам нешто за јаден.","Гладни ли сте? Ајде, одма станувам да направам нешто за јадене.",yes
clips/dwmdvjrd1h4_000000.wav,DWMDVjRD1H4.mp4,0.21,6.11,5.9,"Ки ми кажат, ба бружо гледай се кокошките, сакам да керам, ама не можам веќе, ама има некој многу поарно што ги гледам.","Ке ми кажат, Баба Ружо глеј си кокошките, сакам бе кере, ама не можам веќе, ама има некој многу шо ного поарно што ги гледе.",yes
clips/dwmdvjrd1h4_000001.wav,DWMDVjRD1H4.mp4,7.1,14.72,7.62,"Види ги, живеат полво од министри, поразгалени се, уцини единец на мајка, а порелаксирани се од сната кодека и сватите на гостите.","Види ги, живеат поуво од министри, поразгалени се, уд син единец на мајка, а порелаксирани се од снаата коо оде кај сваќата на госте.",yes
clips/dwmdvjrd1h4_000002.wav,DWMDVjRD1H4.mp4,15.95,18.61,2.66,"Ајде лепа, ајде брена, ајде цето!","Ајде лепа, ајде брена, ајде цецо!",yes
clips/dwmdvjrd1h4_000003.wav,DWMDVjRD1H4.mp4,21.32,26.6,5.28,"Види, Лушпа, а жрчката какаја виш, одмаш знаеш право, ти и кокошки се видели сонце, не сија лици.",Види љушпа! А ж'чката ка ке га видаш.... Одма знааш право оти тии кокошки се виделесонце Не сијалици.,yes
clips/dwmdvjrd1h4_000005.wav,DWMDVjRD1H4.mp4,28.36,35.02,6.66,"Е, ето качка. Ах сакаш домашни убави јајца, земи си од тук.","Полека бабе! А такачка, ако сакаш домашни убави јајца, земи си од тука!",yes
clips/dwzwcfrdz6p_000000.wav,DWZWCFrDZ6P.mp4,1.1,14.34,13.24,"Мамо, пато, работата ја сериозно. Светот се менува. Мештачката интелигенција веќе знае се. Проблемот не е до технологијата. Толку што јас само гледам, а не создавам.","Мамо, пато, работата ја сериозно. Светот се менува. Вештачката интелигенција веќе знае се. Проблемот не е до технологијата. олку што јас само гледам, а не создавам.",yes
clips/dwzwcfrdz6p_000001.wav,DWZWCFrDZ6P.mp4,14.68,26.58,11.9,Ми барам бизнес инвестиција од 500 денари во парат и гава. Ми требаат 90 минути чиста научна акција и во зворот добивате искусство што го менува начинот на кој е размислов.,Ми барам бизнес инвестиција од 500 денари во парата и глава. Ми требаат 90 минути чиста научна акција и за возврат добивате искуство што го менува начинот на кој е размислувате.,yes
clips/dwwzmwejcxc_000000.wav,DWwZMWEjCxc.mp4,0.0,2.96,2.96,"Абе, страх ме е, нем бе, бата. Е, ги, шо дожирајахме.",Абе страх мее!! Нем бе баба нем Ејгиди шо доживејах!!,yes
clips/dwwzmwejcxc_000001.wav,DWwZMWEjCxc.mp4,3.16,6.9,3.74,"Бабружо, бабружо, не боле, како марче е, глеј.","Абе Баба Ружо, не боле как комарче е, глеј.",yes
clips/dwwzmwejcxc_000002.wav,DWwZMWEjCxc.mp4,6.96,9.34,2.38,"Абе, ај, ти, јак, зенќа си.",Абе ај ти јака женска си!!,yes
clips/dwwzmwejcxc_000003.wav,DWwZMWEjCxc.mp4,9.42,11.22,1.8,"Не ли си модерна, ти, баба?","Нели си модерна, ти, баба?",yes
clips/dwwzmwejcxc_000004.wav,DWwZMWEjCxc.mp4,11.46,13.24,1.78,"Не боле, бабружо, не боле, бабружо.","Не боле, Баба Ружо, не боле, бабружо.",yes
clips/dwwzmwejcxc_000005.wav,DWwZMWEjCxc.mp4,13.34,15.18,1.84,"Ама ке ти, папа, бабата.",Ама ќе си поубава од снаата!!!,yes
clips/dwwzmwejcxc_000006.wav,DWwZMWEjCxc.mp4,15.78,17.02,1.24,Шо ке и праваме?,Шо ке и праааме?,yes
clips/dwwzmwejcxc_000007.wav,DWwZMWEjCxc.mp4,17.28,19.78,2.5,"Е, бабружо, вие како престанувајте, вие, вие, вие.","Еј Баба Ружо, виј каков прстен! Види види...",yes
clips/dwwzmwejcxc_000009.wav,DWwZMWEjCxc.mp4,22.6,23.82,1.22,"Е, стварно не боле.","Еее, стварно не боле.",yes
clips/dwwzmwejcxc_000010.wav,DWwZMWEjCxc.mp4,24.12,25.92,1.8,Не сте секирни.,Не се секири.,yes
clips/dwwzmwejcxc_000011.wav,DWwZMWEjCxc.mp4,26.16,28.08,1.92,Бива ли саја за да поучастам нешто на вас?,Бива ли саа јас да ве почастам нешто на вас?,yes
clips/dwwzmwejcxc_000012.wav,DWwZMWEjCxc.mp4,28.08,33.55,5.47,"И може за керката, но бувај за мен да си зајем некој.",!!! 1!! Тии може за керката... И за мене да си земам некој!,yes
clips/dwwzmwejcxc_000013.wav,DWwZMWEjCxc.mp4,33.55,36.79,3.24,"За сино, за зето, за снајичката тука.","За сино, за зето, за снајичката тука.",no
clips/dwwzmwejcxc_000014.wav,DWwZMWEjCxc.mp4,36.91,48.16,11.25,Како се изнапознава?,Како се изнапознав?,yes
clips/dx7oysimsav_000000.wav,DX7oYsIMSaV.mp4,0.0,3.6,3.6,Дали некога сте видели плоча за готвење без видливи рингли?,Дали некогаш сте виделе плоча за готвење без видливи рингли?,yes
clips/dx7oysimsav_000001.wav,DX7oYsIMSaV.mp4,3.64,6.92,3.28,"Замислете да готвите директно на вашата работна површина,","Замислете да готвите директно на вашата работна површина,",no
clips/dx7oysimsav_000002.wav,DX7oYsIMSaV.mp4,6.96,10.26,3.3,"кажешто само магнетната индукција ги загрева садовите,","кадешто само магнетната индукција ги загрева садовите,",yes
clips/dx7oysimsav_000003.wav,DX7oYsIMSaV.mp4,10.32,13.1,2.78,додека самата површина останува ладна на допир.,додека самата површина останува ладна на допир.,no
clips/dx7oysimsav_000005.wav,DX7oYsIMSaV.mp4,14.28,17.18,2.9,Внесува елеганција и луксус во вашата куина.,Внесува елеганција и луксуз во вашата кујна.,yes
clips/dxjldwcddqd_000000.wav,DXJlDwcDDQd.mp4,1.83,9.37,7.54,"Само се шегувам. Дори и кога готвите по-долго, како што правевме ние, не грижете се и не можете да се изборите со инвизакук.","Само се шегувам. Дури и кога готвите подолго, како што правевме ние, не грижете се и не можете да се изборите со инвизакук.",yes
clips/dxr2agbiglt_000000.wav,DXR2agbiGLt.mp4,0.97,4.72,3.75,"Извини, извини. Олека баба, не се секири. Слуша да те питам нешто.","Извини, извини. Полека баба, не се секири. Слуши да те питам нешто.",yes
clips/dxr2agbiglt_000001.wav,DXR2agbiGLt.mp4,4.78,8.5,3.72,"Ти газдата ли си? Не, не си газда, а? Ими, зашто возичек си газда?","Ти газдата ли си? Не, не си газда, а? Ими, зашо возеш си газда?",yes
clips/dxr2agbiglt_000002.wav,DXR2agbiGLt.mp4,9.08,11.72,2.64,"Мез да одмараш. Слуша да те питам нешто. Ти јаден ли си, бе сине?","Наместо да одмараш. Слуша да те питам нешто. Ти јаден ли си, бе сине?",yes
clips/dxr2agbiglt_000003.wav,DXR2agbiGLt.mp4,11.98,15.54,3.56,"А? Мајци, имаш ли одоздоја? Ева Боже, ќе ја измрзнат бетото.","А? Мајца, имаш ли одоздола? Ева Боже, ќе ја измрзна детто.",yes
clips/dxr2agbiglt_000004.wav,DXR2agbiGLt.mp4,15.58,18.2,2.62,А тај тој автобус многу ли е барз? Колку барзини има?,А тај тук автобус многу ли е брз? Колку брзини има?,yes
clips/dxr2agbiglt_000005.wav,DXR2agbiGLt.mp4,18.46,21.0,2.54,"Шшш, леташ, не ли? Слуша, јас ќе го натошче ќе ви направам.","Шшш, леташ, нели? Слуши, јас ќе одам едно тосче да ти направам, бива ли?",yes
clips/dxr2agbiglt_000006.wav,DXR2agbiGLt.mp4,21.0,23.02,2.02,"Моќе ли? Ај на баба, дете, му ревирам.","Може ли? Ај на баба, дете, мури види го!",yes
clips/dxr2agbiglt_000007.wav,DXR2agbiGLt.mp4,24.76,27.12,2.36,"Само дознајте, сега засоруваме на пауза.","Само да знаете, сега застануваме на пауза.",yes
clips/dxr2agbiglt_000008.wav,DXR2agbiGLt.mp4,31.2,32.58,1.38,"Чекай, ај на баба, му ревирам.","Чекај, ај на баба, море види.",yes
clips/dxr2agbiglt_000009.wav,DXR2agbiGLt.mp4,33.84,35.86,2.02,"Ај на баба, што го, бобузи, многу.",НА БАБА ШО УБАВО ВОЗИ,yes
clips/dxr2agbiglt_000010.wav,DXR2agbiGLt.mp4,36.36,37.8,1.44,Сега да имаќе на 500 кр.,СЕГА ДА ИМА ЕДНА 500 ДА ТИ ДАДААХ,yes
clips/dxuz7hwev_1_000000.wav,DXuZ7HwEV_1.mp4,0.0,4.54,4.54,Предходната влада на ВМРО воведе со закон регистр на педофилија.,Претходната влада на ВМРО воведе со закон регистар на педофилија.,yes
clips/dxuz7hwev_1_000003.wav,DXuZ7HwEV_1.mp4,6.76,7.86,1.1,Го нема онлайн.,Го нема онлајн.,yes
clips/dxuz7hwev_1_000004.wav,DXuZ7HwEV_1.mp4,8.1,12.26,4.16,Регистр за педофилија има во цел цивилизиран западен свет.,Регистар за педофилија има во цел цивилизиран западен свет.,yes
clips/dxuz7hwev_1_000005.wav,DXuZ7HwEV_1.mp4,12.48,16.6,4.12,"Значи регистр на педофилија донесе предходната влада на ВМРО допаменае,","Значи регистар на педофилија донесе претходната влада на ВМРО ДПМНЕ,",yes
clips/dxuz7hwev_1_000006.wav,DXuZ7HwEV_1.mp4,16.6,19.4,2.8,село само тоа ја укина. Не само што ја укина.,СДСМ дојде ја укина. Не само што ја укина.,yes
clips/dxuz7hwev_1_000007.wav,DXuZ7HwEV_1.mp4,19.84,27.13,7.29,"Туку има една позиција дека тоа не било кривишно дело од побуди,","Туку имаа една позиција дека тоа не било кривично дело од побуди,",yes
clips/dxuz7hwev_1_000008.wav,DXuZ7HwEV_1.mp4,27.29,33.07,5.78,"току било психичка состојба, па дури во заштитени групи дел ги ставаа.","туку било психичка состојба, па дури во заштитени групи дел ги ставаа.",yes
clips/dxuz7hwev_1_000009.wav,DXuZ7HwEV_1.mp4,33.15,36.13,2.98,"Они ултра хардкорли, беа хардкорли вечери.","Они ултра хардкор, беа хардкор левичари.",yes
clips/dxuz7hwev_1_000010.wav,DXuZ7HwEV_1.mp4,36.19,39.85,3.66,Тоа беа групи кои што беа ултра радикални.,Тоа беа групи кои што беа ултра радикални.,no
clips/dxuz7hwev_1_000011.wav,DXuZ7HwEV_1.mp4,39.93,44.27,4.34,"Дури вршија притисување, текнува дека дава пари за...","Дури вршија притисоци, текнува дека дава пари за...",yes
clips/dxuz7hwev_1_000012.wav,DXuZ7HwEV_1.mp4,44.27,46.61,2.34,"како си ги каже, за лубриканти.","како се викаше, за лубриканти.",yes
clips/dxuz7hwev_1_000013.wav,DXuZ7HwEV_1.mp4,46.79,51.23,4.44,Една препорака до ова владеачко мнозинство.,Една препорака до ова владеачко мнозинство.,no
clips/dxuz7hwev_1_000014.wav,DXuZ7HwEV_1.mp4,51.87,54.03,2.16,Законот назад регистра на педофили.,Законот назад регистар на педофили.,yes
clips/dxuz7hwev_1_000015.wav,DXuZ7HwEV_1.mp4,54.03,55.29,1.26,Као со свет?,Као у цел свет,yes
clips/dyko2tygqid_000000.wav,DYKO2TYgQId.mp4,0.0,5.92,5.92,"Около еден час изутрината ми кажа дека Ердоган, кој што до тогаш не се знаеше каде е,","Околу еден час изутрината ми кажа дека Ердоган, кој што до тогаш не се знаеше каде е,",yes
clips/dyko2tygqid_000001.wav,DYKO2TYgQId.mp4,6.02,11.66,5.64,"дека ќе слета во делот, на транзитниот дел на аеродромот Кемалата Турк во Турција.","дека ќе слета во делот, на транзитниот дел на аеродромот Кемал Ататурк во Турција.",yes
clips/dyko2tygqid_000002.wav,DYKO2TYgQId.mp4,11.68,14.18,2.5,Тој следува на делот на аеродромот кај што сме није.,Тој следува на делот на аеродромот кај што сме ние.,yes
clips/dyko2tygqid_000003.wav,DYKO2TYgQId.mp4,14.56,16.96,2.4,"Доаѓа војска, полицијата е веќе внатре.","Доаѓа војска, полицијата е веќе внатре.",no
clips/dyko2tygqid_000004.wav,DYKO2TYgQId.mp4,17.2,22.66,5.46,"И најлоштото сценарије што си го прави во главата, дека во местото кај што сме није,","И најлоштото сценарипо што си го прави во главата, дека во местото кај што сме ние,",yes
clips/dyko2tygqid_000005.wav,DYKO2TYgQId.mp4,23.34,24.8,1.46,може си да се случи.,може се да се случи.,yes
clips/dyko2tygqid_000006.wav,DYKO2TYgQId.mp4,24.8,31.04,6.24,"и тогаш се јавев и дома, викам тука е ситуацијата многу лоша, искрено да кажа малци се вознемирив,","и тогаш се јавев и дома, викам тука е ситуацијата многу лоша, искрено да кажам малце се вознемирив,",yes
clips/dyko2tygqid_000007.wav,DYKO2TYgQId.mp4,31.52,37.08,5.56,"викам што да правиме, му се јавев на тогашниот македонски амбасадор во Турција,","викам што да правиме, му се јавев на тогашниот македонски амбасадор во Турција,",no
clips/dyko2tygqid_000008.wav,DYKO2TYgQId.mp4,37.08,44.2,7.12,"му викам амбасадоре тука е лошо, може да се чуат многу работи, веќе слушаме пукања, имаше и детонацији неколку,","му викам амбасадоре тука е лошо, може да се чујат многу работи, веќе слушаме пукања, имаше и детонации неколку,",yes
clips/dyko2tygqid_000009.wav,DYKO2TYgQId.mp4,44.26,49.88,5.62,"дали може некој да дојде да ми излечи, викам нема шанси некој да ви излечи, затоа што нема ни мене кој да ми излечи.","дали може некој да дојде да не извлечи, викам нема шанси некој да ве извлечи, затоа што нема ни мене кој да ми извлечи.",yes
clips/dykgj4yojx5_000000.wav,DYKgJ4YOJx5.mp4,2.9,10.94,8.04,Државата е во сериосно погрешен стратегшки правец и мислам дека треба за тоа да разговараме.,Државата е во сериосно погрешен стратешки правец и мислам дека треба за тоа да разговараме.,yes
clips/dykgj4yojx5_000001.wav,DYKgJ4YOJx5.mp4,30.06,33.5,3.44,"пронешниот председател Пендаровски, на која се договарало","поранешниот претседател Пендаровски, на која се договарало",yes
clips/dykgj4yojx5_000002.wav,DYKgJ4YOJx5.mp4,33.5,36.6,3.1,"наводно вречењето на Грујевски, се споменува дека и вие сте биле","наводно враќањето на Грујевски, се споменува дека и вие сте биле",yes
clips/dykgj4yojx5_000003.wav,DYKgJ4YOJx5.mp4,36.6,39.46,2.86,на таа средба. Може ли да ни кажете што точно се случи?,на таа средба. Може ли да ни кажете што точно се случи?,no
clips/dykgj4yojx5_000004.wav,DYKgJ4YOJx5.mp4,40.92,45.48,4.56,Пак ќе кажам за тоа периферни прашања на кои што на вистина,Пак ќе кажам се тоа периферни прашања на кои што на вистина,yes
clips/dykgj4yojx5_000005.wav,DYKgJ4YOJx5.mp4,45.48,49.8,4.32,не сакам да трошам не само од оваа минутажа важна во оваа,не сакам да трошам не само од оваа минутажа важна во оваа,no
clips/dykgj4yojx5_000006.wav,DYKgJ4YOJx5.mp4,49.8,53.9,4.1,"телевизија, току обшто во мојото политичко действује.","телевизија, току општо во мојото политичко дејствување.",yes
clips/dykgj4yojx5_000007.wav,DYKgJ4YOJx5.mp4,54.24,58.5,4.26,Затоа што се случуваат премногу големи и алармантни,Затоа што се случуваат премногу големи и алармантни,no
clips/dykgj4yojx5_000008.wav,DYKgJ4YOJx5.mp4,58.5,63.74,5.24,со стеби кои што го одредуваат правецот на тоа каде одиме како држава,состојби кои што го одредуваат правецот на тоа каде одиме како држава,yes
clips/dykgj4yojx5_000009.wav,DYKgJ4YOJx5.mp4,63.74,68.68,4.94,"за да изгубиме од драгоценов време, да разговараме за повеќе шоу,","за да изгубиме од драгоцено време, да разговараме за повеќе шоу,",yes
clips/dykgj4yojx5_000010.wav,DYKgJ4YOJx5.mp4,68.68,73.92,5.24,"прашања и шпекулаци кои што ниту можам сега да ги демонтирам,","прашања и шпекулации кои што ниту можам сега да ги демантирам,",yes
clips/dykgj4yojx5_000011.wav,DYKgJ4YOJx5.mp4,74.04,78.76,4.72,да ги потврдам и мислам дека нема да служи на јавност на ниједен начин.,да ги потврдам и мислам дека нема да служи на јавноста на ниеден начин.,yes
clips/dyki8_lm7rh_000000.wav,DYKi8-LM7Rh.mp4,0.0,5.68,5.68,"Содјаво нема да садиш Бостон, кога еднушки си го продадеш образот за малку пари,",СО ГАОЛО НЕМОЛ ДА САДИШ БОСТАН КОГА ЕДНАШ КЕ СИ ГО ПРОДАДЕШ ОБРАЗОТ ЗАМАЛО ПАРЕ,yes
clips/dyki8_lm7rh_000001.wav,DYKi8-LM7Rh.mp4,6.4,10.0,3.6,"никогаш не можеш да си го одкупиш, повторно назад, ни за многу пари.","никогаш не можеш да си го откупиш, повторно назад, ни за многу пари.",yes
clips/dyki8_lm7rh_000002.wav,DYKi8-LM7Rh.mp4,10.0,11.4,1.4,А стаги тој да го вика...,А старите ова го викаа.,yes
clips/dym_dxmufqj_000000.wav,DYM-DxmuFQJ.mp4,0.0,3.94,3.94,"Ако можеш да го замениш животот со некој на 24 часа,","Ако можеш да го замениш животот со некој на 24 часа,",no
clips/dym_dxmufqj_000001.wav,DYM-DxmuFQJ.mp4,4.71,5.82,1.11,кој би било тоа?,кој би било тоа?,no
clips/dym_dxmufqj_000002.wav,DYM-DxmuFQJ.mp4,5.94,11.12,5.18,"Машката популација точно знае со кого би заменил 24 саја,","Машката популација точно знае со кого би заменил 24 саата,",yes
clips/dym_dxmufqj_000003.wav,DYM-DxmuFQJ.mp4,11.16,13.3,2.14,"ти бар, да не...","бар, да не...",yes
clips/dym_dxmufqj_000004.wav,DYM-DxmuFQJ.mp4,13.3,15.34,2.04,"Со Хио Хефнер, Бог да го прости.","Со Хио Хефнер, Бог да го прости.",no
clips/dym_dxmufqj_000005.wav,DYM-DxmuFQJ.mp4,16.34,19.1,2.76,Но не би променил ништо во мојот живот.,Но не би променил ништо во мојот живот.,no
clips/dym_dxmufqj_000006.wav,DYM-DxmuFQJ.mp4,20.25,22.85,2.6,"Ако ме праша в това пред 26 години,","Ако ме прашавте ова пред 26 години,",yes
clips/dym_dxmufqj_000007.wav,DYM-DxmuFQJ.mp4,22.91,25.83,2.92,"кога се роди првиот мој син Марко,","кога се роди првиот мој син Марко,",no
clips/dym_dxmufqj_000008.wav,DYM-DxmuFQJ.mp4,25.83,30.49,4.66,"Ако може би кидав едно 18 одговори,","можеби ќе дадев едно 18 одговори,",yes
clips/dym_dxmufqj_000009.wav,DYM-DxmuFQJ.mp4,30.49,36.61,6.12,"меѓу кои Том Круз, меѓу кои Хио Хефнер го кажав во Playboy Mention","меѓу кои Том Круз, меѓу кои Хио Хефнер го кажав во Playboy Mention",no
clips/dym_dxmufqj_000010.wav,DYM-DxmuFQJ.mp4,36.61,39.91,3.3,"да седиш 24 саати, сега не би променил со моите деца,","да седиш 24 саати, сега не би променил со моите деца,",no
clips/dym_dxmufqj_000011.wav,DYM-DxmuFQJ.mp4,39.99,42.89,2.9,не би променил абсолютно ништо и не би се мењал со никој.,не би променил апсолутно ништо и не би се мењал со никој.,yes
clips/dym_dxmufqj_000012.wav,DYM-DxmuFQJ.mp4,42.99,46.55,3.56,Би сакал сите да имаат насмевката и среќата,Би сакал сите да ја имаат насмевката и среќата,yes
clips/dym_dxmufqj_000013.wav,DYM-DxmuFQJ.mp4,48.89,53.47,4.58,"гледајќи децата како си растат покрени со сите свои турбуленци,","гледајќи децата како си растат покрај нив со сите свои турбуленци,",yes
clips/dym_dxmufqj_000014.wav,DYM-DxmuFQJ.mp4,53.47,57.87,4.4,"и со падови успони, и со нервози, и со заљубување, со одљубување,","и со падови успони, и со нервози, и со заљубување, со одљубување,",no
clips/dym_dxmufqj_000015.wav,DYM-DxmuFQJ.mp4,57.93,63.23,5.3,"со све, да бидат дел од дневниот живот и да видам тогаш","со све, да бидат дел од дневниот живот и да видам тогаш",no
clips/dym_dxmufqj_000016.wav,DYM-DxmuFQJ.mp4,63.23,64.35,1.12,дали ги се мењаат се некои.,дали ќе се мењаат се некои.,yes
clips/dymblixetrz_000000.wav,DYMblIXEtRZ.mp4,0.0,17.76,17.76,"Заврши пресот господина Трайко Славевски со стил на Антил Лопа и Брзина Нусеин Болт шмугна од мене кидно салата за што сакава да го прашам. Уште некој прашање, не можејки од неговите вработени, за мислите да ви покана дома на гости и да ви свиркат и да ви украат. Е, тоа се случи во Народна банка.","ЗАВРШИ ПРЕСОТ, ГОСПОДИНОТ ТРАЈКО СЛАВЕВСКИ СО СЛАВЕВСКИ СО СТИЛ НА АНТИЛОПА И БРЗИНА НА УСЕИН БОЛТ ШМУГНА ОД МЕНЕ, ЗАТОА ШТО САКАВ ДА ГО ПРАШАМ УШТЕ НЕКОЕ ПРАШАЊЕ, НЕ МОЖЕЈЌИ ОД НЕГОВИТЕ ВРАБОТЕНИ ЗАМИСЛЕТЕ ДА ВЕ ПОКАНАТ ДОМА НА ГОСТИ И ДА ВИ СВИРКААТ И ДА ВИ УКААТ. E, ТОА СЕ СЛУЧИ ВО НАРОДНА БАНКА.. ИСТАТА ВЕЧЕР",yes
clips/dymblixetrz_000001.wav,DYMblIXEtRZ.mp4,17.76,23.04,5.28,"Исотар вечер, Европската делегација, начело со господин Михалис Рокат,","Истата вечер, Европската делегација, начело со господин Михалис Рокат,",yes
clips/dymblixetrz_000002.wav,DYMblIXEtRZ.mp4,23.06,27.88,4.82,"се организираше прием, значи на 7. мај, во еден скопски ресторан,","организираше прием, значи на 7. мај, во еден скопски ресторан,",yes
clips/dymblixetrz_000003.wav,DYMblIXEtRZ.mp4,27.9,30.98,3.08,"по повод денот на ЕУ, или ако сакате повеќе,","по повод денот на ЕУ, или ако сакате повеќе,",no
clips/dymblixetrz_000004.wav,DYMblIXEtRZ.mp4,31.82,34.0,2.18,"ослободувањето, борбата против фашизмот.","ослободувањето, борбата против фашизмот.",no
clips/dymblixetrz_000005.wav,DYMblIXEtRZ.mp4,34.14,38.62,4.48,"Токму на тој ден, овој истиот лик, Трайко Славевски, ми пријде","Токму на тој ден, овој истиот лик, Трајко Славевски, ми пријде",yes
clips/dymblixetrz_000006.wav,DYMblIXEtRZ.mp4,38.62,43.92,5.3,"и ми рече од прилика вака, дали сум се секјавал дека како мене","и ми рече од прилика вака, дали сум се сеќавал дека како мене",yes
clips/dymblixetrz_000007.wav,DYMblIXEtRZ.mp4,43.92,45.28,1.36,"и собственикот на Канал 5,","и сопственикот на Канал 5,",yes
clips/dymblixetrz_000008.wav,DYMblIXEtRZ.mp4,45.99,48.12,2.13,постоил еден друг мангов во историјата,постоил еден друг мангуп во историјата,yes
clips/dymblixetrz_000009.wav,DYMblIXEtRZ.mp4,48.12,49.42,1.3,"на медиумите, се викал","на медиумите, се викал",no
clips/dymblixetrz_000010.wav,DYMblIXEtRZ.mp4,49.42,51.82,2.4,"Вилија Рамковски, кој што сакал","Велија Рамковски, кој што сакал",yes
clips/dymblixetrz_000011.wav,DYMblIXEtRZ.mp4,51.82,53.82,2.0,исто како наводно ние што сме,исто како наводно ние што сме,no
clips/dymblixetrz_000012.wav,DYMblIXEtRZ.mp4,53.82,55.72,1.9,"сакале да ја рушиме владата,","сакале да ја рушиме владата,",no
clips/dymblixetrz_000013.wav,DYMblIXEtRZ.mp4,55.78,57.36,1.58,"во овој случај владата и него,","во овој случај владата и него,",no
clips/dymblixetrz_000014.wav,DYMblIXEtRZ.mp4,57.85,59.72,1.87,и завршил така како што завршил,и завршил така како што завршил,no
clips/dymblixetrz_000015.wav,DYMblIXEtRZ.mp4,59.72,61.7,1.98,и со наравоучени,и со наравоучение,yes
clips/dymblixetrz_000016.wav,DYMblIXEtRZ.mp4,61.7,63.8,2.1,"од негова страна, дека ако продолжиме","од негова страна, дека ако продолжиме",no
clips/dymblixetrz_000017.wav,DYMblIXEtRZ.mp4,63.8,64.98,1.18,истото ке не се случи.,истото ќе ни се случи.,yes
clips/dymblixetrz_000018.wav,DYMblIXEtRZ.mp4,65.22,67.76,2.54,"На моја запрепастеност, господина","На моја запрепастеност, господинот",yes
clips/dymblixetrz_000019.wav,DYMblIXEtRZ.mp4,67.76,69.66,1.9,Трекославискова го кажа во присутство,Трајко Славевски го кажа во присутство,yes
clips/dymblixetrz_000020.wav,DYMblIXEtRZ.mp4,69.66,72.0,2.34,"на неколку новинари и за негова несреке,","на неколку новинари и за негова несреќа,",yes
clips/dymblixetrz_000021.wav,DYMblIXEtRZ.mp4,72.0,78.98,6.98,"во присутство на лидерот на СДСМ, толку во оној кој што му стегна кривична пријава за злоупотребна службена позиција.","во присутство на лидерот на СДСМ, токму оној кој што му стегна кривична пријава за злоупотребна службена позиција.",yes
clips/dymblixetrz_000022.wav,DYMblIXEtRZ.mp4,79.1,86.36,7.26,"Луѓето го слушнаа како ми се заканува дека ќе ја затвори канал 5, мене и собственикот на канал 5.","Луѓето го слушнаа како ми се заканува дека ќе ја затвори канал 5, мене и сопственикот на канал 5.",yes
clips/dymplrxjqsz_000000.wav,DYMplrXjQsZ.mp4,0.0,3.04,3.04,"Како не пишува одговорно лице? Еве го, ова што пишува, дека...","Како не пишува одговорно лице? Еве го, ова што пишува, дека...",no
clips/dymplrxjqsz_000001.wav,DYMplrXjQsZ.mp4,3.04,4.72,1.68,"А, добро, да, така.","А, добро, да, така.",no
clips/dymplrxjqsz_000002.wav,DYMplrXjQsZ.mp4,5.98,7.84,1.86,Зошто не проверувате пред да се...,Зошто не проверувате пред да се...,no
clips/dymplrxjqsz_000003.wav,DYMplrXjQsZ.mp4,7.84,14.04,6.2,"И зошто не оставате силиот на македонскија, шанса дека некој човек може да биде болен?","И зошто не оставате сериозно ме интересира, шанса дека некој човек може да биде болен?",yes
clips/dymplrxjqsz_000004.wav,DYMplrXjQsZ.mp4,16.52,20.5,3.98,"Не, не разбирам дошто прашањето е адресирано до мене, но Еве ќе пробам да го одговарам.","Не, не разбирам зошто прашањето е адресирано до мене, но еве ќе..",yes
clips/dymplrxjqsz_000005.wav,DYMplrXjQsZ.mp4,20.52,23.82,3.3,"Ама, чекай, ти си председник експонент на Гром, ваѓа, може да ме да зборам и како...","Ама, чекај, ти си претставник експонент на Гром, вака, може да ме да зборам и како...",yes
clips/dymplrxjqsz_000006.wav,DYMplrXjQsZ.mp4,23.82,25.16,1.34,"Не, водност на...","Не, во однос на...",yes
clips/dymplrxjqsz_000007.wav,DYMplrXjQsZ.mp4,25.16,28.18,3.02,"Може да ме да зборам да се адресирам на Гром, према тебе, или не?","Може да зборам да се адресирам на Гром, према тебе, или не?",yes
clips/dymplrxjqsz_000008.wav,DYMplrXjQsZ.mp4,31.76,36.26,4.5,Соктре Лукровски и неговото боледујање не можам да кажам дали Соктре Лукровски е на вистина болен или не.,Сотир Лукровски и неговото боледување не можам да кажам дали Сотир Лукровски е навистина болен или не.,yes
clips/dymplrxjqsz_000009.wav,DYMplrXjQsZ.mp4,36.42,40.7,4.28,"Не си ни ти, тој што е одвласен, тоа да го кажеш не ти јас, така ли?","Не си ни ти, тој што е овластен, тоа да го кажеш нити јас, така ли?",yes
clips/dymplrxjqsz_000010.wav,DYMplrXjQsZ.mp4,40.82,42.14,1.32,От друга страна...,Од друга страна...,yes
clips/dymplrxjqsz_000011.wav,DYMplrXjQsZ.mp4,42.14,43.34,1.2,Но тоа се проверува.,Но тоа се проверува.,no
clips/dymplrxjqsz_000012.wav,DYMplrXjQsZ.mp4,43.58,47.84,4.26,"Да, но тоа не значи дека не е поднесено барање за проверување.","Да, но тоа не значи дека не е поднесено барање за проверување.",no
clips/dymplrxjqsz_000013.wav,DYMplrXjQsZ.mp4,47.84,54.02,6.18,"Ама една работа е да поднесеш барање да аплицираш, а друга работа е да кажеш дека е сменете.","Ама една работа е да поднесеш барање да аплицираш, а друга работа е да кажеш дека е сменет.",yes
clips/dymplrxjqsz_000014.wav,DYMplrXjQsZ.mp4,54.46,59.94,5.48,"И второ, апликацијата не значи гаранција дека тоа ќе биде сторено така.","И второ, апликацијата не значи гаранција дека тоа ќе биде сторено така.",no
clips/dymplrxjqsz_000015.wav,DYMplrXjQsZ.mp4,59.94,64.64,4.7,"Мислам дека и во надактивот на сообштењето и нашето, и на обраќањето на господин Прецедат.","Мислам дека и во надактивот на соопштението и нашето, и на обраќањето на",yes
clips/dymplrxjqsz_000016.wav,DYMplrXjQsZ.mp4,64.64,71.16,6.52,"Имало обид, пази внимај го терминот, имало обид, е како се дошле Луѓево од недолчи компанија,","Имало обид, пази внимај го терминот, имало обид, е како се дошле луѓево од недолчи компанија,",yes
clips/dymplrxjqsz_000017.wav,DYMplrXjQsZ.mp4,71.16,74.86,3.7,"се ја буткале на мускули вратата со овие од централен регистр, овие са...","се ја буткале на мускули вратата со овие од централен регистар, овие...",yes
clips/dymplrxjqsz_000018.wav,DYMplrXjQsZ.mp4,75.98,79.54,3.56,"Не, не е така, поднесуваш барани или ти го одбиваат или го префакјаат.","Не, не е така, поднесуваш барање или ти го одбиваат или го префаќаат.",yes
clips/dymplrxjqsz_000019.wav,DYMplrXjQsZ.mp4,80.04,86.08,6.04,"Карикатурално сака малца да го престанувам, мислам дека без везе вие, да не речем еден вид на политичко лешинарање,","Карикатурално сакам малце да го претставам, мислам дека безвезе вие, да не речем еден вид на политичко",yes
clips/dymplrxjqsz_000020.wav,DYMplrXjQsZ.mp4,86.08,88.62,2.54,на ренија се да зафатите за човек што не знаете дали е болен.,Лешинарење се да зафатите за човек што не знаете дали е болен.,yes
clips/dymwrp9ozaw_000000.wav,DYMwRP9OZaw.mp4,0.0,3.04,3.04,"Кој е најпопуларниот од спорт? И за девојчиња, и за машки.","Кој е најпопуларниот од спорт? И за девојчиња, и за машки.",no
clips/dymwrp9ozaw_000001.wav,DYMwRP9OZaw.mp4,30.22,34.92,4.7,"Машката популација обично е футболот, кај и девојчинјата од бојката е најзастапена.","Машката популација обично е футбалот, кај и девојчињата одбојката е најзастапена.",yes
clips/dymwrp9ozaw_000002.wav,DYMwRP9OZaw.mp4,35.5,40.38,4.88,"Меѓутоа и другите спортови, кошарката и ракометот, секој се убави.","Меѓутоа и другите спортови, кошарката и ракометот, секако се убави.",yes
clips/dymwrp9ozaw_000003.wav,DYMwRP9OZaw.mp4,40.5,43.86,3.36,"Меѓутоа, ако не може некој дете да иде на спорт или не сака,","Меѓутоа, ако не може некое дете да иде на спорт или не сака,",yes
clips/dymwrp9ozaw_000004.wav,DYMwRP9OZaw.mp4,44.52,47.32,2.8,значи физичката активност не подразбира само спорт.,значи физичката активност не подразбира само спорт.,no
clips/dymwrp9ozaw_000005.wav,DYMwRP9OZaw.mp4,47.58,53.66,6.08,"Значи, како што кажавме, пешачење, возење велосипед, трчање.","Значи, како што кажавме, пешачење, возење велосипед, трчање.",no
clips/dyne5udmkom_000000.wav,DYNE5Udmkom.mp4,0.0,2.7,2.7,За Трако Славовевски толку во овој мајнинг.,За Трако Славевски толку во овој.,yes
clips/dyne5udmkom_000001.wav,DYNE5Udmkom.mp4,2.74,6.34,3.6,Сека сакам да ја се обрактам на дамата која што го номинираше,Сега сакам да и се обратам на дамата која што го номинираше,yes
clips/dyne5udmkom_000002.wav,DYNE5Udmkom.mp4,6.34,9.22,2.88,на председателката города на Силјановска Давкова.,на претседателката Гордана Силјановска Давкова.,yes
clips/dyne5udmkom_000003.wav,DYNE5Udmkom.mp4,9.52,13.86,4.34,"Господјо Силјановска Давкова, ја не знам што повеќе какви аргументи","Госпоѓо Силјановска Давкова, ја не знам што повеќе какви аргументи",yes
clips/dyne5udmkom_000004.wav,DYNE5Udmkom.mp4,13.86,16.38,2.52,"треба да ви доставам, вака јавно да ги искажам.","треба да Ви доставам, вака јавно да ги искажам.",yes
clips/dyne5udmkom_000005.wav,DYNE5Udmkom.mp4,16.42,20.08,3.66,"Значи стојам позади секој жив збор што го кажав сега,","Значи стојам позади секој жив збор што го кажав сега,",no
clips/dyne5udmkom_000006.wav,DYNE5Udmkom.mp4,20.08,23.22,3.14,"поради тоа што има и сведоци, можете да ме ставите и на полиграф","поради тоа што има и сведоци, можете да ме ставите и на полиграф",no
clips/dyne5udmkom_000007.wav,DYNE5Udmkom.mp4,23.22,27.1,3.88,"ако сакате, и што треба да доставам за да ви го искористите","ако сакате, и што треба да доставам за да Вие го искористите",yes
clips/dyne5udmkom_000008.wav,DYNE5Udmkom.mp4,27.1,34.32,7.22,правниот механизам кој што го имате и да доставите барање за евентуално разрешување на овој аривист,правниот механизам кој што го имате и да доставите барање за евентуално разрешување на овој аривист,no
clips/dyne5udmkom_000009.wav,DYNE5Udmkom.mp4,34.32,39.18,4.86,"кој што ја злопотребува, според мене, моје чувство, својата позиција.","кој што ја злопотребува, според мене, мое чувство, својата позиција.",yes
clips/dyne5udmkom_000010.wav,DYNE5Udmkom.mp4,39.4,46.62,7.22,"Ако тоа не го направите, ке почнам да се сонам дека се за некога мајка на нацијата, а за некога маќа на нацијата.","Ако тоа не го направите, ќе почнам да се сомневам дека се за некого сте мајка на нацијата, а за некого маќеа на нацијата.",yes
clips/dynu5rlakqs_000000.wav,DYNU5rlAkQS.mp4,0.0,4.08,4.08,"Вие се представувате како дујки, како големи заштитници на рамковниот договор,","Вие се претставувате како ДУИ, како големи заштитници на рамковниот договор,",yes
clips/dynu5rlakqs_000001.wav,DYNU5rlAkQS.mp4,4.16,7.88,3.72,"меѓутоа кои ќе имат изјав од Зијадин села, кои што ќе бараат би национална држава,","меѓутоа кои ќе имате изјава од Зијадин Села, кој што ќе бараат бинационална држава,",yes
clips/dynu5rlakqs_000002.wav,DYNU5rlAkQS.mp4,7.88,11.5,3.62,"што секој кој е напад на рамковниот договор, бидејќи излегува од рамката,","што секакој е напад на рамковниот договор, бидејќи излегува од рамката,",yes
clips/dynu5rlakqs_000003.wav,DYNU5rlAkQS.mp4,11.56,14.36,2.8,вие немате никаква реакција и тоа може би латентно го добројавате.,вие немате никаква реакција и тоа можеби латентно го одобрувате.,yes
clips/dynu5rlakqs_000004.wav,DYNU5rlAkQS.mp4,14.48,19.0,4.52,"Заради тоа, ако реагирате на нарушување на рамковниот договор од една страна,","Заради тоа, ако реагирате на нарушување на рамковниот договор од една страна,",no
clips/dynu5rlakqs_000005.wav,DYNU5rlAkQS.mp4,19.02,21.46,2.44,"треба да и од овде каде реагирате, предоставувам.","треба да и од овдека каде реагирате, претпоставувам",yes
clips/dynu5rlakqs_000006.wav,DYNU5rlAkQS.mp4,21.46,29.27,7.81,"Значи, не ме предизвикувајте сега со изјавите на Зедни села.","Значи, не ме предизвикувајте сега со изјавите на Зијадин Села.",yes
clips/dynu5rlakqs_000008.wav,DYNU5rlAkQS.mp4,32.21,35.59,3.38,"А као став, ние ќе го задржиме овој став","А као став, ние ќе го задржиме овој став",no
clips/dynu5rlakqs_000009.wav,DYNU5rlAkQS.mp4,35.59,37.65,2.06,се дека немаме друг официален став.,Се додека немаме друг официален став.,yes
clips/dynxjvxjg8u_000000.wav,DYNXJvxjg8U.mp4,0.0,6.4,6.4,Нашите статистики и нашите други говорят дека имаме трицифрен раст на реализација на капитални проекти.,Нашите статистики и нашите бројки говорат дека имаме трицифрен раст на реализација на капитални проекти.,yes
clips/dynxjvxjg8u_000001.wav,DYNXJvxjg8U.mp4,6.5,12.28,5.78,"Во ваше време, во ваше практицирање на вашата власт, имавме реализација на капитални проекти,","Во ваше време, во ваше практицирање на вашата власт, имавме реализација на капитални проекти,",no
clips/dynxjvxjg8u_000002.wav,DYNXJvxjg8U.mp4,12.36,18.1,5.74,"особено бидејќи сакате да зборуваме за коридорите, капитални инвестиции кои што значат реализација","особено бидејќи сакате да зборуваме за коридорите, капитални инвестиции кои што значат реализација",no
clips/dynxjvxjg8u_000003.wav,DYNXJvxjg8U.mp4,18.1,24.72,6.62,"во делот на исплатјање на авансни исплати во вредност од 250 милиони евра, а резултат, изградба, нула.","во делот на исплаќање на авансни исплати во вредност од 250 милиони евра, а резултат, изградба, нула.",yes
clips/dynxjvxjg8u_000004.wav,DYNXJvxjg8U.mp4,24.72,31.82,7.1,"Нула реализација, немаше фрлено камче на коридорите, а тенели како тогашен координатор на овој проект","Нула реализација, немаше фрлено камче на коридорите, а ти нели како тогашен координатор на овој проект",yes
clips/dynxjvxjg8u_000005.wav,DYNXJvxjg8U.mp4,31.82,38.7,6.88,"го поставивте господинот Артан Груби, па си испостави дека на крајот од денот имаме нула реализација","го поставивте господинот Артан Груби, па се испостави дека на крајот од денот имаме нула реализација",yes
clips/dynxjvxjg8u_000006.wav,DYNXJvxjg8U.mp4,38.7,45.94,7.24,и може да биде многу сомнително и симптоматично што се работело во контекст на самите овие коридори.,и може да биде многу сомнително и симптоматично што се работело во контекст на самите овие коридори.,no
clips/dynxjvxjg8u_000007.wav,DYNXJvxjg8U.mp4,46.1,51.62,5.52,"Зошто се одложил проектот за две години, имавте многу конкретен одговор денеска,","Зошто се одложил проектот за две години, имавте многу конкретен одговор денеска,",no
clips/dynxjvxjg8u_000008.wav,DYNXJvxjg8U.mp4,51.62,56.46,4.84,"токму во контекст на ова што имаме нула реализација во време на ваше владење,","токму во контекст на ова што имаме нула реализација во време на ваше владење,",no
clips/dynxjvxjg8u_000009.wav,DYNXJvxjg8U.mp4,56.48,59.6,3.12,"е заради тоа што во две години кога сте практицирали власт,","е заради тоа што во две години кога сте практицирале власт,",yes
clips/dynxjvxjg8u_000010.wav,DYNXJvxjg8U.mp4,59.7,61.8,2.1,"ништо не сте реализирали, ништо не сте работели.",ништо не сте реализирале и ништо не сте работеле.,yes
clips/dynzkrwnep_000000.wav,DYNZkrWnEP_.mp4,1.32,18.9,17.58,"Македонија го спаси и донесе мирот во Македонија после некои тешки состоби и ситуација која се појави во Македонија после Уставот од 1991 година,","Ја спасиМакедонија и донесе мирот во Македонија после некои тешки состоби и ситуација која се појави во Македонија после Уставот од 1991 година,",yes
clips/dynzkrwnep_000001.wav,DYNZkrWnEP_.mp4,18.9,26.45,7.55,"на каде што беше критикување од многу, многу луѓе и ја направи","каде што беше критикуван и од многу, многу луѓе и ја направи",yes
clips/dynzkrwnep_000002.wav,DYNZkrWnEP_.mp4,26.45,30.83,4.38,"ова држава, ја направи како моноетничка држава во времето","ова држава, ја направи како моноетничка држава во времето",no
clips/dynzkrwnep_000003.wav,DYNZkrWnEP_.mp4,30.83,36.01,5.18,"на 1991 година, Рамковниот договор обезбеди некој си мир и стабилност","на 1991 година, Рамковниот договор обезбеди некојси мир и стабилност",yes
clips/dynzkrwnep_000004.wav,DYNZkrWnEP_.mp4,36.01,40.73,4.72,во Р. Македонија. Секој кој што ќе се навраќа на заштита на,во Р. Македонија. Секој кој што ќе се навраќа на заштита на,no
clips/dynzkrwnep_000005.wav,DYNZkrWnEP_.mp4,40.73,42.99,2.26,"Рамковниот договор, за мене е патриот на државата.","Рамковниот договор, за мене е патриот на државата.",no
clips/dyoyw67gbxb_000000.wav,DYOyw67gbxb.mp4,0.0,3.98,3.98,"Нашата партија, председателот, ние водиме реална политика.","Нашата партија, претседателот, ние водиме реална политика.",yes
clips/dyoyw67gbxb_000001.wav,DYOyw67gbxb.mp4,4.02,6.16,2.14,Со реални проблеми треба да се занимавате.,Со реални проблеми треба да се занимавате.,no
clips/dyoyw67gbxb_000002.wav,DYOyw67gbxb.mp4,6.22,9.0,2.78,"Ние не можеме да... Ние не ги сакаме бугарите,","Ние не можеме да... Ние не ги сакаме бугарите,",no
clips/dyoyw67gbxb_000004.wav,DYOyw67gbxb.mp4,9.96,13.8,3.84,Мислам дека Европа треба да прифати дека ние не ги сакаме...,Мислам дека Европа треба да прифати дека ние не ги сакаме...,no
clips/dyoyw67gbxb_000005.wav,DYOyw67gbxb.mp4,13.8,17.62,3.82,"Александар, вашата нарација за не за бугарите во Уставот","Александар, вашата нарација за не за бугарите во Уставот",no
clips/dyoyw67gbxb_000006.wav,DYOyw67gbxb.mp4,17.62,20.88,3.26,не завршила сега.,не завршила сега.,no
clips/dyoyw67gbxb_000007.wav,DYOyw67gbxb.mp4,20.92,24.66,3.74,"Вие тоа го терате од 2022-а, па до пред година дена.","Вие тоа го терате од 2022-а, па до пред година дена.",no
clips/dyoyw67gbxb_000008.wav,DYOyw67gbxb.mp4,24.98,28.3,3.32,"Значи, убедени бевте кога беше СДСР,","Значи, убедени бевте кога беше СДСМ,",yes
clips/dyoyw67gbxb_000009.wav,DYOyw67gbxb.mp4,28.3,33.3,5.0,"Викавте, протестирајте, врискајте на сите гласи, артикулирајте дека не дека ова е предавство,","Викавте, протестирајте, врискајте на сите гласи, артикулирајте дека не дека ова е предавство,",no
clips/dyoyw67gbxb_000010.wav,DYOyw67gbxb.mp4,33.4,36.68,3.28,па башиот лидер на секој второ гостување тоа го зборуваше.,па вашиот лидер на секој второ гостување тоа го зборуваше.,yes
clips/dyoyw67gbxb_000011.wav,DYOyw67gbxb.mp4,36.96,38.92,1.96,"И се како те, знаш како смените веставо?","И сеа како те, одеднаш како сменивте ставот?",yes
clips/dyoyw67gbxb_000012.wav,DYOyw67gbxb.mp4,38.98,44.16,5.18,"Тоа ми, знаш како, таа мимикрија ме чуди, сега како тоа се менео, како камелеонче.","Тоа ми, знаеш како, таа мимикрија ме чуди, сега како тоа се менува, како камелеонче.",yes
clips/dyoyw67gbxb_000013.wav,DYOyw67gbxb.mp4,44.28,48.72,4.44,"Знаш како, кога ќе поминеш покрај гранка, зелено, кога ќе поминеш покрај песно, кај фиапки.","Знаеш како, кога ќе поминеш покрај гранка, зелено, кога ќе поминеш покрај песок, кафеаво.",yes
clips/dyoyw67gbxb_000014.wav,DYOyw67gbxb.mp4,48.72,53.02,4.3,"Не, Камелонче, вие во денешно време, кога Европа ви кажува","Не, Камелонче, вие во денешно време, кога Европа ви кажува",no
clips/dyoyw67gbxb_000015.wav,DYOyw67gbxb.mp4,53.02,54.4,1.38,мора уставни измени...,мора уставни измени...,no
clips/dyoyw67gbxb_000016.wav,DYOyw67gbxb.mp4,54.4,56.88,2.48,"Ама Европа ни го кажува во 23-24 година, тоа што викафте","Ама Европа ни го кажува во 23-24 година, тоа што викавте",yes
clips/dyoyw67gbxb_000017.wav,DYOyw67gbxb.mp4,56.88,59.74,2.86,не за бугари. Како сега нагло почнавте да за бугари?,не за бугари. Како сега нагло почнавте да за бугари?,no
clips/dyoyw67gbxb_000018.wav,DYOyw67gbxb.mp4,59.76,63.22,3.46,"Не викаме ни да, значити, не, не. Прво, партијата не вика да.","Не викаме ние да, значи, не, не. Прво, партијата не вика да.",yes
clips/dyoyw67gbxb_000022.wav,DYOyw67gbxb.mp4,65.58,68.1,2.52,"Ама ти викаш, Стефче да го праша да се ми го кажа.","Ама ти викаш, Стефче да го праша да се ми го кажа.",no
clips/dyoyw67gbxb_000023.wav,DYOyw67gbxb.mp4,69.1,70.76,1.66,"Гром Водиме, реал политика ми рече.","Гром Водиме, реал политика ми рече.",no
clips/dyoyw67gbxb_000024.wav,DYOyw67gbxb.mp4,70.76,73.82,3.06,"Геѓе рејално мора да го прифатите фактичката состојба на терен што е,","Вие реаално мора да го прифатите фактичката состојба на терен што е,",yes
clips/dyoyw67gbxb_000025.wav,DYOyw67gbxb.mp4,73.86,77.2,3.34,а реалната состојба е дека Европа вика дека вие сте ставени на его и т.д.,а реалната состојба е дека Европа вика дека вие сте ставени на его и т.д.,no
clips/dyoyw67gbxb_000026.wav,DYOyw67gbxb.mp4,77.22,81.32,4.1,"Во 2024-25, ако викафте не тогаш, неа, гледање ќе ќе викафте реалната политика?","Во 2024-25, ако викавте не, тогаш не ја гледавте реалната политика?",yes
clips/dyoyw67gbxb_000027.wav,DYOyw67gbxb.mp4,81.48,82.48,1.0,Геда вме како не?,Ја гледавме како не?,yes
clips/dyoyw67gbxb_000029.wav,DYOyw67gbxb.mp4,83.4,86.16,2.76,"Ама тогаш викафме не за бугарите, до дека не се решат некои работи.","Ама тогаш викавме не за бугарите, додека не се решат некои работи.",yes
clips/dyoyw67gbxb_000030.wav,DYOyw67gbxb.mp4,86.32,88.46,2.14,И који работи се решува меѓу време за да вие кажете да?,И кои работи се решија меѓу време за да вие кажете да?,yes
clips/dyoyw67gbxb_000031.wav,DYOyw67gbxb.mp4,88.48,97.14,8.66,Ај кажете ми ги интенсивно.,Ај кажете ми ги интенсивно.,no
clips/dyp_vaydolz_000000.wav,DYP-VayDOLz.mp4,0.0,4.5,4.5,Нивните провокации се беке и бесконечни.,Нивните провокации се веќе и бесконечни.,yes
clips/dyp_vaydolz_000001.wav,DYP-VayDOLz.mp4,4.94,11.58,6.64,Секој еден настап на било кој нивен политичар секогаш донесува нешто,Секој еден настап на било кој нивен политичар секогаш донесува нешто,no
clips/dyp_vaydolz_000002.wav,DYP-VayDOLz.mp4,11.58,17.78,6.2,"што нас треба да не вознемири за није да изреагираме и тие потоа пред европеаните,","што нас треба да не вознемири за ние да изреагираме и тие потоа пред европjaните,",yes
clips/dyp_vaydolz_000003.wav,DYP-VayDOLz.mp4,17.84,22.14,4.3,односно пред нивните партнери во Европската Унија да кажуваат,односно пред нивните партнери во Европската Унија да кажуваат,no
clips/dyp_vaydolz_000004.wav,DYP-VayDOLz.mp4,22.14,29.64,7.5,"гледайте како македонци, односно северно македонците реагират на нешто кое што за ниф.","гледаjте како македонци, односно северномакедонците реагират на нешто кое што за нив.",yes
clips/dyp_vaydolz_000005.wav,DYP-VayDOLz.mp4,30.0,32.92,2.92,Значи сега зборувам за ниф е нешто нормално.,Значи сега зборувам за нив е нешто нормално.,yes
clips/dyp_vaydolz_000006.wav,DYP-VayDOLz.mp4,33.34,37.6,4.26,"Затоа што вие кога имате едно име на држава,","Затоа што вие кога имате едно име на држава,",no
clips/dyp_vaydolz_000007.wav,DYP-VayDOLz.mp4,37.6,41.54,3.94,тогаш секојаш придавката се врзува на името на државата.,тогаш секогаш придавката се врзува на името на државата.,yes
clips/dyp61rcduer_000000.wav,DYP61rcDuER.mp4,0.0,8.68,8.68,"Убедена сум дека нашиот идентитет, нашиот јазик, нашата самобитност","Убедена сум дека нашиот идентитет, нашиот јазик, нашата самобитност",no
clips/dyp61rcduer_000001.wav,DYP61rcDuER.mp4,8.68,15.2,6.52,ќе бидат на вистина најмногу заштитени во оној момент кој ќе бидеме делот,ќе бидат на вистина најмногу заштитени во оној момент кој ќе бидеме делот,no
clips/dyp61rcduer_000002.wav,DYP61rcDuER.mp4,15.2,16.36,1.16,Европското семејство.,Европското семејство.,no
clips/dyp61rcduer_000003.wav,DYP61rcDuER.mp4,16.66,17.82,1.16,Тоа никој не го спори.,Тоа никој не го спори.,no
clips/dyp61rcduer_000004.wav,DYP61rcDuER.mp4,17.98,23.32,5.34,"Дека, но, ако е тоа така, зошто да се плашиме,","Дека, но, ако е тоа така, зошто да се плашиме,",no
clips/dyp61rcduer_000005.wav,DYP61rcDuER.mp4,23.76,29.48,5.72,"значи да го превземеме овој чекор и да со сите сили,","значи да го превземеме овој чекор и да со сите сили,",no
clips/dyp61rcduer_000006.wav,DYP61rcDuER.mp4,29.48,37.38,7.9,"или како што реков, научно, историски, културно човеке од еден друг агол на една друга маса","или како што реков, научно, историски, културно значи веќе од еден друг агол на една друга маса",yes
clips/dyp61rcduer_000007.wav,DYP61rcDuER.mp4,37.38,43.68,6.3,да го направиме тоа што треба да го направиме и конечно еден ден во еднина,да го направиме тоа што треба да го направиме и конечно еден ден во иднина,yes
clips/dyp61rcduer_000008.wav,DYP61rcDuER.mp4,43.68,49.86,6.18,да ги затвориме тие прашања кои што создаваат само раздор.,да ги затвориме тие прашања кои што создаваат само раздор.,no
clips/dypizluo_bv_000000.wav,DYPizluO_bv.mp4,0.0,3.98,3.98,Што да направиме за да знаеме дека не сме ги разгалиле премногу децата,Што да направиме за да знаеме дека не сме ги разгалиле премногу децата,no
clips/dypizluo_bv_000001.wav,DYPizluO_bv.mp4,3.98,8.88,4.9,и како да се справиме со овој свет во кој што живееме на интернет и социјални мрежи,и како да се справиме со овој свет во кој што живееме на интернет и социјални мрежи,no
clips/dypizluo_bv_000002.wav,DYPizluO_bv.mp4,8.88,11.78,2.9,и да знаеме дека сме направиле нешто добро за нашите деца.,и да знаеме дека сме направиле нешто добро за нашите деца.,no
clips/dypizluo_bv_000003.wav,DYPizluO_bv.mp4,11.84,13.4,1.56,Кој е вашиот совет до родителите?,Кој е вашиот совет до родителите?,no
clips/dypizluo_bv_000004.wav,DYPizluO_bv.mp4,13.66,18.0,4.34,"Оно што можам да го кажам, дека аз да не ги имаме импликациите за кои што зборава Гардана,","Оно што можам да го кажам, дека за да не ги имаме импликациите за кои што зборува Гордана,",yes
clips/dypizluo_bv_000005.wav,DYPizluO_bv.mp4,18.1,21.04,2.94,ние у стари мораме да си ја напишеме домашната дома.,ние уствари мораме да си ја напишеме домашната дома.,yes
clips/dypizluo_bv_000006.wav,DYPizluO_bv.mp4,22.12,27.04,4.92,"Живееме во време кој што, за жал, ние сме првата генерација која што игра нефери игра.","Живееме во време кој што, за жал, ние сме првата генерација која што игра нефер игра.",yes
clips/dypizluo_bv_000007.wav,DYPizluO_bv.mp4,28.44,34.06,5.62,"Ние, како беше, го даваме телефонот на детето и не знаеме кој го инструира детето.","Ние, како беше, го даваме телефонот на детето и не знаеме кој го инструира детето.",no
clips/dypizluo_bv_000008.wav,DYPizluO_bv.mp4,34.1,38.38,4.28,"Замислите моите родители да слушале совет, да дозволат некој од надвор,","Замислите моите родители да слушале совет, да дозволат некој од надвор,",no
clips/dypizluo_bv_000009.wav,DYPizluO_bv.mp4,38.48,41.78,3.3,"кој што не го познаваат, не знаат која е моја агендата, која му се мислите,","кој што не го познаваат, не знаат која е му е агендата, која му се мислите,",yes
clips/dypizluo_bv_000010.wav,DYPizluO_bv.mp4,41.86,46.5,4.64,да ми дава насок и јас тоа да го слушам. Какава е веројатността на нашите родители да го дозволиле тоа?,да ми дава насоки и јас тоа да го слушам. Колкава е веројатноста на нашите родители да го дозволиле тоа?,yes
clips/dypizluo_bv_000012.wav,DYPizluO_bv.mp4,47.7,54.1,6.4,"Ние не оперираме во истото окружување во која што оперирале нашите родители, од една страна.","Ние не оперираме во истото опкружување во која што оперирале нашите родители, од една страна.",yes
clips/dypizluo_bv_000013.wav,DYPizluO_bv.mp4,54.14,58.98,4.84,"Друга страна, како што скажавме, се е многу забрзано и ние сме сега во индустријска револуција,","Друга страна, како што кажавме, се е многу забрзано и ние сме сега во индустриска револуција,",yes
clips/dypizluo_bv_000014.wav,DYPizluO_bv.mp4,59.0,65.12,6.12,"хитот што го направи, сега се случува истото со ЕА, ке се смени светот и нема да се врати назад","хитот што го направи, сега се случува истото со AI, ке се смени светот и нема да се врати назад",yes
clips/dypizluo_bv_000015.wav,DYPizluO_bv.mp4,65.12,70.0,4.88,"и не е целта да плачеме колку беше убаво, како време добро имаше, сега не чини.","и не е целта да плачеме колку беше убаво, како време добро имаше, сега не чини.",no
clips/dypizluo_bv_000016.wav,DYPizluO_bv.mp4,70.46,75.32,4.86,"Целта е да ги подготвиме децата за времето во која што доага, која што види како интересно,","Целта е да ги подготвиме децата за времето во која што доаѓа, која што види како интересно,",yes
clips/dypizluo_bv_000017.wav,DYPizluO_bv.mp4,75.32,78.48,3.16,Ние не знаеме како изгледа. Ние не сме подготвени.,Ние не знаеме како изгледа. Ние не сме подготвени.,no
clips/dypizluo_bv_000018.wav,DYPizluO_bv.mp4,79.16,83.8,4.64,Тоа бара ние да бидеме модели за децата да ги следат.,Тоа бара ние да бидеме модели за децата да ги следат.,no
clips/dypizluo_bv_000019.wav,DYPizluO_bv.mp4,83.86,87.54,3.68,Тој е ние да бидеме тие што ќе учиме и што ќе покажеме тренд,Тоест ние да бидеме тие што ќе учиме и што ќе покажеме тренд,yes
clips/dypizluo_bv_000020.wav,DYPizluO_bv.mp4,87.54,90.82,3.28,"кој ќе се падне, дека треба да се станеме, да се истрисаме,","кога ќе се падне, дека треба да се станеме, да се истрисаме,",yes
clips/dypizluo_bv_000021.wav,DYPizluO_bv.mp4,90.82,94.08,3.26,да видиме што ќе научиме од тој пат и да продолжиме по-натаму.,да видиме што ќе научиме од тој пад и да продолжиме понатаму.,yes
clips/dyppo58usvd_000000.wav,DYPpo58usvd.mp4,0.0,6.22,6.22,"Јас бидеќи сум дете од село, село Тимјеник, целиот свој живот тамо живејам, тамо сум родена,","Јас бидеќи сум дете од село, село Тимјеник, целиот свој живот таму живеам, таму сум родена,",yes
clips/dyppo58usvd_000001.wav,DYPpo58usvd.mp4,7.22,14.0,6.78,"лично на себе ги осетив проблемите и предизвиците кои што ги имаат руралното население,","лично на себе ги осетив проблемите и предизвиците кои што ги имаат руралното население,",no
clips/dyppo58usvd_000002.wav,DYPpo58usvd.mp4,14.08,21.08,7.0,а особено руралните жени. Знаете колку е тешко една рурална жена да се избори за своите права.,а особено руралните жени. Знаете колку е тешко една рурална жена да се избори за своите права.,no
clips/dyppo58usvd_000003.wav,DYPpo58usvd.mp4,21.72,28.66,6.94,"Јас секој кога жвелам сум имала среќа да влезам во семейство во кое што сум имала голема,",Јас секој кога велам сум имала среќа да влезам во семејство во кое што сум имала голема,yes
clips/dyppo58usvd_000004.wav,DYPpo58usvd.mp4,28.66,30.1,1.44,огромна поддршка и од,огромна поддршка и од,no
clips/dyppo58usvd_000005.wav,DYPpo58usvd.mp4,30.68,32.46,1.78,"свекор ми, и свекрва ми, и од","свекор ми, и свекрва ми, и од",no
clips/dyppo58usvd_000006.wav,DYPpo58usvd.mp4,32.46,34.62,2.16,сопругот за сето ова што,сопругот за сето ова што,no
clips/dyppo58usvd_000007.wav,DYPpo58usvd.mp4,34.62,36.44,1.82,"го работам, нели, но","го работам, нели, но",no
clips/dyppo58usvd_000008.wav,DYPpo58usvd.mp4,37.0,38.72,1.72,90% од нашите,90% од нашите,no
clips/dyppo58usvd_000009.wav,DYPpo58usvd.mp4,38.72,40.06,1.34,жени во рурални средини,жени во рурални средини,no
clips/dyppo58usvd_000010.wav,DYPpo58usvd.mp4,40.06,41.8,1.74,"нема таа поддршка, така е?","Ја немаат таа поддршка, така е?",yes
clips/dyppo58usvd_000011.wav,DYPpo58usvd.mp4,41.86,44.78,2.92,И вие да имате идеја да се реализирате,И вие да имате идеја да се реализирате,no
clips/dyppo58usvd_000012.wav,DYPpo58usvd.mp4,44.78,46.64,1.86,ако немате поддршка од самото,ако немате поддршка од самото,no
clips/dyppo58usvd_000013.wav,DYPpo58usvd.mp4,46.64,48.3,1.66,"семейство, вие не можете","семејство, вие не можете",yes
clips/dyppo58usvd_000014.wav,DYPpo58usvd.mp4,48.3,49.74,1.44,да напредувате.,да напредувате.,no
clips/dysauiwudx5_000000.wav,DYSAuiwuDx5.mp4,0.0,5.24,5.24,Овој месец е месец на меланомот или еуромеланома денови се.,Овој месец е месец на меланомот или еуромеланома денови се.,no
clips/dysauiwudx5_000001.wav,DYSAuiwuDx5.mp4,5.74,10.1,4.36,"Граѓаните ке имат прилика да бидат прегледани од специалисти,","Граѓаните ќе имат прилика да бидат прегледани од специјалисти,",yes
clips/dysauiwudx5_000002.wav,DYSAuiwuDx5.mp4,10.14,15.6,5.46,"дерматолози, со начинимните невоси, бемки, да видиме дали има нешто","дерматолози, со значи нивните невоси, бемки, да видиме дали има нешто",yes
clips/dysauiwudx5_000003.wav,DYSAuiwuDx5.mp4,15.6,19.4,3.8,"сомнително, нешто што треба на вистина да се обрне внимание.","сомнително, нешто што треба на вистина да се обрне внимание.",no
clips/dysauiwudx5_000004.wav,DYSAuiwuDx5.mp4,19.96,25.0,5.04,Со тоа што ке бидат понатаму упатани за диагностика понатамошна,Со тоа што ќе бидат понатаму упатени за дијагностика понатамошна,yes
clips/dysauiwudx5_000005.wav,DYSAuiwuDx5.mp4,25.0,28.1,3.1,и нормално третман доколку е потребен.,и нормално третман доколку е потребен.,no
clips/dysauiwudx5_000006.wav,DYSAuiwuDx5.mp4,28.1,46.4,18.3,"Ке би да дадам совет за фотозаштита, како да прават самоприглед и најважно е да се покрена свесността со ова кај сите граѓани да внимаваат во овој летен период, да не дојдат до влошување или да следат некои стари промени.","Ќе биде даден совет за фотозаштита, како да прават самопреглед и најважно е да се покрене свесноста со ова кај сите граѓани да внимаваат во овој летен период, да не дојдат до влошување или да следат некои стари промени.",yes
clips/dyshih8uppa_000000.wav,DYSHiH8uppa.mp4,0.0,19.42,19.42,"Што никогаш не би направила за пари, ова чисто си го размисловам, бидејќи, како што кажав, на социалните мрежи многу често се рекламираат производи, инфуенсери, блогери и шминкери, не би рекламирала нешто што јас не го подржувам.","Што никогаш не би направила за пари, ова често си го размислувам, бидејќи, како што кажав, на социјалните мрежи многу често се рекламираат производи, инфлуенсери, блогери и шминкери, не би рекламирала нешто што јас не го подржувам.",yes
clips/dyshih8uppa_000001.wav,DYSHiH8uppa.mp4,19.42,37.26,17.84,"Значи да препорачам некој производ што јас никогаш не би го користела, не ми се допаѓа, независно, може и да е шминка, може и да е нешто за нега на кожа, и да знам дека не е добро и да го рекламирам само за тоа што сме направиле некоја соработка, не би го направил.","Значи да препорачам некој производ што јас никогаш не би го користела, не ми се допаѓа, независно, може и да е шминка, може и да е нешто за нега на кожа, и да знам дека не е добро и да го рекламирам само за тоа што сме направиле некоја соработка, не би го направила.",yes
clips/dyshih8uppa_000002.wav,DYSHiH8uppa.mp4,37.56,40.56,3.0,"Мислам, јас би рекламирала само во тоа што стано верувам.","Мислам, јас би рекламирала само во тоа што стано верувам.",no
clips/dyshih8uppa_000003.wav,DYSHiH8uppa.mp4,40.56,52.38,11.82,"Не би прифатила да рекламирам нешто, тој ви спомена во позади камерите, или не би кажала нешто кое јас не верувам во него или не го живеам тоа секој ден, така да мислам дека ни едни пари не би го купеле тоа.","Не би прифатила да рекламирам нешто, тој ви спомена во позади камерите, или не би кажала нешто кое јас не верувам во него или не го живеам тоа секој ден, така да мислам дека ниедни пари не би го купеле тоа.",yes
clips/dysobpsd0iw_000000.wav,DYSObPSD0Iw.mp4,0.0,3.22,3.22,"Политичени моји пријатели, за него, не знам ти дала ја знаеш таа легенда,","Политичари мои пријатели, за него, не знам ти дали ја знаеш таа легенда,",yes
clips/dysobpsd0iw_000001.wav,DYSObPSD0Iw.mp4,3.32,6.0,2.68,"на крајот на 80-те години кога почнал да работи,","на крајот на 80-те години кога почнал да работи,",no
clips/dysobpsd0iw_000002.wav,DYSObPSD0Iw.mp4,7.56,11.32,3.76,"господин Отак и Фити добил поголем државен стан, наводно,","господинот Таки Фити добил поголем државен стан, наводно,",yes
clips/dysobpsd0iw_000003.wav,DYSObPSD0Iw.mp4,11.46,15.24,3.78,"отој што го имал, и Трайко Славевски конкурирал за овој помалиот","Од тој што го имал, и Трајко Славевски конкурирал за овој помалиот",yes
clips/dysobpsd0iw_000004.wav,DYSObPSD0Iw.mp4,15.24,18.72,3.48,"и не го добил, и се зборува дека се заклучил во канцеларијата","и не го добил, и се зборува дека се заклучил во канцеларијата",no
clips/dysobpsd0iw_000005.wav,DYSObPSD0Iw.mp4,18.72,23.68,4.96,"со сопругата, не знам и децата дали биле, и Штрайкол со јадење,","со сопругата, не знам и децата дали биле, и штрајкувал со јадење,",yes
clips/dysobpsd0iw_000006.wav,DYSObPSD0Iw.mp4,23.78,26.34,2.56,"ваѓа не со глад, пошто не ми се верува дека тој може да Штрайкова","ваљда не со глад, пошто не ми се верува дека тој може да штрајкува",yes
clips/dysobpsd0iw_000007.wav,DYSObPSD0Iw.mp4,26.34,28.14,1.8,"Согласно, може да штрайкосе многу бијадење,","Согласно, може да штрајкува многу јадење,",yes
clips/dysobpsd0iw_000008.wav,DYSObPSD0Iw.mp4,28.22,30.98,2.76,"али дека се заклучил, го знаеш тоа или не го знаеш?","али дека се заклучил, го знаеш тоа или не го знаеш?",no
clips/dysobpsd0iw_000009.wav,DYSObPSD0Iw.mp4,31.0,32.18,1.18,"Да, го имам слушната, не знам.","Да, го имам слушнато, не знам.",yes
clips/dysobpsd0iw_000010.wav,DYSObPSD0Iw.mp4,32.8,35.3,2.5,"Види, легендата зборува се, а јас извинувам...","Види, легендата зборува се, а јас извинувам...",no
clips/dysobpsd0iw_000012.wav,DYSObPSD0Iw.mp4,36.22,38.94,2.72,"не би сметам, не е моја да го коментирам.","не би, сметам, не е мое да го коментирам.",yes
clips/dysobpsd0iw_000013.wav,DYSObPSD0Iw.mp4,39.7,43.2,3.5,"Еви да било така, се надавам дека е издействувал по голем стан.","Еве да било така, се надавам дека е издејствувал по голем стан.",yes
clips/dyscicskztw_000000.wav,DYScIcskZtw.mp4,0.0,25.04,25.04,"Ја мислам дека најголем дел од граѓаните, безразлика на етничка припадност, не ја чувствуваат државата како своја или не знаат да ја чувствуваат државата како своја, како своја го чувствуваат само својот стан, куќа и дворот, кога ќе излезат до ограда, кога ќе излезат од тоа, тоа е некоја недефинирана територија, ја вика некоја Македонија и тука можеме што сакаме да правиме, включувајќи плочките од реновираното копателот,","Ја мислам дека најголем дел од граѓаните, без разлика на етничка припадност, не ја чувствуваат државата како своја или не знаат да ја чувствуваат државата како своја, како своја го чувствуваат само својот стан, куќа и дворот, кога ќе излезат до ограда, кога ќе излезат од тоа, тоа е некоја недефинирана територија, ја вика некоја Македонија и тука можеме што сакаме да правиме, вклучувајќи плочките од реновираното купатило,",yes
clips/dyscicskztw_000001.wav,DYScIcskZtw.mp4,25.04,31.28,6.24,"која ќе се стемни комшијата 500 да не ме гледа, да можам да ги фрлам, да ги исторам во некој тревник во околината,","која ќе се стемни комшијата Пецо да не ме гледа, да можам да ги фрлам, да ги истурам во некој тревник во околината,",yes
clips/dyscicskztw_000002.wav,DYScIcskZtw.mp4,31.38,37.94,6.56,"ако можам да дека никој не гледа да скршам некој правило, ако можам да му се јавам на јоцот да се свршам јас работа,","ако можам додека никој не гледа да скршам некој правило, ако можам да му се јавам на Јоцо да се свршам јас работа,",yes
clips/dyscicskztw_000003.wav,DYScIcskZtw.mp4,37.96,43.88,5.92,"другите нека чекаат и така натава. Целиот тој однос на поголем дел од граѓаните, ова не важи за сите,","другите нека чекаат и така натаму. Целиот тој однос на поголем дел од граѓаните, ова не важи за сите,",yes
clips/dyscicskztw_000004.wav,DYScIcskZtw.mp4,44.56,52.0,7.44,"важи за дел од граѓаните, тоа производ на нашата реалност која што не сме задоволни какво е државата,","важи за дел од граѓаните, тоа производ на нашата реалност која што не сме задоволни каква е државата,",yes
clips/dyscicskztw_000005.wav,DYScIcskZtw.mp4,52.0,55.78,3.78,е производ на односот на немањето вистинска љубовко на државата.,е производ на односот на немањето вистинска љубов на државата.,yes
clips/dyshgcddy2a_000000.wav,DYShGCDDy2A.mp4,0.0,4.66,4.66,Не е крив Славевски што е на таа функција. Кривјето е што го предложил.,Не е крив Славевски што е на таа функција. Крив е тој што го предложил.,yes
clips/dyshgcddy2a_000001.wav,DYShGCDDy2A.mp4,5.3,10.42,5.12,"Бидејќи нивовит легитимитет и како председател на град Скопје,","Бидејќи неговиот легитимитет и како претседател на град Скопје,",yes
clips/dyshgcddy2a_000002.wav,DYShGCDDy2A.mp4,11.1,15.54,4.44,"заедно со екс-градначелничката, го направи руина Скопје.","заедно со екс-градоначалничката, го направи руина Скопје.",yes
clips/dyshgcddy2a_000003.wav,DYShGCDDy2A.mp4,16.26,21.12,4.86,"Ако едниот не го бива, другиот требаше да го бива, да дават на крајините нешто повеќе.","Ако едниот не го бива, другиот требаше да го бива, да дават на граѓаните нешто повеќе.",yes
clips/dyshgcddy2a_000004.wav,DYShGCDDy2A.mp4,21.56,25.64,4.08,"Меѓутоа, тоа го направи. И сега, тоа е денеска нашиот гувенер во кој што","Меѓутоа, тоа го направи. И сега, тоа е денеска нашиот гувенер во кој што",no
clips/dyshgcddy2a_000005.wav,DYShGCDDy2A.mp4,25.64,31.28,5.64,"ние мораме да го почитуваме, во кој што дава изјави кои што се несоответни","ние мораме да го почитуваме, во кој што дава изјави кои што се несоодветни",yes
clips/dyshgcddy2a_000006.wav,DYShGCDDy2A.mp4,31.28,35.5,4.22,и некој работа издегуваат на виделене кој што мене ми сметат како човек,и некој работи излегуваат на виделина кој што мене ми сметат како човек,yes
clips/dyshgcddy2a_000007.wav,DYShGCDDy2A.mp4,35.5,37.38,1.88,и ми сметат како меќе донеса.,и ми сметат како македонец.,yes
clips/dyshgcddy2a_000008.wav,DYShGCDDy2A.mp4,37.6,44.34,6.74,"Бев зачуден со ефикасността, негативно да го кажам, на војнителството","Бев зачуден со ефикасността, негативно да го кажам, на обвинителството",yes
clips/dyshgcddy2a_000009.wav,DYShGCDDy2A.mp4,44.34,50.04,5.7,за гонене на организиран криминал и корупција. Како може толку бързо да се затвори,за гонење на организиран криминал и корупција. Како може толку брзо да се затвори,yes
clips/dyshgcddy2a_000010.wav,DYShGCDDy2A.mp4,50.04,74.2,24.16,"тоа е една таква истрага за таков криминал, за такви размери и не разбирам како можело републицкиот јавен обвинител воопште да биде запознаен со тоа бидејќи имаше и он изјава дека не бил запознаен, дека тоа одело исклучувае преко Јогог.","тоа е една таква истрага за таков криминал, за такви размери и не разбирам како можело републичкиот јавен обвинител воопшто да биде запознаен со тоа бидејќи имаше и он изјава дека не бил запознаен, дека тоа одело исклучуво преко ОЈО ГОКК.",yes
clips/dyshgcddy2a_000011.wav,DYShGCDDy2A.mp4,75.56,84.1,8.54,тоа беше още еден доказ дека тука правда нема и дека тука законите за богатите не важат.,тоа беше уште еден доказ дека тука правда нема и дека тука законите за богатите не важат.,yes
clips/dyshgcddy2a_000012.wav,DYShGCDDy2A.mp4,84.36,90.2,5.84,"Тука се потребни решенија, некој од них нема да бидат популярни, некој од них ќе бидат бака много горште и пилоли","Тука се потребни решенија, некои од нив нема да бидат популарни, некои од нив ќе бидат вака много горчливи и пилоли",yes
clips/dyshgcddy2a_000013.wav,DYShGCDDy2A.mp4,90.2,97.02,6.82,"и мене не ми се допаѓа кога, еве, апропо изјавите кои што ги слушавме денови, не ми се допаѓа кога нашата влада","и мене не ми се допаѓа кога, еве, апропо изјавите кои што ги слушавме денови, не ми се допаѓа кога нашата влада",no
clips/dyshgcddy2a_000014.wav,DYShGCDDy2A.mp4,97.02,99.32,2.3,зборува за тоа дека ние сакаме да се зачлениме,зборува за тоа дека ние сакаме да се зачлениме,no
clips/dyshgcddy2a_000015.wav,DYShGCDDy2A.mp4,99.32,103.32,4.0,"врз основа на квалитет, а не врз основа на попуштање и така натаму.","врз основа на квалитет, а не врз основа на попуштање и така натаму.",no
clips/dyshgcddy2a_000016.wav,DYShGCDDy2A.mp4,103.44,107.42,3.98,"Врз основа на квалитет, ние уште во 2009. имавме позитивна препорека","Врз основа на квалитет, ние уште во 2009. имавме позитивна препорака",yes
clips/dyshgcddy2a_000017.wav,DYShGCDDy2A.mp4,107.42,110.5,3.08,за почнување на преговорите. Гледаме дека тоа не се случува.,за почнување на преговорите. Гледаме дека тоа не се случува.,no
clips/dyshgcddy2a_000018.wav,DYShGCDDy2A.mp4,110.62,114.28,3.66,"Ништо го знае секој граген, од политичари, да се бара нешто плюс.","Значи тоа го знае секој граѓанин, од политичарите се бара нешто плус.",yes
clips/dyshgcddy2a_000019.wav,DYShGCDDy2A.mp4,114.58,118.9,4.32,Со воведувањето на повеќе партицкиот систем и на демократизацијата,Со воведувањето на повеќепартискиот систем и на демократизацијата,yes
clips/dyshgcddy2a_000020.wav,DYShGCDDy2A.mp4,118.9,122.06,3.16,"на обштествено-политичкиот живот во Македонија,","на општествено-политичкиот живот во Македонија,",yes
clips/dyshgcddy2a_000021.wav,DYShGCDDy2A.mp4,122.06,127.2,5.14,ние уставно-правно се устроивме дека трите власти кои се очинуваат,ние уставно-правно се устроивме дека трите власти кои ја сочинуваат,yes
clips/dyshgcddy2a_000022.wav,DYShGCDDy2A.mp4,128.76,132.52,3.76,"политичкиот систем во Македонија, тоа е законодавната, извршната","политичкиот систем во Македонија, тоа е законодавната, извршната",no
clips/dyshgcddy2a_000023.wav,DYShGCDDy2A.mp4,132.52,136.18,3.66,"и судската, треба да бидат по устав, независни едни од други.","и судската, треба да бидат по устав, независни едни од други.",no
clips/dyshgcddy2a_000024.wav,DYShGCDDy2A.mp4,136.4,142.8,6.4,"За жал, на практика, гледаме во овие 35 години, без исключок дали","За жал, на практика, гледаме во овие 35 години, без исклучок дали",yes
clips/dyshgcddy2a_000025.wav,DYShGCDDy2A.mp4,142.8,146.44,3.64,левицата или десницата како политички елити владееле со Македонија,левицата или десницата како политички елити владееле со Македонија,no
clips/dyshgcddy2a_000026.wav,DYShGCDDy2A.mp4,146.44,150.74,4.3,"во овие 35 години, наместо уставно-правно да се однесува","во овие 35 години, наместо уставно-правно да се однесува",no
clips/dyshgcddy2a_000027.wav,DYShGCDDy2A.mp4,150.74,155.08,4.34,"да имаме ние независност и одвоеност на тие три власти,","да имаме ние независност и одвоеност на тие три власти,",no
clips/dyshgcddy2a_000028.wav,DYShGCDDy2A.mp4,155.16,157.7,2.54,"како што се извршната, законодавната и судската,","како што се извршната, законодавната и судската,",no
clips/dyshgcddy2a_000029.wav,DYShGCDDy2A.mp4,157.84,161.7,3.86,"ние гледаме дека имаме тотална партизација, политизација,","ние гледаме дека имаме тотална партизација, политизација,",no
clips/dyshgcddy2a_000030.wav,DYShGCDDy2A.mp4,162.7,165.54,2.84,"непотизама со тоа и корупција и криминализација,","непотизам со тоа и корупција и криминализација,",yes
clips/dyshgcddy2a_000031.wav,DYShGCDDy2A.mp4,165.54,167.38,1.84,дури и на судско-обвинителскиот систем.,дури и на судско-обвинителскиот систем.,no
clips/dyugxjmmw75_000000.wav,DYUgXjmMw75.mp4,0.0,7.6,7.6,Бремеността и компликацијите по породувањето се втора поред причина за смртка и девојките на возраст од 15 до 19 години.,Бременоста и компликациите по породувањето се втора поред причина за смрт на девојките на возраст од 15 до 19 години.,yes
clips/dyugxjmmw75_000001.wav,DYUgXjmMw75.mp4,7.84,9.72,1.88,"Како обаќа се решава, доктор Гетов?","Како ова се решава, доктор Гетов?",yes
clips/dyugxjmmw75_000002.wav,DYUgXjmMw75.mp4,11.28,25.2,13.92,Обаќа ја решаваме ако прво направиме середина во која младите ќе бидат доволно запознаени како да не дојде до бременост на 15 години.,Ова ќе го решаваме ако прво направиме средина во која младите ќе бидат доволно запознаени како да не дојде до бременост на 15 години.,yes
clips/dyugxjmmw75_000003.wav,DYUgXjmMw75.mp4,25.26,38.98,13.72,"Ние велиме да има бременост, меѓутоа да биде во период кога женското тело е подготвено да одговори на таа своја задача, да стане мајка.","Ние велиме да има бременост, меѓутоа да биде во период кога женското тело е подготвено да одговори на таа своја задача, да стане мајка.",no
clips/dyugxjmmw75_000004.wav,DYUgXjmMw75.mp4,38.98,45.86,6.88,"Значи во едно детско тело, ако се случи бременост,","Значи во едно детско тело, ако се случи бременост,",no
clips/dyugxjmmw75_000005.wav,DYUgXjmMw75.mp4,45.98,50.74,4.76,"тука има оптоварување од повеќе аспекти, од повеќе органи,","тука има оптоварување од повеќе аспекти, од повеќе органи,",no
clips/dyugxjmmw75_000006.wav,DYUgXjmMw75.mp4,50.8,57.28,6.48,повеќе системи во тој организам и затоа се случуваат проблеми.,повеќе системи во тој организам и затоа се случуваат проблеми.,no
clips/dyusz0gooqf_000000.wav,DYUsZ0gOOqF.mp4,0.0,5.06,5.06,"Ова е модел кој што ни е посебно драг и сме многу емотивно поврзани за него,","Ова е модел кој што ни е посебно драг и сме многу емотивно поврзани за него,",no
clips/dyusz0gooqf_000001.wav,DYUsZ0gOOqF.mp4,5.26,10.32,5.06,затоа што на вистина прикажува една убава слика за тоа како настанува животот.,затоа што навистина прикажува една убава слика за тоа како настанува животот.,yes
clips/dyusz0gooqf_000002.wav,DYUsZ0gOOqF.mp4,10.44,15.92,5.48,"Во горниот ред, како што каже колешката, ни е прикажан ембрионален развој.","Во горниот ред, како што кажа колешката, ни е прикажан ембрионален развој.",yes
clips/dyusz0gooqf_000003.wav,DYUsZ0gOOqF.mp4,16.46,23.24,6.78,"Во првата тегла ни е прикажана прва делба, кога ополдената јајцеклетка се дели на две клетки,","Во првата тегла ни е прикажана прва делба, кога оплодената јајце-клетка се дели на две клетки,",yes
clips/dyusz0gooqf_000004.wav,DYUsZ0gOOqF.mp4,23.24,26.86,3.62,"по тоа ни е прикажана втората фаза, тоа ни е морула,","потоа ни е прикажана втората фаза, тоа ни е морула,",yes
clips/dyusz0gooqf_000005.wav,DYUsZ0gOOqF.mp4,26.96,30.64,3.68,"па се до оној момент кога треба да се образува бластоцистата,","па се до оној момент кога треба да се образува бластоцистата,",no
clips/dyusz0gooqf_000006.wav,DYUsZ0gOOqF.mp4,30.82,34.88,4.06,каде што веќе самиот ембрион е подготвен за имплантација,каде што веќе самиот ембрион е подготвен за имплантација,no
clips/dyusz0gooqf_000007.wav,DYUsZ0gOOqF.mp4,34.88,40.02,5.14,"или гнездување во ендометриумот, односно дзидот на матката.","или гнездување во ендометриумот, односно ѕидот на матката.",yes
clips/dyusz0gooqf_000008.wav,DYUsZ0gOOqF.mp4,40.28,44.66,4.38,"Во долниот дел, во долниот рет, ни се прикажени неколку од фазите.","Во долниот дел, во долниот ред, ни се прикажени неколку од фазите.",yes
clips/dyusz0gooqf_000010.wav,DYUsZ0gOOqF.mp4,45.78,48.36,2.58,"Поинтересните фази, да кажеме, ответолниот развој,","Поинтересните фази, да кажеме, ответолниот развој,",no
clips/dyusz0gooqf_000011.wav,DYUsZ0gOOqF.mp4,48.36,54.2,5.84,"таму, например, не е 9. недела, кога веќе всите органи се оформени,","таму, например, не е 9. недела, кога веќе скоро речиси сите органи се оформени,",yes
clips/dyusz0gooqf_000012.wav,DYUsZ0gOOqF.mp4,54.28,55.32,1.04,кога срцето чука...,кога срцето чука...,no
clips/dyusz0gooqf_000013.wav,DYUsZ0gOOqF.mp4,55.32,56.64,1.32,Така и гледа едно беденце во 9. недела.,Така изгледа едно беденце во 9. недела.,yes
clips/dyusz0gooqf_000014.wav,DYUsZ0gOOqF.mp4,56.64,64.16,7.52,"Така, да, да, и тука веќе очекувањето на срцето се дури некаде до 160,","Така, да, да, и тука веќе отчукувањето на срцето се дури некаде до 160,",yes
clips/dyusz0gooqf_000015.wav,DYUsZ0gOOqF.mp4,64.56,70.48,5.92,"може да се слушнат на ултразвук, потен ја прикажен ембрион во 28. недела,","може да се слушнат на ултразвук, потоа ни е прикажен ембрион во 28. недела,",yes
clips/dyusz0gooqf_000016.wav,DYUsZ0gOOqF.mp4,70.54,78.34,7.8,"кога ембрионот веќе го препознава, дури и гласот на својата маќина,","кога ембрионот веќе го препознава, дури и гласот на својата мајка,",yes
clips/dyusz0gooqf_000017.wav,DYUsZ0gOOqF.mp4,78.36,85.84,7.48,"Мајка, така, значи и тука веќе е дури подготвен да излезе на свет.","Мајка, така, значи и тука веќе е дури подготвен да излезе на свет.",no
clips/dyusz0gooqf_000019.wav,DYUsZ0gOOqF.mp4,87.98,93.46,5.48,"Така, и во последната тегличка ни е прикажана три-четврте на лезе,","Така, и во последната тегличка ни е прикажана три-четврте на лезе,",no
clips/dyusz0gooqf_000020.wav,DYUsZ0gOOqF.mp4,93.5,95.26,1.76,"лаколуга фетос одвежба дури, нели...","Кога фетусот вежба дури, нели...",yes
clips/dyusz0gooqf_000022.wav,DYUsZ0gOOqF.mp4,97.1,100.84,3.74,"Движење и дишање, значи со плодовата вода.","Движење и дишање, значи со плодовата вода.",no
clips/dyusz0gooqf_000023.wav,DYUsZ0gOOqF.mp4,100.88,106.04,5.16,"И тука веќе, нели, самиот фетос, односно веќе дури е бебе.","И тука веќе, нели, самиот фетос, односно веќе дури е бебе.",no
clips/dyvh6oxdsar_000000.wav,DYVH6oxDSaR.mp4,0.0,13.66,13.66,"Дали вие како полиција, како мавара недоволно квалитетно сте сработили работата, сте избрзале со акцијата, нема доволно докази и аргументи или пак вамово обвинителството некој се обидува да замежи и да ги заташка работите?","Дали вие како полиција, како МВР недоволно квалитетно сте ја сработиле работата, сте избрзале со акцијата, нема доволно докази и аргументи или пак ваму во обвинителството некој се обидува да замиже и да ги заташка работите?",yes
clips/dyvh6oxdsar_000001.wav,DYVH6oxDSaR.mp4,32.53,36.19,3.66,"наједнаш се смени фактичката состоја, тоа треба друг да даде","наеднаш се смени фактичката состојба, тоа треба друг да даде",yes
clips/dyvh6oxdsar_000003.wav,DYVH6oxDSaR.mp4,37.55,40.01,2.46,"Добро, ви останувате на тоа дека има докази во случај","Добро, ви останувате на тоа дека има докази во случај",no
clips/dyvh6oxdsar_000005.wav,DYVH6oxDSaR.mp4,40.13,48.34,8.21,"Јас останувам на тоа што е нормално, а тоа е дека во некој","Јас останувам на она коешто е нормално, а тоа е дека во никој",yes
clips/dyvh6oxdsar_000006.wav,DYVH6oxDSaR.mp4,48.34,57.17,8.83,"случај не сме една ваква постапка, така тиво кобитна затварања","Никој случај не сме една ваква постапка, така тивко да се затвори",yes
clips/dyvh6oxdsar_000007.wav,DYVH6oxDSaR.mp4,57.17,61.69,4.52,на постапката да има од страна обвинителството което ја води,на постапката да има од страна обвинителството коешто ја води,yes
clips/dyvh6oxdsar_000008.wav,DYVH6oxDSaR.mp4,61.69,66.94,5.25,"во оваа постапка. Наистина, ова е огромно разочарување,","во оваа постапка. Навистина, ова е огромно разочарување,",yes
clips/dyvh6oxdsar_000009.wav,DYVH6oxDSaR.mp4,67.04,72.78,5.74,особено за целокупниот тим кој што работеше во Министерството,особено за целокупниот тим кој што работеше во Министерството,no
clips/dyvh6oxdsar_000010.wav,DYVH6oxDSaR.mp4,72.78,75.94,3.16,"за натрешни работи, истражителите, инспекторите и така наталу.","за внатрешни работи, истражителите, инспекторите и така натаму.",yes
clips/dyvh6oxdsar_000011.wav,DYVH6oxDSaR.mp4,76.14,81.52,5.38,"Окей што сте разочарани и шокирани, но како фаер во јавността тоа?","Океј што сте разочарани и шокирани, но какво фајде има јавноста од тоа?",yes
clips/dyvh6oxdsar_000012.wav,DYVH6oxDSaR.mp4,81.56,85.52,3.96,"Че види јавността во наредниот период, зашто точно сум сакал","Ќе види јавноста во наредниот период, зашто точно сум сакал",yes
clips/dyvh6oxdsar_000013.wav,DYVH6oxDSaR.mp4,85.52,90.94,5.42,да поентирам од аспект на фактичка состава која што,да поентирам од аспект на фактичка состојба којашто,yes
clips/dyvh6oxdsar_000014.wav,DYVH6oxDSaR.mp4,92.11,93.35,1.24,Министерството за Внатрешни Работи,Министерството за Внатрешни Работи,no
clips/dyvh6oxdsar_000015.wav,DYVH6oxDSaR.mp4,93.83,95.39,1.56,неспорно ја има утврдено во,неспорно ја има утврдено во,no
clips/dyvh6oxdsar_000016.wav,DYVH6oxDSaR.mp4,95.39,97.31,1.92,изминатиот период во насока на,изминатиот период во насока на,no
clips/dyvh6oxdsar_000017.wav,DYVH6oxDSaR.mp4,98.33,99.47,1.14,остарување на право и правда.,остарување на право и правда.,no
clips/dyvh6oxdsar_000019.wav,DYVH6oxDSaR.mp4,101.74,103.24,1.5,можна сјавност да види,Ќе има можност јавноста да види,yes
clips/dyvh6oxdsar_000020.wav,DYVH6oxDSaR.mp4,103.24,105.84,2.6,"за што сум мислил, во која насока","за што сум мислил, во која насока",no
clips/dyvh6oxdsar_000021.wav,DYVH6oxDSaR.mp4,105.84,108.14,2.3,"го стремам, она која го имам","го стремам, она кое го имам",yes
clips/dyvh6oxdsar_000022.wav,DYVH6oxDSaR.mp4,108.14,109.82,1.68,и јас добијам како информација.,и јас добијам како информација.,no
clips/dyvh6oxdsar_000023.wav,DYVH6oxDSaR.mp4,109.82,112.02,2.2,"Добро, ако можам да заключам, за вас не е затворено овој случај.","Добро, ако можам да заключам, за вас не е затворен овој случај.",yes
clips/dyvh6oxdsar_000025.wav,DYVH6oxDSaR.mp4,112.72,114.8,2.08,За обвинителството за да го не организирам кибинал.,За обвинителството за да го неорганизиран криминал.,yes
clips/dymke8_sobe_000000.wav,DYmKe8-soBe.mp4,0.0,2.42,2.42,Како стигнав тука? Те носам со мене.,Како стигнав тука? Те носам со мене.,no
clips/dymke8_sobe_000001.wav,DYmKe8-soBe.mp4,2.44,5.06,2.62,Пасошка контрола и сум заборавила карта.,Пасошка контрола и сум заборавила карта.,no
clips/dymke8_sobe_000002.wav,DYmKe8-soBe.mp4,5.99,7.41,1.42,Одиме во Задар.,Одиме во Задар.,no
clips/dymke8_sobe_000003.wav,DYmKe8-soBe.mp4,7.77,10.33,2.56,"Преубав резорт, сега ви правам рум тур.","Преубав резорт, сега ви правам рум тур.",no
clips/dymke8_sobe_000004.wav,DYmKe8-soBe.mp4,10.85,12.89,2.04,Не дочекаа сто подароци.,Не дочекаа сто подароци.,no
clips/dymke8_sobe_000005.wav,DYmKe8-soBe.mp4,13.53,15.17,1.64,И почнав мене се спрема.,И почнавме да се спремаме.,yes
clips/dymke8_sobe_000006.wav,DYmKe8-soBe.mp4,15.69,17.95,2.26,"Епа, тука имаме и приватен фризер.","Епа, тука имаме и приватен фризер.",no
clips/dymke8_sobe_000007.wav,DYmKe8-soBe.mp4,18.05,19.69,1.64,Еве ја козата и шминката.,Еве ја косата и шминката.,yes
clips/dymke8_sobe_000008.wav,DYmKe8-soBe.mp4,19.93,23.59,3.66,Погледнете и купачите од новата колекција на лица преобави се.,Погледнете ги купачите од новата колекција на лисца преубави се.,yes
clips/dymke8_sobe_000009.wav,DYmKe8-soBe.mp4,24.41,26.37,1.96,Одиме на pool party.,Одиме на pool party.,no
clips/dymke8_sobe_000010.wav,DYmKe8-soBe.mp4,26.53,28.73,2.2,Каква организација направила?,Каква организација направиле?,yes
clips/dymke8_sobe_000011.wav,DYmKe8-soBe.mp4,28.73,31.61,2.88,И некој целиот концепт е ладолчевијата.,Инкау целиот концепт е Ла долче вита.,yes
clips/dymke8_sobe_000013.wav,DYmKe8-soBe.mp4,36.16,40.65,4.49,"Тука не фоткаа, едвај чекам да видам.","Тука не фоткаа, едвај чекам да видам.",no
clips/dymke8_sobe_000014.wav,DYmKe8-soBe.mp4,40.95,42.89,1.94,Малку и позерски видеа.,Малку и позерски видеа.,no
clips/dymke8_sobe_000017.wav,DYmKe8-soBe.mp4,48.34,51.15,2.81,И време е за Круз.,И време е за Круз.,no
clips/dymke8_sobe_000018.wav,DYmKe8-soBe.mp4,51.49,54.89,3.4,И некако целата атмосфера имаше неверојатен вајб.,И некако целата атмосфера имаше неверојатен вајб.,no
clips/dymke8_sobe_000019.wav,DYmKe8-soBe.mp4,55.59,57.47,1.88,Ове бикини се wow.,Овие бикини се wow.,yes
clips/dymke8_sobe_000020.wav,DYmKe8-soBe.mp4,58.46,60.52,2.06,Уживавме сите и се фоткавме.,Уживавме сите и се фоткавме.,no
clips/dymke8_sobe_000021.wav,DYmKe8-soBe.mp4,61.34,62.66,1.32,Доаѓа и Меткала.,Доаѓа и Мет Гала.,yes
clips/dymke8_sobe_000022.wav,DYmKe8-soBe.mp4,62.66,70.28,7.62,"Погледнете што се ни приреди Лисца. Сансет руфтоп, преубава атмосфера и фотки што испаднаа врв.","Погледнете што се ни приреди Лисца. Сансет руфтоп, преубава атмосфера и фотки што испаднаа врв.",no
clips/dymke8_sobe_000023.wav,DYmKe8-soBe.mp4,70.38,73.86,3.48,И вечерата беше вистинско little art experience.,И вечерата беше вистинско little art experience.,no
clips/dymke8_sobe_000024.wav,DYmKe8-soBe.mp4,74.42,79.1,4.68,Да го поздравам и шефот. Целото искусство вредеше да се сподели со вас.,Да го поздравам и шефот. Целото искусство вредеше да се сподели со вас.,no
clips/dzfplgqkvn3_000000.wav,DZfpLGQKvn3.mp4,0.0,3.42,3.42,Најлоша работа што можеш да кажеш на некој што сака добра слика е,Најлоша работа што можеш да кажеш на некој што сака добра слика е,no
clips/dzfplgqkvn3_000001.wav,DZfpLGQKvn3.mp4,3.42,4.88,1.46,само застани и позирай.,само застани и позирај,yes
clips/dzfplgqkvn3_000002.wav,DZfpLGQKvn3.mp4,5.06,9.44,4.38,Затоа што сите знаеме дека најдобрите фотки никогаш не изгледат наместено.,Затоа што сите знаеме дека најдобрите фотки никогаш не изгледат наместено.,no
clips/dzfplgqkvn3_000003.wav,DZfpLGQKvn3.mp4,9.52,13.3,3.78,"Тие се случуваат додека се движиш, додека не мислиш на камерата.","Тие се случуваат додека се движиш, додека не мислиш на камерата.",no
clips/dzfplgqkvn3_000005.wav,DZfpLGQKvn3.mp4,17.5,21.14,3.64,"Ти треба само миг, што трае доволно кратко за да биде реален момент","Ти треба само миг, што трае доволно кратко за да биде реален момент",no
clips/dzfplgqkvn3_000006.wav,DZfpLGQKvn3.mp4,21.14,23.82,2.68,и камера доволно брзо за да го фати истиот.,и камера доволно брзо за да го фати истиот.,no
clips/dzfplgqkvn3_000007.wav,DZfpLGQKvn3.mp4,23.94,29.42,5.48,"Ако си како мене и цел ден се снимаш, сликаш, скролаш, пак се снимаш,","Ако си како мене и цел ден се снимаш, сликаш, скролаш, пак се снимаш,",no
clips/dzmjdp9o7hn_000000.wav,DZmjdp9O7hN.mp4,0.0,2.78,2.78,Ве носам со мене на Мали Лошин.,Ве носам со мене на Мали Лошин.,no
clips/dzmjdp9o7hn_000001.wav,DZmjdp9O7hN.mp4,2.9,6.6,3.7,Рано наутро тргнавме за Загреб и јас пообичај заспав.,Рано наутро тргнавме за Загреб и јас пообичај заспав.,no
clips/dzmjdp9o7hn_000002.wav,DZmjdp9O7hN.mp4,6.74,9.96,3.22,Не дирај лава док спава и пренервозна сум.,Не дирај лава док спава и пренервозна сум.,no
clips/dzmjdp9o7hn_000003.wav,DZmjdp9O7hN.mp4,11.54,14.46,2.92,Стигнавме и Индитекс не пречекаа како кралеви.,Стигнавме и Индитекс не пречекаа како кралеви.,no
clips/dzmjdp9o7hn_000004.wav,DZmjdp9O7hN.mp4,15.85,18.45,2.6,Утре дента ги ставивме куферите и тргнавме.,Утре дента ги ставивме куферите и тргнавме.,no
clips/dzmjdp9o7hn_000005.wav,DZmjdp9O7hN.mp4,22.01,24.17,2.16,"Затоа што е остров, моравме и со траект.","Затоа што е остров, моравме и со траект.",no
clips/dzmjdp9o7hn_000006.wav,DZmjdp9O7hN.mp4,24.39,28.55,4.16,"Што од самиот момент кога стигнавме, знаевме дека не очекува нешто посебно.","Што од самиот момент кога стигнавме, знаевме дека не очекува нешто посебно.",no
clips/dzmjdp9o7hn_000007.wav,DZmjdp9O7hN.mp4,28.79,32.55,3.76,"Коктели од лаванда, а хотел од вистински медитерански рај.","Коктели од лаванда, а хотел од вистински медитерански рај.",no
clips/dzmjdp9o7hn_000008.wav,DZmjdp9O7hN.mp4,32.55,37.75,5.2,"И одиме со рум тур, собата е преубава и погледот.","И одиме со рум тур, собата е преубава и погледот.",no
clips/dzmjdp9o7hn_000009.wav,DZmjdp9O7hN.mp4,38.15,42.11,3.96,"Спремиле и поклони, мислеле буквално на секој детал.","Спремиле и поклони, мислеле буквално на секој детал.",no
clips/dzmjdp9o7hn_000010.wav,DZmjdp9O7hN.mp4,42.25,45.91,3.66,"А за тие што не знаат, Индитекс е групација на Бершка, Зара,","А за тие што не знаат, Индитекс е групација на Бершка, Зара,",no
clips/dzmjdp9o7hn_000011.wav,DZmjdp9O7hN.mp4,46.09,49.13,3.04,"Страдивариус, Пулембеар, Масимо Дути.","Страдивариус, Пулембеар, Масимо Дути.",no
clips/dzmjdp9o7hn_000012.wav,DZmjdp9O7hN.mp4,49.23,50.85,1.62,Патилото исто преубава.,Купатилото исто преубаво.,yes
clips/dzmjdp9o7hn_000013.wav,DZmjdp9O7hN.mp4,52.12,55.84,3.72,"Имам еден аутфит, сега ќе ви го покажам и одиме на,","Имам еден аутфит, сега ќе ви го покажам и одиме на,",no
clips/dzmjdp9o7hn_000014.wav,DZmjdp9O7hN.mp4,55.98,59.88,3.9,"не знам што е во агендала сега, ама ќе ви го покажам.","не знам што е во агендава сега, ама ќе ви покажам.",yes
clips/dzmjdp9o7hn_000015.wav,DZmjdp9O7hN.mp4,59.96,62.06,2.1,Ова е првиот аутфит за денеска.,Ова е првиот аутфит за денеска.,no
clips/dzmjdp9o7hn_000016.wav,DZmjdp9O7hN.mp4,62.06,66.82,4.76,И сега се упатуваме кон шоурумот за пообаво да ги запознаеме брендовите.,И сега се упатуваме кон шоурумот за пообаво да ги запознаеме брендовите.,no
clips/dzmjdp9o7hn_000017.wav,DZmjdp9O7hN.mp4,66.9,70.6,3.7,"Не послужија шампанј, чирс и си помуабетивме.","Не послужија шампанј, чирс и си помуабетивме.",no
clips/dzmjdp9o7hn_000018.wav,DZmjdp9O7hN.mp4,70.74,73.08,2.34,А сега одиме да се спремиме за вечера.,А сега одиме да се спремиме за вечера.,no
clips/dzmjdp9o7hn_000019.wav,DZmjdp9O7hN.mp4,73.1,75.46,2.36,Опте ми направи преубава фризура за 5 минути.,Октај ми направи преубава фризура за 5 минути.,yes
clips/dzmjdp9o7hn_000020.wav,DZmjdp9O7hN.mp4,75.56,77.54,1.98,Спремно со врвен фустан.,Спремно со врвен фустан.,no
clips/dzmjdp9o7hn_000021.wav,DZmjdp9O7hN.mp4,77.62,80.72,3.1,Вечерата ја завршивме во преубав азиски ресторант.,Вечерата ја завршивме во преубав азиски ресторант.,no
clips/dzmjdp9o7hn_000022.wav,DZmjdp9O7hN.mp4,80.76,85.78,5.02,"Јадевме суши, се дружевме, а десертот беше совршен крај на денот.","Јадевме суши, се дружевме, а десертот беше совршен крај на денот.",no
clips/dzmjdp9o7hn_000023.wav,DZmjdp9O7hN.mp4,85.94,88.32,2.38,Станав сабајле и отидов на доручек.,Станав сабајле и отидов на доручек.,no
clips/dzmjdp9o7hn_000024.wav,DZmjdp9O7hN.mp4,88.56,90.32,1.76,Храна и поглед 10 од 10.,Храна и поглед 10 од 10.,no
clips/dzmjdp9o7hn_000025.wav,DZmjdp9O7hN.mp4,90.32,96.02,5.7,Се упативме кон заливот Чикат и дадоа којшо подлоги и малку медитација и јога.,Се упативме кон заливот Чикат и дадоа ојшо подлоги и малку медитација и јога.,yes
clips/dzmjdp9o7hn_000027.wav,DZmjdp9O7hN.mp4,96.81,99.43,2.62,"Се изморив, ама вредеше за овој поглед.","Се изморив, ама вредеше за овој поглед.",no
clips/dzmjdp9o7hn_000028.wav,DZmjdp9O7hN.mp4,99.65,102.67,3.02,"Се качивме на глисер, ама дуваше ветер и ништо...","Се качивме на глисер, ама дуваше ветер и ништо...",no
clips/dzmjdp9o7hn_000030.wav,DZmjdp9O7hN.mp4,109.1,110.74,1.64,Уште еден аутфитчек.,Уште еден аутфитчек.,no
clips/dzmjdp9o7hn_000031.wav,DZmjdp9O7hN.mp4,111.52,116.62,5.1,"Ресторанот на хотелот е со Мишелин Звезда, така да јадењето беше вау, вау, вау.","Ресторанот на хотелот е со Мишелин Ѕвезда, така да јадењето беше вау, вау, вау.",yes
clips/dzmjdp9o7hn_000032.wav,DZmjdp9O7hN.mp4,116.9,119.3,2.4,"А за десертот, но комент луѓе врв.","А за десертот, но комент луѓе врв.",no
clips/dzmjdp9o7hn_000033.wav,DZmjdp9O7hN.mp4,119.5,120.86,1.36,Сега одеме на кајак.,Сега одеме на кајак.,no
clips/dzmjdp9o7hn_000034.wav,DZmjdp9O7hN.mp4,120.86,123.88,3.02,"Веславме, јас уживам а он весла.","Веславме, јас уживам а он весла.",no
clips/dzmjdp9o7hn_000035.wav,DZmjdp9O7hN.mp4,126.21,129.33,3.12,"Дори и суп, даските и кајаците беа брендирани.",Дури и суп даските и кајаците беа брендирани.,yes
clips/dzmjdp9o7hn_000036.wav,DZmjdp9O7hN.mp4,129.45,131.27,1.82,Секој момент беше посебен.,Секој момент беше посебен.,no
clips/dzmjdp9o7hn_000037.wav,DZmjdp9O7hN.mp4,131.27,133.47,2.2,"Сега одиме на вечера, ќе ви снимаме таму.","Сега одиме на вечера, ќе ви снимаме таму.",no
clips/dzmjdp9o7hn_000038.wav,DZmjdp9O7hN.mp4,134.25,135.91,1.66,"Ајде, тука е еден аутфитчек.","Ајде, тука е еден аутфитчек.",no
clips/dzmjdp9o7hn_000039.wav,DZmjdp9O7hN.mp4,136.11,138.77,2.66,Следува вистинско гастрономско доживување.,Следува вистинско гастрономско доживување.,no
clips/dzmjdp9o7hn_000040.wav,DZmjdp9O7hN.mp4,138.91,142.97,4.06,"Начинот на кој шефот ни ги претставуваше јадењата беше посебна приказна,","Начинот на кој шефот ни ги претставуваше јадењата беше посебна приказна,",no
clips/dzmjdp9o7hn_000041.wav,DZmjdp9O7hN.mp4,143.03,144.63,1.6,а вкусот уште подобар.,а вкусот уште подобар.,no
clips/dzmjdp9o7hn_000042.wav,DZmjdp9O7hN.mp4,144.75,148.67,3.92,"И носа едно по едно, секој след е внимателно одбран","И носа едно по едно, секој след е внимателно одбран",no
clips/dzmjdp9o7hn_000043.wav,DZmjdp9O7hN.mp4,148.67,151.41,2.74,и за се имаше посебна презентација.,и за се имаше посебна презентација.,no
clips/dzmjdp9o7hn_000044.wav,DZmjdp9O7hN.mp4,151.41,153.47,2.06,Мислам дека ќе пукнев од јадење.,Мислам дека ќе пукнев од јадење.,no
clips/dzmjdp9o7hn_000045.wav,DZmjdp9O7hN.mp4,153.53,155.49,1.96,И на крај десертот ме уби.,И на крај десертот ме уби.,no
clips/dzmjdp9o7hn_000046.wav,DZmjdp9O7hN.mp4,156.03,161.67,5.64,"Вечерта заврши, си легнавме, а утре дента токму го започнавме денот со јога и медитација.","Вечерта заврши, си легнавме, а утре дента токму го започнавме денот со јога и медитација.",no
clips/dzmjdp9o7hn_000047.wav,DZmjdp9O7hN.mp4,161.83,165.17,3.34,"Неме држи место но, се надевам се учи со тек на време.","Неме држи место но, се надевам се учи со тек на време.",no
clips/dzmjdp9o7hn_000048.wav,DZmjdp9O7hN.mp4,165.39,169.73,4.34,Погледот беше драма и тука малце си повежбав покрај морето.,Погледот беше драма и тука малце си повежбав покрај морето.,no
clips/dzmjdp9o7hn_000049.wav,DZmjdp9O7hN.mp4,169.93,175.09,5.16,"Од мои 4 години одев на балет, па затоа уште ме држи таа еластичност.","Од мои 4 години одев на балет, па затоа уште ме држи таа еластичност.",no
clips/dzmjdp9o7hn_000050.wav,DZmjdp9O7hN.mp4,175.65,179.03,3.38,Големо благодарам Дин Дитек за прекрасната организација.,Големо благодарам до Inditex за прекрасната организација.,yes
clips/da5ukm9mssg_000000.wav,Da5uKm9MsSg.mp4,24.24,29.08,4.84,Дојди со мене на Крит.,Дојди со мене на Крит.,no
clips/da5ukm9mssg_000001.wav,Da5uKm9MsSg.mp4,30.0,35.02,5.02,со белиот песок. И тргнавме на уште една плажа Ии без каротен никако.,со белиот песок. И тргнавме на уште една плажа Ии без каротен никако.,no
clips/da5ukm9mssg_000002.wav,Da5uKm9MsSg.mp4,35.14,39.82,4.68,"На глисер сонцето најмногу пече, па затоа задолжително 50ка фактор.","На глисер сонцето најмногу пече, па затоа задолжително 50ка фактор.",no
clips/da5ukm9mssg_000003.wav,Da5uKm9MsSg.mp4,39.96,44.78,4.82,"Плажа со кози, ние бевме малку подалеко од нив, ако одите пеш,","Плажа со кози, ние бевме малку подалеку од нив, ако одите пеш,",yes
clips/da5ukm9mssg_000004.wav,Da5uKm9MsSg.mp4,44.88,48.5,3.62,"можете да ги видите и одблиску, но тешко се стига преку карпите.","можете да ги видите и одблиску, но тешко се стига преку карпите.",no
clips/da5ukm9mssg_000005.wav,Da5uKm9MsSg.mp4,48.7,51.8,3.1,Велат дека за најубавите места треба малку да се помачиш.,Велат дека за најубавите места треба малку да се помачиш.,no
clips/da5ukm9mssg_000006.wav,Da5uKm9MsSg.mp4,51.86,54.9,3.04,Ама ние овој пат си го одбравме полесниот начин со глисер.,Ама ние овој пат си го одбравме полесниот начин со глисер.,no
clips/da5ukm9mssg_000007.wav,Da5uKm9MsSg.mp4,55.06,56.94,1.88,Стварно беше прекрасно искуство.,Стварно беше прекрасно искуство.,no
clips/da5ukm9mssg_000008.wav,Da5uKm9MsSg.mp4,56.94,67.54,10.6,"Се спремивме и отидовме во мојата омилена таверна на Крит. И ставиле преубава маса со поглед. Ѕаѕики, карпачо, лигњи, ракчиња, школки, октопод.","Се спремивме и отидовме во мојата омилена таверна на Крит. И ставиле преубава маса со поглед. Ѕаѕики, карпачо, лигњи, ракчиња, школки, октопод.",no
clips/da5ukm9mssg_000009.wav,Da5uKm9MsSg.mp4,67.7,76.24,8.54,"Оваа таверна ми е 100/10, а за благото немам коментар. Грчки специјалитет Galaktoboureko. Лу-ди-ло.","Оваа таверна ми е 100/10, а за благото немам коментар. Грчки специјалитет Galaktoboureko. Лу-ди-ло.",no
clips/da5ukm9mssg_000010.wav,Da5uKm9MsSg.mp4,76.24,80.34,4.1,"Прославиве и роденден, а атмосферата беше стварно преубава.","Прославивме и роденден, а атмосферата беше стварно преубава.",yes
clips/da5ukm9mssg_000011.wav,Da5uKm9MsSg.mp4,80.78,82.54,1.76,Наредниот ден пак на плажа.,Наредниот ден пак на плажа.,no
clips/da5ukm9mssg_000012.wav,Da5uKm9MsSg.mp4,82.62,86.94,4.32,Најдов и преслатка продавница каде што жената сама ги плетеше продуктите.,Најдов и преслатка продавница каде што жената сама ги плетеше продуктите.,no
clips/da5ukm9mssg_000013.wav,Da5uKm9MsSg.mp4,87.2,90.96,3.76,Се купив и капче. Пишете во коментар дали ви се допаѓа.,Си купив и капче. Пишете во коментар дали ви се допаѓа.,yes
clips/da5ukm9mssg_000014.wav,Da5uKm9MsSg.mp4,91.12,94.18,3.06,После плажа спасот е after sun гел од каротен.,После плажа спасот е after sun гел од каротен.,no
clips/da5ukm9mssg_000015.wav,Da5uKm9MsSg.mp4,94.94,97.58,2.64,Вечерта отидовме во нивна традиционална таверна.,Вечерта отидовме во нивна традиционална таверна.,no
clips/da5ukm9mssg_000016.wav,Da5uKm9MsSg.mp4,97.98,101.34,3.36,Како во повеќето таверни секогаш носат лепче со маслиново.,Како во повеќето таверни секогаш носат лепче со маслиново.,no
clips/da5ukm9mssg_000017.wav,Da5uKm9MsSg.mp4,101.58,103.66,2.08,Ѕаѕики и грчка салата секогаш.,Ѕаѕики и грчка салата секогаш.,no
clips/da5ukm9mssg_000018.wav,Da5uKm9MsSg.mp4,103.66,108.04,4.38,"Храната беше вкусна, а компирите убедливо најдобри се потепавме за нив.","Храната беше вкусна, а компирите убедливо најдобри се потепавме за нив.",no
clips/da5ukm9mssg_000019.wav,Da5uKm9MsSg.mp4,108.24,111.24,3.0,"На крај, како и секогаш, не почестија со ракија и благо.","На крај, како и секогаш, не почестија со ракија и благо.",no
clips/da5ukm9mssg_000020.wav,Da5uKm9MsSg.mp4,111.54,116.38,4.84,Аеродромот Хераклион е посебна приказна. Хаос не се знаеше кој каде оди.,Аеродромот Хераклион е посебна приказна. Хаос не се знаеше кој каде оди.,no
clips/da5ukm9mssg_000021.wav,Da5uKm9MsSg.mp4,116.46,119.04,2.58,"Единствено убаво беше што аеродромот е до море,","Единствено убаво беше што аеродромот е до море,",no
clips/da5ukm9mssg_000022.wav,Da5uKm9MsSg.mp4,119.04,121.98,2.94,па при полетувањето имаше неверојатен поглед.,па при полетувањето имаше неверојатен поглед.,no
clips/da5ukm9mssg_000023.wav,Da5uKm9MsSg.mp4,122.1,123.64,1.54,Море и зајди сонце.,Море и зајди сонце.,no
clips/da5ukm9mssg_000024.wav,Da5uKm9MsSg.mp4,123.86,125.78,1.92,Буквално изгледаше како слика.,Буквално изгледаше како слика.,no
clips/da5ukm9mssg_000025.wav,Da5uKm9MsSg.mp4,126.12,130.82,4.7,Пишете во коментар дали пропуштив некој место на Крит што треба да се посети.,Пишете во коментар дали пропуштив некое место на Крит што треба да се посети.,yes
clips/db3i8q4rd3y_000000.wav,Db3I8q4Rd3y.mp4,0.0,1.26,1.26,Вардар или Металург?,Вардар или Металург?,no
clips/db3i8q4rd3y_000002.wav,Db3I8q4Rd3y.mp4,2.04,5.86,3.82,Увек ја би сакал злато со репрезентација или титула во Лига на Шампион?,Повеќе ја би сакал злато со репрезентација или титула во Лига на Шампиони?,yes
clips/db3i8q4rd3y_000003.wav,Db3I8q4Rd3y.mp4,6.0,7.22,1.22,Злато со репрезентација.,Злато со репрезентација.,no
clips/db3i8q4rd3y_000004.wav,Db3I8q4Rd3y.mp4,7.78,9.38,1.6,Германска или Португалска Лига?,Германска или Португалска Лига?,no
clips/db3i8q4rd3y_000006.wav,Db3I8q4Rd3y.mp4,10.34,14.52,4.18,Тишина и максимална концентрација пред надпревар или гласна музика во соблекувална?,Тишина и максимална концентрација пред натпревар или гласна музика во соблекувална?,yes
clips/db3i8q4rd3y_000007.wav,Db3I8q4Rd3y.mp4,14.6,15.84,1.24,"Едно и друго, не ја е проблем.","И Едно и друго, нема проблем.",yes
clips/db3i8q4rd3y_000008.wav,Db3I8q4Rd3y.mp4,16.36,19.32,2.96,Бурно реагирање или премолчување судиска неправда?,Бурно реагирање или премолчување судиска неправда?,no
clips/db3i8q4rd3y_000009.wav,Db3I8q4Rd3y.mp4,19.46,20.84,1.38,Премолчување судиска неправда.,Премолчување судиска неправда.,no
clips/db3i8q4rd3y_000010.wav,Db3I8q4Rd3y.mp4,21.1,23.82,2.72,Игранје во странство или игранје пред домашна публика?,Играње во странство или играње пред домашна публика?,yes
clips/db3i8q4rd3y_000011.wav,Db3I8q4Rd3y.mp4,23.82,25.3,1.48,Играње пред домашна публика.,Играње пред домашна публика.,no
clips/db3i8q4rd3y_000012.wav,Db3I8q4Rd3y.mp4,25.46,29.14,3.68,Постигнат гол во последна секунда или клучна асистенција за победа?,Постигнат гол во последна секунда или клучна асистенција за победа?,no
clips/db3i8q4rd3y_000013.wav,Db3I8q4Rd3y.mp4,29.26,30.76,1.5,Гол во последна секунда.,Гол во последна секунда.,no
clips/db3i8q4rd3y_000014.wav,Db3I8q4Rd3y.mp4,30.9,33.06,2.16,Утрински тренинг или вечерно вежбање?,Утрински тренинг или вечерно вежбање?,no
clips/db3i8q4rd3y_000016.wav,Db3I8q4Rd3y.mp4,34.22,36.98,2.76,"Што е потешко, качување килаше или слабејање?","Што е потешко, качување килаше или слабеење?",yes
clips/db3i8q4rd3y_000018.wav,Db3I8q4Rd3y.mp4,38.28,41.66,3.38,Критики во медиуми или целосна изолација од социјални мрежи?,Критики во медиуми или целосна изолација од социјални мрежи?,no
clips/db3i8q4rd3y_000019.wav,Db3I8q4Rd3y.mp4,42.24,43.3,1.06,Може и двете.,Може и двете.,no
clips/db3i8q4rd3y_000020.wav,Db3I8q4Rd3y.mp4,43.62,47.4,3.78,Долги патувања со автобус со тимот или брз лет со авион?,Долги патувања со автобус со тимот или брз лет со авион?,no
clips/db3i8q4rd3y_000021.wav,Db3I8q4Rd3y.mp4,47.6,48.72,1.12,Автобус со тимот.,Автобус со тимот.,no
clips/db3i8q4rd3y_000022.wav,Db3I8q4Rd3y.mp4,49.04,50.4,1.36,Инстаграм или ТикТок?,Инстаграм или ТикТок?,no
clips/db3i8q4rd3y_000024.wav,Db3I8q4Rd3y.mp4,51.68,53.18,1.5,Лето на море или на планина?,Лето на море или на планина?,no
clips/db3y35ox3jg_000000.wav,Db3Y35ox3jg.mp4,0.69,8.91,8.22,"Во наредните денови сообраќајната полиција ке ги добије брзите тестови за дрога, но се уште не се знае кога сообраќајците ке почнат да ги користат.","Во наредните денови сообраќајната полиција ке ги добие брзите тестови за дрога, но се уште не се знае кога сообраќајците ќе почнат да ги користат.",yes
clips/db3y35ox3jg_000001.wav,Db3Y35ox3jg.mp4,9.19,20.73,11.54,"Тестовите на плунка ке детектираат присуство на психоактивни субстанци како техацета од марихуаната, кокаин, амфетамин, метамфетамин, морфиум, хероин, екстази, седативи.","Тестовите на плунка ќе детектираат присуство на психоактивни субстанци како техацето од марихуаната, кокаин, амфетамин, метамфетамин, морфиум, хероин, екстази, седативи.",yes
clips/db3y35ox3jg_000002.wav,Db3Y35ox3jg.mp4,20.87,24.29,3.42,Одговор полицијските службеници ке добијат за десетина минути.,Одговор полициските службеници ќе добијат за десетина минути.,yes
clips/db3y35ox3jg_000003.wav,Db3Y35ox3jg.mp4,24.29,29.09,4.8,"Меѓутоа, се ја ова една дилема. Колку овие тестови ќе бидат релевантни","Меѓутоа, се јавува една дилема. Колку овие тестови ќе бидат релевантни",yes
clips/db3y35ox3jg_000004.wav,Db3Y35ox3jg.mp4,29.09,33.07,3.98,со оглед на тоа што овие субстанцији остануваат во човековото тело,со оглед на тоа што овие субстанции остануваат во човековото тело,yes
clips/db3y35ox3jg_000005.wav,Db3Y35ox3jg.mp4,33.07,37.29,4.22,по неколку дена по конзумацијата. Токсиколозите велат дека ќе мора,по неколку дена по конзумацијата. Токсиколозите велат дека ќе мора,no
clips/db3y35ox3jg_000006.wav,Db3Y35ox3jg.mp4,37.29,41.07,3.78,да направат дополнителни конфирматорни тестови за да се утврди,да направат дополнителни конфирматорни тестови за да се утврди,no
clips/db3y35ox3jg_000007.wav,Db3Y35ox3jg.mp4,41.07,44.41,3.34,дека еден возач на вистина вози под действо на субстанција.,дека еден возач навистина вози под дејство на супстанција.,yes
clips/db3y35ox3jg_000008.wav,Db3Y35ox3jg.mp4,54.29,56.87,2.58,на институција каде му се взема биолошки материјал.,на институција каде му се зема биолошки материјал.,yes
clips/db3y35ox3jg_000009.wav,Db3Y35ox3jg.mp4,57.27,60.35,3.08,"Најдобро е да се вземе крв, меѓутоа може да се вземе и урина,","Најдобро е да се земе крв, меѓутоа може да се земе и урина,",yes
clips/db3y35ox3jg_000010.wav,Db3Y35ox3jg.mp4,60.39,65.39,5.0,во која што ние ќе одредиме концентрација на опојната дрога.,во која што ние ќе одредиме концентрација на опојната дрога.,no
clips/db3y35ox3jg_000011.wav,Db3Y35ox3jg.mp4,65.51,73.07,7.56,Со тоа можеме да бидеме сигурни дали соответниот субјект,Со тоа можеме да бидеме сигурни дали соодветниот субјект,yes
clips/db3y35ox3jg_000012.wav,Db3Y35ox3jg.mp4,73.07,75.55,2.48,или возочот е под действо на опојната дрога.,или возачот е под дејство на опојната дрога.,yes
clips/db3y35ox3jg_000013.wav,Db3Y35ox3jg.mp4,75.63,78.83,3.2,"За оваа дилема го прашавме Министерството за внатрешни работи,","За оваа дилема го прашавме Министерството за внатрешни работи,",no
clips/db3y35ox3jg_000014.wav,Db3Y35ox3jg.mp4,78.85,82.15,3.3,откаде што велат дека токму конфирматорните тестови,откаде што велат дека токму конфирматорните тестови,no
clips/db3y35ox3jg_000015.wav,Db3Y35ox3jg.mp4,82.15,86.61,4.46,ќе бидат тие кои ќе докажат дали едно лице вози под действо на субстанција,ќе бидат тие кои ќе докажат дали едно лице вози под дејство на супстанција,yes
clips/db3y35ox3jg_000016.wav,Db3Y35ox3jg.mp4,86.61,88.63,2.02,или нивното действо веќе завршило.,или нивното дејство веќе завршило.,yes
clips/db3y35ox3jg_000017.wav,Db3Y35ox3jg.mp4,89.11,92.27,3.16,Тестовите за детекција на присуство на дрога во организмот,Тестовите за детекција на присуство на дрога во организмот,no
clips/db3y35ox3jg_000018.wav,Db3Y35ox3jg.mp4,92.27,95.97,3.7,кој ги набави МВР се прелиминарни тестови со кои се утврдува,кој ги набави МВР се прелиминарни тестови со кои се утврдува,no
clips/db3y35ox3jg_000019.wav,Db3Y35ox3jg.mp4,95.97,98.71,2.74,присуство на психотропни субстанција во организмот.,присуство на психотропни субстанции во организмот.,yes
clips/db3y35ox3jg_000020.wav,Db3Y35ox3jg.mp4,99.15,103.29,4.14,"По спроведено брзо тестирање, за анализи со конфирматорен метод","По спроведено брзо тестирање, за анализи со конфирматорен метод",no
clips/db3y35ox3jg_000021.wav,Db3Y35ox3jg.mp4,103.29,106.03,2.74,необходни се биолошки примероци како крв и урина.,неопходни се биолошки примероци како крв и урина.,yes
clips/db3y35ox3jg_000022.wav,Db3Y35ox3jg.mp4,106.41,110.63,4.22,"Зависно од тоа дали е сторен прекршок и или кривично дело,","Зависно од тоа дали е сторен прекршок и или кривично дело,",no
clips/db3y35ox3jg_000023.wav,Db3Y35ox3jg.mp4,110.63,118.23,7.6,"во постапката може да се вклучи и јавен обвинител кој ќе ја диктира динамиката за понатамошно постапување, велат од МВР.","во постапката може да се вклучи и јавен обвинител кој ќе ја диктира динамиката за понатамошно постапување, велат од МВР.",no
clips/db3y35ox3jg_000024.wav,Db3Y35ox3jg.mp4,118.39,122.61,4.22,"Чи беше во гостувањето на утринската насител, јасакам Македонија,","Чибишев во гостувањето на утринската на сител, ја сакам Македонија,",yes
clips/db3y35ox3jg_000025.wav,Db3Y35ox3jg.mp4,122.69,128.87,6.18,кажа дека постојат посебни услови кои можат да влијаат на тоа како телото се справува со субстанците,кажа дека постојат посебни услови кои можат да влијаат на тоа како телото се справува со супстанците,yes
clips/db3y35ox3jg_000026.wav,Db3Y35ox3jg.mp4,128.87,131.77,2.9,и за колку време ќе ги изфрли субстанците од него.,и за колку време ќе ги исфрли супстанците од него.,yes
clips/db3y35ox3jg_000027.wav,Db3Y35ox3jg.mp4,140.63,144.47,3.84,Прима другата и како таа во одредени процеси во организмот,Прима дрогата и како таа во одредени процеси во организмот,yes
clips/db3y35ox3jg_000028.wav,Db3Y35ox3jg.mp4,144.47,150.35,5.88,се метаболизира и се ослободува од организмот.,се метаболизира и се ослободува од организмот.,no
clips/db3y35ox3jg_000029.wav,Db3Y35ox3jg.mp4,150.37,156.33,5.96,"Има влијане. Меѓутоа, земениот, земената марихуана,","Има влијане. Меѓутоа, земениот, земената марихуана,",no
clips/db3y35ox3jg_000030.wav,Db3Y35ox3jg.mp4,156.45,161.91,5.46,"земените опијати, тие ќе вртат во организмот најмалко 24 часа.","земените опијати, тие ќе вртат во организмот најмалку 24 часа.",yes
clips/db3y35ox3jg_000031.wav,Db3Y35ox3jg.mp4,161.97,165.21,3.24,"Без разлика колкава е тежината, колкава е староста,","Без разлика колкава е тежината, колкава е староста,",no
clips/db3y35ox3jg_000032.wav,Db3Y35ox3jg.mp4,165.39,168.19,2.8,"кој е полот, ќе вртат најмалко 24 часа.","кој е полот, ќе вртат најмалко 24 часа.",no
clips/db3y35ox3jg_000033.wav,Db3Y35ox3jg.mp4,168.19,175.87,7.68,Но вера во последните законски измени со кој го постави теренот за функционирање на Сейф Сити ги вметна и овие брзи тестови за дрога.,Но МВР во последните законски измени со кој го постави теренот за функционирање на Сејф Сити ги вметна и овие брзи тестови за дрога.,yes
clips/db3y35ox3jg_000034.wav,Db3Y35ox3jg.mp4,175.93,179.61,3.68,Во првата набавка треба да пристигнат 10.000 тестови.,Во првата набавка треба да пристигнат 10.000 тестови.,no
clips/db51b3xxm_g_000000.wav,Db51b3XxM_G.mp4,0.0,3.2,3.2,"Зошто луѓето сметат, мислат дека се арогантен, односно...","Зошто луѓето сметат, мислат дека си арогантен, односно...",yes
clips/db51b3xxm_g_000001.wav,Db51b3XxM_G.mp4,3.2,6.22,3.02,"Не знам, Тино, тоа веќе во неколку интервјуја го кажувам","Не знам, Тино, тоа веќе во неколку интервјуа го кажувам",yes
clips/db51b3xxm_g_000002.wav,Db51b3XxM_G.mp4,6.22,9.76,3.54,и многу луѓе го мислат тоа додека да ме запознат.,и многу луѓе го мислат тоа додека да ме запознаат.,yes
clips/db51b3xxm_g_000003.wav,Db51b3XxM_G.mp4,9.86,11.74,1.88,"Од која ќе ме запознат, веќе го нема тоа мислење.","Од кога ќе ме запознат, веќе го немаат тоа мислење.",yes
clips/db51b3xxm_g_000004.wav,Db51b3XxM_G.mp4,11.74,15.5,3.76,Дали едноставно така делувам и не секој може да те сака,Дали едноставно така делувам и не секој може да те сака,no
clips/db51b3xxm_g_000005.wav,Db51b3XxM_G.mp4,15.5,16.76,1.26,и не треба секој да те сака.,и не треба секој да те сака.,no
clips/db51b3xxm_g_000006.wav,Db51b3XxM_G.mp4,16.8,18.46,1.66,"Ето, абсолютно, тоа абсолютно, да,","Ето, апсолутно, тоа апсолутно, да,",yes
clips/db51b3xxm_g_000007.wav,Db51b3XxM_G.mp4,18.52,20.56,2.04,"меѓутоа викаше, Евео, некој што не те зна,","меѓутоа викаше, Еве, оние коишто не те знаат,",yes
clips/db51b3xxm_g_000008.wav,Db51b3XxM_G.mp4,20.56,26.74,6.18,"Впечатокот најчесто има е дека ете огнене, арогантен, си правиловахе некогаш некоја анализа","Впечатокот најчесто има е дека ете Огнене, арогантен, си правил вака некогаш некоја анализа",yes
clips/db51b3xxm_g_000009.wav,Db51b3XxM_G.mp4,26.74,31.6,4.86,Зошто? Поради који причини? Како им личиш во нивните очи?,Зошто? Поради који причини? Како им личиш во нивните очи?,no
clips/db51b3xxm_g_000010.wav,Db51b3XxM_G.mp4,31.7,35.02,3.32,"Кога сум разговарал со луѓе вака, од послеот која ќе ме запознат, вика","Кога сум разговарал со луѓе вака, отпосле која ќе ме запознаат, викаат",yes
clips/db51b3xxm_g_000011.wav,Db51b3XxM_G.mp4,35.02,38.08,3.06,"Кога те гледаме на телевизија, кога сме те гледале, така делуваш, како","Кога те гледаме на телевизија, кога сме те гледале, така делуваш, како",no
clips/db51b3xxm_g_000012.wav,Db51b3XxM_G.mp4,39.02,43.6,4.58,"Воздимнат многу, кога демек ти си наците, а врска нема, не знам","Воздигнат многу, кога демек ти си над сите, а врска нема, не знам",yes
clips/db57tacxxb_000000.wav,Db57TAcxXB_.mp4,0.0,7.38,7.38,"Дете на возраст од 1,5 година било нападнато и скасано од улично куче во дворот на семениот дом во Шуторизари.","Дете на возраст од 1,5 година било нападнато и искасано од улично куче во дворот на семејниот дом во Шуто Оризари.",yes
clips/db57tacxxb_000001.wav,Db57TAcxXB_.mp4,7.58,13.54,5.96,"Според сведошството на родителите, кучето влегло во дворот додека членовите на семейството биле на терасата.","Според сведошството на родителите, кучето влегло во дворот додека членовите на семејството биле на терасата.",yes
clips/db57tacxxb_000002.wav,Db57TAcxXB_.mp4,13.82,17.0,3.18,Детето во тој момент било малку подалеко од останатите.,Детето во тој момент било малку подалеко од останатите.,no
clips/db57tacxxb_000003.wav,Db57TAcxXB_.mp4,17.18,21.74,4.56,"Кога мајката се обидела да го избрка кучето, животното се нафрлило врз детето.","Кога мајката се обидела да го избрка кучето, животното се нафрлило врз детето.",no
clips/db57tacxxb_000004.wav,Db57TAcxXB_.mp4,21.86,28.88,7.02,"При нападот, детето се здобило со повеќе каснување и повреди, мегу кои и во пределот на лицето, угото и телото.","При нападот, детето се здобило со повеќе каснување и повреди, меѓу кои и во пределот на лицето, увото и телото.",yes
clips/db57tacxxb_000005.wav,Db57TAcxXB_.mp4,28.88,34.12,5.24,"Веднаш било пренесено во здравствено установа, каде што му било укажена медицинска помаш.","Веднаш било пренесено во здравствено установа, каде што му било укажена медицинска помаш.",no
clips/db57tacxxb_000006.wav,Db57TAcxXB_.mp4,34.28,38.92,4.64,"Според медицинската документација, случајот е евидентиран како каснување од куче.","Според медицинската документација, случајот е евидентиран како каснување од куче.",no
clips/db57tacxxb_000007.wav,Db57TAcxXB_.mp4,38.94,45.24,6.3,"На детето му била дадена вакцина против беснило, а лекарите предпорачале продолжување на предведените дози","На детето му била дадена вакцина против беснило, а лекарите препорачале продолжување на предвидените дози",yes
clips/db57tacxxb_000008.wav,Db57TAcxXB_.mp4,45.24,48.32,3.08,и примање серум согласно медицинската проценка.,и примање серум согласно медицинската проценка.,no
clips/db57tacxxb_000009.wav,Db57TAcxXB_.mp4,48.48,52.38,3.9,"Случајот бил пријавен во полиција, а семейството ангажирало и адвокат.","Случајот бил пријавен во полиција, а семејството ангажирало и адвокат.",yes
clips/db57tacxxb_000010.wav,Db57TAcxXB_.mp4,52.48,55.88,3.4,Тој за сите овели дека ќе поднесе тужба против град Скопје.,Тој за сител вели дека ќе поднесе тужба против град Скопје.,yes
clips/db57tacxxb_000011.wav,Db57TAcxXB_.mp4,58.88,66.78,7.9,"Прво се спрема секакво тужба до град Скопја, каде што ќе видиме ние, нели, секакво ќе поднесеме барање за материална и за нематериална штета,","Прво се спрема секакво тужба до град Скопја, каде што ќе видиме ние, нели, секако ќе поднесеме барање за материјална и за нематеријална штета,",yes
clips/db57tacxxb_000012.wav,Db57TAcxXB_.mp4,67.36,76.0,8.64,"па понатаму зависи од град Скопја како ќе ни возврати на нашата тужба, доколку не сме задоволни, секакво ќе тераме на суд.","па понатаму зависи од град Скопје како ќе ни возврати на нашата тужба, доколку не сме задоволни, секако ќе тераме на суд.",yes
clips/db57tacxxb_000013.wav,Db57TAcxXB_.mp4,76.04,81.46,5.42,"Како што можете да забележате, сите улици во Шуто Ризари се преполни со кучиња.","Како што можете да забележите, сите улици во Шуто Ризари се преполни со кучиња.",yes
clips/db57tacxxb_000014.wav,Db57TAcxXB_.mp4,81.78,85.6,3.82,"Сметам дека што е можно, побрзо треба тука да се реагира.","Сметам дека што е можно, побрзо треба тука да се реагира.",no
clips/db57tacxxb_000015.wav,Db57TAcxXB_.mp4,85.6,99.64,14.04,"Повторно ќе кажам ова да не го гледаме како статистика, бидејќи се однесува за дете од година и полу кое што е повредено со тешките лесни повреди, бидејќи исто така и е сошиено во пределот на овото и внатрешното ово му е повредено.","Повторно ќе кажам ова да не го гледаме како статистика, бидејќи се однесува за дете од година ипол кое што е повредено со тешките лесни повреди, бидејќи исто така и е сошиено во пределот на увото и внатрешното уво му е повредено.",yes
clips/db57tacxxb_000016.wav,Db57TAcxXB_.mp4,100.44,109.86,9.42,Сметам дека надлежните институцији треба да превземат чекори за злова и да постапуваат како што законот им утврдува да постапуваат.,Сметам дека надлежните институции треба да превземат чекори за злоба и да постапуваат како што законот им утврдува да постапуваат.,yes
clips/db57tacxxb_000017.wav,Db57TAcxXB_.mp4,109.86,118.42,8.56,"Проблемот со бездомните кучења не е нов. Со години граѓаните пријавуваат напади и каснувања, а Град Скопје исплакја милионски суми за оштети.","Проблемот со бездомните кучења не е нов. Со години граѓаните пријавуваат напади и каснувања, а Град Скопје исплакја милионски суми за оштети.",no
clips/db57tacxxb_000018.wav,Db57TAcxXB_.mp4,118.58,131.34,12.76,"Само во 2025 година, според објавените податоци, Град Скопје исплатил околу 750 000 евра, односно близо 46 милиони денари за оштети пореди каснување од куче.","Само во 2025 година, според објавените податоци, Град Скопје исплатил околу 750 000 евра, односно близо 46 милиони денари за оштети поради каснување од куче.",yes
clips/db57tacxxb_000019.wav,Db57TAcxXB_.mp4,131.42,137.16,5.74,"Сител постави прашања до Град Скопје, колка фебројот на тужби во првата половина од оваа година.","Сител постави прашања до Град Скопје, колкав е бројот на тужби во првата половина од оваа година.",yes
clips/db57tacxxb_000020.wav,Db57TAcxXB_.mp4,137.16,150.2,13.04,Новата администрација на Град Скопје во првите шест месеци од оваа година бележи намалување на вкупниот број на тужби и спогодби во споредба со истиот период во 2023 и 2024 година.,Новата администрација на Град Скопје во првите шест месеци од оваа година бележи намалување на вкупниот број на тужби и спогодби во споредба со истиот период во 2023 и 2024 година.,no
clips/db57tacxxb_000021.wav,Db57TAcxXB_.mp4,150.32,159.52,9.2,"Ова за нас зборува дека превземените мерки и активности даваат резултати и дека се движиме во насока на надминување на проблемите, не одговориојат Град Скопје.","Ова за нас зборува дека превземените мерки и активности даваат резултати и дека се движиме во насока на надминување на проблемите, ни одговорија од Град Скопје.",yes
clips/db57tacxxb_000022.wav,Db57TAcxXB_.mp4,159.62,165.64,6.02,Во моментов јавното предпријатие Лајка има сгрижено повеќе кучење отколку што имаат сместувачки капацитети.,Во моментов јавното претпријатие Лајка има згрижено повеќе кучиње отколку што имаат сместувачки капацитети.,yes
clips/db5mzr_xbog_000000.wav,Db5Mzr-xboG.mp4,0.0,2.76,2.76,Страшна авионска несрека потреси Јогославија.,Страшна авионска несреќа ја потресе Југославија.,yes
clips/db5mzr_xbog_000001.wav,Db5Mzr-xboG.mp4,3.14,8.66,5.52,"На авионот кој патуваш од Скопје, Контитовград и Сараево загине таткото на Володиловски.","На авионот кој патуваше од Скопје, Кон Титов Град и Сараево загина таткото на Владо Деловски.",yes
clips/db5mzr_xbog_000002.wav,Db5Mzr-xboG.mp4,9.08,11.4,2.32,На јавността познат и како диджеј дела.,На јавността познат и како DJ Dela.,yes
clips/db5mzr_xbog_000003.wav,Db5Mzr-xboG.mp4,30.0,34.9,4.9,"некој авион што трнал од Скопје, удрил во некоја карпа","некој авион што трнал од Скопје, удрил во некоја карпа",no
clips/db5mzr_xbog_000004.wav,Db5Mzr-xboG.mp4,34.9,38.98,4.08,и они воопште не ни биле сигурни дали е тој и тој авион.,и они воопштo не ни биле сигурни дали е тој и тој авион.,yes
clips/db5mzr_xbog_000005.wav,Db5Mzr-xboG.mp4,39.4,42.68,3.28,"Меѓутоа, после тоа веќе се дознало дека е баш тој и тој,","Меѓутоа, после тоа веќе се дознало дека е баш тој и тој,",no
clips/db5mzr_xbog_000006.wav,Db5Mzr-xboG.mp4,42.68,45.52,2.84,дека му татко загинал во таа авионска нестрека.,дека му татко загинал во таа авионска нестрека.,no
clips/db5mzr_xbog_000007.wav,Db5Mzr-xboG.mp4,46.42,55.78,9.36,"Собина е тоа. Не сакам на никого да се случи таква работа,","Собина е тоа. Не сакам на никого да се случи таква работа,",no
clips/db5mzr_xbog_000008.wav,Db5Mzr-xboG.mp4,55.78,57.78,2.0,да го почувства тоа на своја кожа.,да го почувства тоа на своја кожа.,no
clips/db5mzr_xbog_000009.wav,Db5Mzr-xboG.mp4,57.78,64.4,6.62,"Бидејќи мајка ми тогаш имала само 26 години, сестра ми била 4 години, а јас само 2 месеца.","Бидејќи мајка ми тогаш имала само 26 години, сестра ми била 4 години, а јас само 2 месеца.",no
clips/db5mzr_xbog_000010.wav,Db5Mzr-xboG.mp4,87.81,90.93,3.12,стрмна и предизвикувачка за секој неискусен планинар.,стрмна и предизвикувачка за секој неискусен планинар.,no
clips/db5mzr_xbog_000011.wav,Db5Mzr-xboG.mp4,91.43,94.35,2.92,Диловски како дел од плодотоката ги има искаче на речи,Дeловски како дел од плодотоката ги има искаченo речиси,yes
clips/db5mzr_xbog_000012.wav,Db5Mzr-xboG.mp4,94.35,97.69,3.34,"сите ридови во Македонија, а сега конечно стана подготвен","сите ридови во Македонија, а сега конечно стана подготвен",no
clips/db5mzr_xbog_000013.wav,Db5Mzr-xboG.mp4,97.69,100.57,2.88,и за предизвикот кој го чекал целиот свој живот.,и за предизвикот кој го чекал целиот свој живот.,no
clips/db5mzr_xbog_000014.wav,Db5Mzr-xboG.mp4,100.79,104.39,3.6,Прво почнав да истражувам на телевизија каква е таа планина,Прво почнав да истражувам на телевизија каква е таа планина,no
clips/db5mzr_xbog_000015.wav,Db5Mzr-xboG.mp4,104.39,107.75,3.36,"во Црна Гора, Маганик, дека тоа е централниот дел на Црна Гора,","во Црна Гора, Маганик, дека тоа е централниот дел на Црна Гора,",no
clips/db5mzr_xbog_000016.wav,Db5Mzr-xboG.mp4,107.83,110.55,2.72,"дека е сурова планина и дека не би можел туку така,","дека е сурова планина и дека не би можел туку така,",no
clips/db5mzr_xbog_000017.wav,Db5Mzr-xboG.mp4,110.57,111.81,1.24,"јас дотедам таму, така да...","јас да отидам таму, така да...",yes
clips/db5mzr_xbog_000018.wav,Db5Mzr-xboG.mp4,112.91,123.33,10.42,"цело време размислав да можам со некоја планинарско друштво, со некоја и тука да може да ме вклучи прво во Македонија, па после да можам да се, да истренирам.","цело време размислував да можам со некое планинарско друштво, со некоја и тука да може да ме вклучи прво во Македонија, па после да можам да се, да истренирам.",yes
clips/db5mzr_xbog_000019.wav,Db5Mzr-xboG.mp4,123.43,128.05,4.62,"Патувањето на Маганек се случи оваа година, а истијат воопшто не бил висен.","Патувањето на Маганек се случи оваа година, а истиот воопшто не бил висен.",yes
clips/db5mzr_xbog_000020.wav,Db5Mzr-xboG.mp4,128.23,134.09,5.86,"Овој пат бил голем предизвик не само за дела, туку и за ситуање кој бил заедно со него на искачувањето.","Овој пат бил голем предизвик не само за дела, туку и за сите оние кои биле заедно со него на искачувањето.",yes
clips/db5mzr_xbog_000021.wav,Db5Mzr-xboG.mp4,134.09,143.09,9.0,"Кога го гледав видеото, што беше ставено на јутјуб, видов дека стварно е тоа карпа брутална и тешка.","Кога го гледав видеото, што беше ставено на јутјуб, видов дека стварно е тоа карпа брутална и тешка.",no
clips/db5mzr_xbog_000022.wav,Db5Mzr-xboG.mp4,144.51,148.11,3.6,"Нашите планини се битоми, меки, ова е све карпа.","Нашите планини се питоми, меки, ова е све карпа.",yes
clips/db5mzr_xbog_000023.wav,Db5Mzr-xboG.mp4,149.17,158.81,9.64,"И со самото одење на тие карпи, буквално од каде што тргнафме до врвот, све беше карпа и све беше меѓутоа чудни карпи.","И со самото одење на тие карпи, буквално од каде што тргнавме до врвот, све беше карпа и све беше меѓутоа чудни карпи.",yes
clips/db5mzr_xbog_000024.wav,Db5Mzr-xboG.mp4,158.81,173.39,14.58,"Еве ќе кажам, Маганик планината е, и се три врва, Трештени врв, Бабин зуб каде што удрил авионот и Мечкин врв, или они го викаат срногодеците Меджеджи врв.","Еве ќе кажам, Маганик планината е, и се три врва, Трештени врв, Бабин зуб каде што удрил авионот и Мечкин врв, или они го викаат црногорците Меджеджи врв.",yes
clips/db5mzr_xbog_000025.wav,Db5Mzr-xboG.mp4,173.39,179.35,5.96,"Кога се оди, буквално тие три врва се како еден амфитеатар и доле има плоча.","Кога се оди, буквално тие три врва се како еден амфитеатар и доле има плоча.",no
clips/db5mzr_xbog_000026.wav,Db5Mzr-xboG.mp4,179.41,185.47,6.06,"Самата таа плоча, карпеста, е направена кога ке видите земја кога нема вода, испукана.","Самата таа плоча, карпеста, е направена кога ќе видите земја кога нема вода, испукана.",yes
clips/db5mzr_xbog_000027.wav,Db5Mzr-xboG.mp4,185.61,188.61,3.0,"Ова е карпа, камен испукан.","Ова е карпа, камен испукан.",no
clips/db5mzr_xbog_000028.wav,Db5Mzr-xboG.mp4,188.65,196.63,7.98,"Меѓутоа, ние кога одевме, моравме да ги пририпуваме тие дубки што се создале од атмосферската вода,","Меѓутоа, ние кога одевме, моравме да ги пририпуваме тие дупки што се создале од атмосферската вода,",yes
clips/db5mzr_xbog_000029.wav,Db5Mzr-xboG.mp4,196.63,201.27,4.64,"од снегот, од топло ладно, и буквално кога ќе погледнем","од снегот, од топло ладно, и буквално кога ќе погледнам",yes
clips/db5mzr_xbog_000030.wav,Db5Mzr-xboG.mp4,201.27,205.15,3.88,"доле во дугат имаше такви шилци, што стварно беше и опасно.","доле во дупката имаше такви шилци, што стварно беше и опасно.",yes
clips/db5mzr_xbog_000031.wav,Db5Mzr-xboG.mp4,205.55,212.34,6.79,"На тој трештени врв, кога го искачувавме, треба буквално","На тој трештени врв, кога го искачувавме, треба буквално",no
clips/db5mzr_xbog_000032.wav,Db5Mzr-xboG.mp4,212.34,216.42,4.08,"големо пазање, бидејќи нема почва, нема земја, буквално","големо пазање, бидејќи нема почва, нема земја, буквално",no
clips/db5mzr_xbog_000033.wav,Db5Mzr-xboG.mp4,216.42,222.18,5.76,"се накарпа, се качуваш за да дојдеш до врвот, за да го искачиш тој врв.","се на карпа, се качуваш за да дојдеш до врвот, за да го искачиш тој врв.",yes
clips/db5mzr_xbog_000034.wav,Db5Mzr-xboG.mp4,222.38,226.04,3.66,"Ова патување дела го чекал целиот свој живот, а истото","Ова патување Дела го чекал целиот свој живот, а истото",yes
clips/db5mzr_xbog_000035.wav,Db5Mzr-xboG.mp4,226.04,228.92,2.88,"за него беше возбудливо, лично и емотивно.","за него беше возбудливо, лично и емотивно.",no
clips/db5mzr_xbog_000036.wav,Db5Mzr-xboG.mp4,229.02,232.62,3.6,И на некој начин средба со неговиот прирањ на самината таткоја.,И на некој начин средба со неговиот прерано заминат татко.,yes
clips/db5mzr_xbog_000037.wav,Db5Mzr-xboG.mp4,232.96,241.44,8.48,"Значи, пред да тргнам година-дена наогјав кој може да ме однесе таму.","Значи, пред да тргнам година-дена наоѓав кој може да ме однесе таму.",yes
clips/db5mzr_xbog_000038.wav,Db5Mzr-xboG.mp4,241.48,244.88,3.4,"Или некој планинарско друштво од Црнагора, или некој водич.","Или некое планинарско друштво од Црна Гора, или некој водич.",yes
clips/db5mzr_xbog_000039.wav,Db5Mzr-xboG.mp4,246.44,250.04,3.6,"Најдов, имав таква срека да најдам прекрасен човек,","Најдов, имав таква среќа да најдам прекрасен човек,",yes
clips/db5mzr_xbog_000040.wav,Db5Mzr-xboG.mp4,251.4,253.18,1.78,Прекрасен планинарски клуб,Прекрасен планинарски клуб,no
clips/db5mzr_xbog_000041.wav,Db5Mzr-xboG.mp4,253.88,255.22,1.34,Планинарски клуб Морача,Планинарски клуб Морача,no
clips/db5mzr_xbog_000043.wav,Db5Mzr-xboG.mp4,255.9,258.5,2.6,Човекот беше буквално,Човекот беше буквално,no
clips/db5mzr_xbog_000044.wav,Db5Mzr-xboG.mp4,258.5,260.9,2.4,"Заинтригиран, зашто јас баш буквално","Заинтригиран, зашто јас баш буквално",no
clips/db5mzr_xbog_000045.wav,Db5Mzr-xboG.mp4,260.9,262.1,1.2,Сакам да дам намагани,Сакам да одам на Магани,yes
clips/db5mzr_xbog_000046.wav,Db5Mzr-xboG.mp4,262.1,264.04,1.94,Кога ја му ја кажа в ситуацијата,Кога ја му ја кажав ситуацијата,yes
clips/db5mzr_xbog_000047.wav,Db5Mzr-xboG.mp4,264.04,266.4,2.36,"Стварно, човекот беше тотално изненаден","Стварно, човекот беше тотално изненаден",no
clips/db5mzr_xbog_000048.wav,Db5Mzr-xboG.mp4,266.4,268.7,2.3,"И вика, пријатно сум, пријатно","И вика, пријатно сум, пријатно",no
clips/db5mzr_xbog_000049.wav,Db5Mzr-xboG.mp4,268.7,270.82,2.12,"Дојди, да можам ке те однесам","Дојди, да можам ке те однесам",no
clips/db5mzr_xbog_000050.wav,Db5Mzr-xboG.mp4,270.82,273.02,2.2,"На тој врф, да го видиш и деловите","На тој врв, да го видиш и деловите",yes
clips/db5mzr_xbog_000051.wav,Db5Mzr-xboG.mp4,273.02,274.62,1.6,На авионот и площата къде што,На авионот и плочата каде што,yes
clips/db5mzr_xbog_000052.wav,Db5Mzr-xboG.mp4,274.62,276.92,2.3,Јад авионската транспорт,Јат авионската транспорт,yes
clips/db5mzr_xbog_000053.wav,Db5Mzr-xboG.mp4,276.92,278.9,1.98,На југославенската авиотранспорт,На југославенската авиотранспортна,yes
clips/db5mzr_xbog_000054.wav,Db5Mzr-xboG.mp4,278.9,283.88,4.98,"авиатранспорт, има поставено плочовците загинати, патници на тој авион.","авиатранспортна, има поставено плоча од сите загинати, патници на тој авион.",yes
clips/db5mzr_xbog_000055.wav,Db5Mzr-xboG.mp4,284.22,291.08,6.86,"Значи, буквално како цел живот да го очекувам в тој момент, да посакам да отидам","Значи, буквално како цел живот да го очекувам во тој момент, да посакам да отидам",yes
clips/db5mzr_xbog_000056.wav,Db5Mzr-xboG.mp4,291.08,295.32,4.24,"на местото каде што мојот татко загинал, да можам да го пипнам тој авион,","на местото каде што мојот татко загинал, да можам да го пипнам тој авион,",no
clips/db5mzr_xbog_000057.wav,Db5Mzr-xboG.mp4,295.42,302.94,7.52,"а бидејќи веќе видов дека постојат делови од авионот и кога чувствата се,","а бидејќи веќе видов дека постојат делови од авионот и кога чувствата се,",no
clips/db5mzr_xbog_000058.wav,Db5Mzr-xboG.mp4,302.94,309.76,6.82,"Се, како да ви кажам, не можам да ги опишам со обични зборови,","Се, како да ви кажам, не можам да ги опишам со обични зборови,",no
clips/db5mzr_xbog_000059.wav,Db5Mzr-xboG.mp4,309.76,314.82,5.06,тоа и не би сакал лујето да можат да го чувствува тоа што јас го чувствував,тоа и не би сакал луѓето да можат да го чувствува тоа што јас го чувствував,yes
clips/db5mzr_xbog_000060.wav,Db5Mzr-xboG.mp4,314.82,319.2,4.38,кога отидов на таа карпа и го допрефав делови од авиано.,"кога отидов на таа карпа и го допрев авионот, делови од авионот.",yes
clips/db5gs7qr60k_000000.wav,Db5gs7QR60k.mp4,0.0,2.66,2.66,Дали премиерот во рамке на екскурзијата во Белгија,Дали премиерот во рамки на екскурзијата во Белгија,yes
clips/db5gs7qr60k_000001.wav,Db5gs7QR60k.mp4,2.66,7.22,4.56,ќе има и политички средби и разговори поврзани со блокираните евроинтеграција?,ќе има и политички средби и разговори поврзани со блокираните евроинтеграции?,yes
clips/db5gs7qr60k_000002.wav,Db5gs7QR60k.mp4,7.36,10.58,3.22,"Јас, од оно што знам, се работи за приватна посета.","Јас, од она што знам, се работи за приватна посета.",yes
clips/db5gs7qr60k_000003.wav,Db5gs7QR60k.mp4,10.92,14.5,3.58,"Сите имаме право на одмор, сега кој премиерот има право на одмор.","Сите имаме право на одмор, секако премиерот има право на одмор.",yes
clips/db5gs7qr60k_000004.wav,Db5gs7QR60k.mp4,14.62,18.18,3.56,Опозицијата вели нивообичаја на дестинација Брисел за летан одмор.,Опозицијата вели невообичаена дестинација Брисел за летан одмор.,yes
clips/db5gs7qr60k_000005.wav,Db5gs7QR60k.mp4,18.2,20.14,1.94,Секој го бира својето место.,Секој го бира своето место.,yes
clips/db5gs7qr60k_000006.wav,Db5gs7QR60k.mp4,20.28,23.6,3.32,Мислам дека ќе ви јам директене безобразно ова што прави опозицијата,Мислам дека ќе бидам директен е безобразно ова што прави опозицијата,yes
clips/db5gs7qr60k_000007.wav,Db5gs7QR60k.mp4,23.6,30.7,7.1,да не му се дозволи на човек 5-6 дена да одмори во услови кога лидерот на опозицијата,да не му се дозволи на човек 5-6 дена да одмори во услови кога лидерот на опозицијата,no
clips/db5gs7qr60k_000008.wav,Db5gs7QR60k.mp4,30.7,34.62,3.92,"месец дена не сме го видели, веројатно е во Грција, и окей, негов избор,","месец дена не сме го виделе, веројатно е во Грција, и океј, негов избор,",yes
clips/db5gs7qr60k_000009.wav,Db5gs7QR60k.mp4,35.16,39.68,4.52,"и тоа никој не го коментира, да од друга сана во овие 5 дена во кои што премиерот","и тоа никој не го коментира, да од друга страна во овие 5 дена во кои што премиерот",yes
clips/db5gs7qr60k_000010.wav,Db5gs7QR60k.mp4,39.68,45.7,6.02,"решил да се види со семејството, да пропатува заедно, да вака се прави напад,","решил да се види со семејството, да пропатува заедно, да вака се прави напад,",no
clips/db5gs7qr60k_000011.wav,Db5gs7QR60k.mp4,45.7,48.06,2.36,"мислам дека е безобразно, нема друг сбор.","мислам дека е безобразно, нема друг збор.",yes
clips/db6oz1oxyys_000000.wav,Db6Oz1oxYys.mp4,0.0,2.52,2.52,"Кога завршувам настап, луѓето не знаат дека...","Кога завршувам настап, луѓето не знаат дека...",no
clips/db6oz1oxyys_000001.wav,Db6Oz1oxYys.mp4,2.52,8.62,6.1,"Дека не можам да заспијам до касно од адреналин, од еуфорија, од енергија, убава и оцето.","Дека не можам да заспијам до касно од адреналин, од еуфорија, од енергија, убава и од се тоа.",yes
clips/db6oz1oxyys_000002.wav,Db6Oz1oxYys.mp4,8.76,11.58,2.82,Најголемата заблуда што луѓето имаат за мене е...,Најголемата заблуда што луѓето имаат за мене е...,no
clips/db6oz1oxyys_000003.wav,Db6Oz1oxYys.mp4,11.58,15.72,4.14,"Дека сум дигнат, арогантен, препотентен и така на том.","Дека сум дигнат, арогантен, препотентен и така на таму.",yes
clips/db6oz1oxyys_000004.wav,Db6Oz1oxYys.mp4,15.82,17.78,1.96,Никогаш нема да заборавам кога...,Никогаш нема да заборавам кога...,no
clips/db6oz1oxyys_000005.wav,Db6Oz1oxYys.mp4,17.78,19.78,2.0,Дознав дека почина војкоми.,Дознав дека почина вујко ми.,yes
clips/db6oz1oxyys_000006.wav,Db6Oz1oxYys.mp4,19.86,21.72,1.86,"Да не бев пејач, денес ке бев...","Да не бев пејач, денес ќе бев...",yes
clips/db6oz1oxyys_000008.wav,Db6Oz1oxYys.mp4,23.82,27.28,3.46,Најголемата лекција што ми остави војкоми Зоран Джорлев е...,Најголемата лекција што ми остави вујко ми Зоран Џорлев е...,yes
clips/db6oz1oxyys_000009.wav,Db6Oz1oxYys.mp4,27.28,35.82,8.54,"Да бидам цел живот скромен, што суми, да си гледам само за себе, да не гледам за другите што ќе кажат и како ќе кажат, си одирам патот само.","Да бидам цел живот скромен, што сум и, да си гледам само за себе, да не гледам за другите што ќе кажат и како ќе кажат, си го гледам патот само.",yes
clips/db6oz1oxyys_000010.wav,Db6Oz1oxYys.mp4,36.06,37.54,1.48,"Се уште сонувам, да?","Се уште сонувам, да?",no
clips/db6oz1oxyys_000011.wav,Db6Oz1oxYys.mp4,37.72,40.22,2.5,Да направам голема балканска кариера.,Да направам голема балканска кариера.,no
clips/db6oz1oxyys_000012.wav,Db6Oz1oxYys.mp4,40.44,44.26,3.82,"Ако можам да си дадам совет на 18 годишниот Огнен, би му рекол што?","Ако можам да си дадам совет на 18 годишниот Огнен, би му рекол што?",no
clips/db6oz1oxyys_000013.wav,Db6Oz1oxYys.mp4,44.42,46.02,1.6,Да не летам толку со мозагот.,Да не летам толку со мозокот.,yes
clips/db6oz1oxyys_000014.wav,Db6Oz1oxYys.mp4,46.2,48.78,2.58,Песна што секојаш ќе ја пејам со посебни емоции е?,Песна што секогаш ќе ја пејам со посебни емоции е?,yes
clips/db6oz1oxyys_000015.wav,Db6Oz1oxYys.mp4,48.98,51.86,2.88,Прва да песна моја после Звездите на Грант.,Прва да песна моја после Sвездите на Гранд.,yes
clips/db6oz1oxyys_000016.wav,Db6Oz1oxYys.mp4,52.18,54.1,1.92,Најголемет комплимент што сум го добил е?,Најголемиот комплимент што сум го добил е?,yes
clips/db6oz1oxyys_000017.wav,Db6Oz1oxYys.mp4,55.44,71.54,16.1,"Име многу, но ако треба да изваам, не знам, е веќе добијам од Марија Шерифовиќ, ќе го изваам тој комплимент кој ми кажа дека сум за нејзин вкус еден од најдобрите машки вокали во надпреварувањето, кога се надпреварувавме во Звездите на Гранд.","Има многу, но ако треба да издвојам, не знам, е веќе добијам од Марија Шерифовиќ, ќе го издвојам тој комплимент кој ми кажа дека сум за нејзин вкус еден од најдобрите машки вокали во натпреварувањето, кога се натпреварувавме во Sвездите на Гранд.",yes
clips/db6oz1oxyys_000018.wav,Db6Oz1oxYys.mp4,71.66,73.22,1.56,"И ти викаш, хвала, многу пријатно.","И ти викаш, фала, многу пријатно.",yes
clips/db8cljxx_kh_000000.wav,Db8CLJxx_Kh.mp4,0.0,3.86,3.86,Какво време веќе тренирате и зашто сте го одбрале токму пливањето како спорта?,Колку време веќе тренирате и зашто сте го одбрале токму пливањето како спорт?,yes
clips/db8cljxx_kh_000001.wav,Db8CLJxx_Kh.mp4,5.1,16.92,11.82,"Ова ми е веќе осма година како тренирам и го одбрав пливањето зашто имав страв од вода и мојата ја ме запиша, да, имав страв од вода и мојата ја ме запиша.","Ова ми е веќе осма година како тренирам и го одбрав пливањето зашто имав страв од вода и моите ме запишаа, да, имав страв од вода и моите ме запишаа.",yes
clips/db8cljxx_kh_000002.wav,Db8CLJxx_Kh.mp4,17.14,21.28,4.14,"Преме тренирам во клубот Вардар, па се префоли во Орион со Јане.","Првин тренирав во клубот Вардар, па се префрлив во Орион со Јане.",yes
clips/db8cljxx_kh_000003.wav,Db8CLJxx_Kh.mp4,21.66,26.22,4.56,Како го надмина стравот? И беше ли тешко првите тренинзи?,Како го надмина стравот? И беше ли тешко првите тренинзи?,no
clips/db8cljxx_kh_000004.wav,Db8CLJxx_Kh.mp4,26.22,37.92,11.7,"Да, да. Првите тренизи уште тешко ми беше пивав со пловка, со мускули со се, но го пребродив после една година, година и половина и почнав и професионално да се бавам со спорта.","Да, да. Првите тренизи уште тешко ми беше пливав со пловка, со мускули со се, но го пребродив после една година, година и половина и почнав и професионално да се бавам со спортот.",yes
clips/db8cljxx_kh_000005.wav,Db8CLJxx_Kh.mp4,38.1,45.2,7.1,"А знаеш откаде ти е тој страф? Сима може би некоја незгода, како мал си се исплашил, како полно или неедностанно?","А знаеш од каде ти е тој страв? Можеби некоја незгода, како мал си се исплашил, како полно или неедностанно?",yes
clips/db8cljxx_kh_000006.wav,Db8CLJxx_Kh.mp4,45.2,47.02,1.82,"Не, не се сикам. Само страф од вода не сам пивав.","Не, не сеќавам. Само страв од вода.",yes
clips/db8fmher3od_000000.wav,Db8FMHeR3od.mp4,0.0,4.92,4.92,"Кога се вракам од долга турнеја, првото нешто што го правам дома е...","Кога се враќам од долга турнеја, првото нешто што го правам дома е...",yes
clips/db8fmher3od_000002.wav,Db8FMHeR3od.mp4,7.14,11.18,4.04,Првото нешто е што сакам да ги видам по широката фамилија.,Првото нешто е што сакам да ги видам пошироката фамилија.,yes
clips/db8fmher3od_000003.wav,Db8FMHeR3od.mp4,11.2,14.24,3.04,Не ли? Во семеството се подразбирано и целата фамилија.,Нели? Во семејството се подразбира но и целата фамилија.,yes
clips/db8fmher3od_000004.wav,Db8FMHeR3od.mp4,14.28,18.1,3.82,Така. Најдобриот совет што сум го добил од брат ми Златко е...,Така. Најдобриот совет што сум го добил од брат ми Златко е...,no
clips/db8fmher3od_000006.wav,Db8FMHeR3od.mp4,19.54,21.52,1.98,Тоа е советот? За било што?,Тоа е советот? За било што?,no
clips/db8fmher3od_000008.wav,Db8FMHeR3od.mp4,22.78,25.22,2.44,"Пога е во прашање на музиката, тука се разминувам.","Па кога е во прашање на музиката, тука се разминуваме.",yes
clips/db8fmher3od_000009.wav,Db8FMHeR3od.mp4,25.24,29.7,4.46,"Ја секој сакам да е по-брзо, а тоа е порлека, да е по-добро.","Ја секој сакам да е побрзо, а тоа е полека, да е подобро.",yes
clips/db8fmher3od_000011.wav,Db8FMHeR3od.mp4,31.56,33.7,2.14,Никогаш во животот не би простил?,Никогаш во животот не би простил?,no
clips/db8fmher3od_000012.wav,Db8FMHeR3od.mp4,33.96,39.44,5.48,"Не ја сум некој огорчен човек, се просто да е во границите на нормалното.","Не ја сум некој огорчен човек, се простувам да е во границите на нормалното.",yes
clips/db8fmher3od_000013.wav,Db8FMHeR3od.mp4,41.94,51.11,9.17,"Сигурно има некоја позадиња, некој друго објаснување зашто тоа некој или нешто се случило.","Сигурно има некоја позадина, некое друго објаснување зашто тоа некој или нешто се случило.",yes
clips/db8fmher3od_000014.wav,Db8FMHeR3od.mp4,52.13,54.17,2.04,И христијански е да се простим.,И христијански е да се прости.,yes
clips/db8fmher3od_000015.wav,Db8FMHeR3od.mp4,54.17,59.95,5.78,"И сигурно ти е полезно и на самиот, нели, кога ќе простиш товар од Спања.","И сигурно ти е полесно и на самиот, нели, кога ќе простиш товарот.",yes
clips/db8fmher3od_000016.wav,Db8FMHeR3od.mp4,59.95,68.89,8.94,"Да, кога држиме гневството, што е во нас овака, дека господин Голем нека гледа некојаш и ние се наоѓаме во некоја не така добра ситуација,","Да, кога држиме гнев, стои во нас овака, дека Господ е голем нека гледа некогаш и ние се наоѓаме во некоја не така добра ситуација,",yes
clips/db8fmher3od_000017.wav,Db8FMHeR3od.mp4,68.89,75.41,6.52,"се случува нешто што не понаша вина, во нешто сме биле неправилно инволвирани, па знае да се случува.","се случува нешто што не по наша вина, во нешто сме биле неправилно инволвирани, па знае да се случува.",yes
clips/db8fmher3od_000018.wav,Db8FMHeR3od.mp4,75.41,84.63,9.22,"И кога сфатјаш дека од другата страна на ситуацијата, дека можеби неправедност е осуден или па не можеш да се објасниш,","И кога сфаќаш дека од другата страна на ситуацијата, дека можеби неправедно си осуден или па не можеш да се објасниш,",yes
clips/db8fmher3od_000019.wav,Db8FMHeR3od.mp4,84.65,92.45,7.8,"повлекувајќи од тоа искусство, можеби кога сме ние во прво лице, е добро да сфатиме дека можеби не треба и се хоќа.","повлекувајќи од тоа искуство, можеби кога сме ние во прво лице, е добро да сфатиме дека можеби не треба и секогаш.",yes
clips/db8fmher3od_000020.wav,Db8FMHeR3od.mp4,92.45,95.45,3.0,"Да, кој ке се ставиш во хожата на другиот.","Да, кога ќе се ставиш во кожата на другиот.",yes
clips/db8hxrlxpw4_000000.wav,Db8HxRLxPW4.mp4,0.0,5.98,5.98,"Многу пати младите добиваат критики дека недоволно ја знаат, недоволно ја ценат македонската музика.","Многупати младите добиваат критики дека недоволно ја знаат, недоволно ја ценат македонската музика.",yes
clips/db8hxrlxpw4_000001.wav,Db8HxRLxPW4.mp4,6.06,11.46,5.4,"Од друга страна, па на твои концерти гледаме кај дашто младите одлично ја знаат твојата музика","Од друга страна, па на твои концерти гледаме кадешто младите одлично ја знаат твојата музика",yes
clips/db8hxrlxpw4_000002.wav,Db8HxRLxPW4.mp4,11.46,15.62,4.16,"и вообшто, и народни, и изворни песни, гледаме по концерти младите пејат.","и воопшто, и народни, и изворни песни, гледаме по концерти младите пеат.",yes
clips/db8hxrlxpw4_000003.wav,Db8HxRLxPW4.mp4,15.7,17.72,2.02,И сега како е туку бјостувањето?,И сега како е тука објаснувањето?,yes
clips/db8hxrlxpw4_000004.wav,Db8HxRLxPW4.mp4,18.72,24.9,6.18,"Не ли ги обвинуваат дека младите недоволно слушаат, недоволно знаат?","Нели ќе ги обвинат дека младите недоволно слушаат, недоволно знаат?",yes
clips/db8hxrlxpw4_000005.wav,Db8HxRLxPW4.mp4,25.54,30.94,5.4,"Одлично ти е конституцијата. Реалната ситуација е дека има голем дел што не ја познава,","Одлична ти е констатацијата. Реалната ситуација е дека има голем дел што не ја познава,",yes
clips/db8hxrlxpw4_000006.wav,Db8HxRLxPW4.mp4,30.98,35.8,4.82,меѓутоа има голем дел што ја познава. Не можеме да речеме дека сите не ја знаат,меѓутоа има голем дел што ја познава. Не можеме да речеме дека сите не ја знаат,no
clips/db8hxrlxpw4_000007.wav,Db8HxRLxPW4.mp4,35.8,41.66,5.86,"и не можеме да кажеме дека сите ја знаат. Но целта е да се приближи кај секој,","и не можеме да кажеме дека сите ја знаат. Но целта е да се приближи кај секој,",no
clips/db8hxrlxpw4_000008.wav,Db8HxRLxPW4.mp4,41.76,46.9,5.14,"бидејќи кај секој македонец или кај секој што живее во Македонија,","бидејќи кај секој македонец или кај секој што живее во Македонија,",no
clips/db8hxrlxpw4_000009.wav,Db8HxRLxPW4.mp4,46.9,61.66,14.76,"основната музика по природен пат е народната, или да не кажем фолк музика, ајде ние си јавикаме иако е авторска, е народна, јавикаме, таа е основата, и може да слушаме било кој жан,","основната музика по природен пат е народната, или да не кажем фолк музика, ајде ние си ја викаме иако е авторска, е народна, ја викаме, таа е основата, и може да слушаме било кој жанр,",yes
clips/db8hxrlxpw4_000010.wav,Db8HxRLxPW4.mp4,61.66,71.87,10.21,"меѓутоа се тоа нели увезено. Нашата природна, како да кажам, натурална, пардон, органска музика е народна.","меѓутоа се тоа нели увезено. Нашата природна, како да кажам, натурална, пардон, органска музика е народна.",no
clips/db8hxrlxpw4_000011.wav,Db8HxRLxPW4.mp4,71.97,76.31,4.34,И мислам дека треба секој еден да ја познава како ќе го познаваме јазикот.,И мислам дека треба секој еден да ја познава како што го познаваме јазикот.,yes
clips/db8dngufloa_000000.wav,Db8dngUFLoa.mp4,0.0,5.32,5.32,Шпекулациите за наводна појава на ешерихија ги натераат делот граѓаните да си купат флаширана вода.,Шпекулациите за наводна појава на ешерихија ги натераа дел од граѓаните да си купат флаширана вода.,yes
clips/db8dngufloa_000001.wav,Db8dngUFLoa.mp4,5.34,7.92,2.58,Во некој маркет и рафтовите почнаат да се празнат.,Во некој маркети рафтовите почнаа да се празнат.,yes
clips/db8dngufloa_000002.wav,Db8dngUFLoa.mp4,8.5,11.18,2.68,Купувачите вела дека набавуваат вода за секој случай.,Купувачите велат дека набавуваат вода за секој случај.,yes
clips/db8dngufloa_000003.wav,Db8dngUFLoa.mp4,11.34,14.62,3.28,"Едни купуваат по неголку шишиња, други пак носят цели пакети.","Едни купуваат по неколку шишиња, други пак носат цели пакети.",yes
clips/db8dngufloa_000004.wav,Db8dngUFLoa.mp4,27.64,29.7,2.06,"Кажете ми, има доволно вода на рафтовите?","Кажете ми, има доволно вода на рафтовите?",no
clips/db8dngufloa_000005.wav,Db8dngUFLoa.mp4,29.7,34.72,5.02,"Да има, да има. За овака, мислам, се шират информациите, за брзо ќе снима вода.","Нема да има. За овака, мислам, се шират информациите, за брзо ќе снима вода.",yes
clips/db8dngufloa_000007.wav,Db8dngUFLoa.mp4,35.76,38.04,2.28,"Да, еве сите што помина, купуваат.","Да, еве сите што поминаа, купија.",yes
clips/db8dngufloa_000008.wav,Db8dngUFLoa.mp4,38.08,41.46,3.38,"Ево неколку маркети веќе и снимува од рафтовите, на големо буквално се купуваат.","Еве неколку маркети веќе и снимува од рафтовите, на големо буквално се купуваат.",yes
clips/db8dngufloa_000009.wav,Db8dngUFLoa.mp4,41.84,47.72,5.88,"А тоа не, тоа не сме разговарале, ама сигурна сум го тоа дека така ќе се случи.","А тоа не, тоа не сме разговарале, ама сигурна сум во тоа дека така ќе се случи.",yes
clips/db8dngufloa_000010.wav,Db8dngUFLoa.mp4,47.84,53.3,5.46,"Штом ќе почне да се купува повеќе вода, најверојатно ќе треба по-често да набавуваат.","Штом ќе почне да се купува повеќе вода, најверојатно ќе треба почесто да набавуваат.",yes
clips/db8dngufloa_000011.wav,Db8dngUFLoa.mp4,53.42,55.84,2.42,"Па да, дефинитивно.","Па да, дефинитивно.",no
clips/db8dngufloa_000012.wav,Db8dngUFLoa.mp4,60.08,63.24,3.16,"Да земам 2-3 балона вода, па нека е исправна водата.","Да земам 2-3 балона вода, па нека е исправна водата.",no
clips/db8dngufloa_000013.wav,Db8dngUFLoa.mp4,63.52,66.26,2.74,Продажбата на вода во Шишинја е порасната за 1000%.,Продажбата на вода во шишиња е порасната за 1000%.,yes
clips/db8dngufloa_000014.wav,Db8dngUFLoa.mp4,67.04,70.82,3.78,Сепак не сите се убедени дека има причина за правење залихи од вода.,Сепак не сите се убедени дека има причина за правење залихи од вода.,no
clips/db8dngufloa_000015.wav,Db8dngUFLoa.mp4,70.9,73.34,2.44,"Има нешто ми јави, ама не верувам.","Има нешто ми јави, ама не верувам.",no
clips/db8dngufloa_000016.wav,Db8dngUFLoa.mp4,73.58,74.7,1.12,Не си купивте вода?,Не си купивте вода?,no
clips/db8dngufloa_000017.wav,Db8dngUFLoa.mp4,75.32,82.06,6.74,"Вода си купувам, некогаш на работа, ама нешто сега потреби да имам да складирам вода, не.","Вода си купувам, некогаш на работа, ама нешто сега потреби да имам да складирам вода, не.",no
clips/db8dngufloa_000019.wav,Db8dngUFLoa.mp4,83.74,85.16,1.42,Јете инаку вода од чешма?,Пиете инаку вода од чешма?,yes
clips/db8dngufloa_000020.wav,Db8dngUFLoa.mp4,85.52,87.44,1.92,Нормално. Најчиста вода е кај нас.,Нормално. Најчиста вода е кај нас.,no
clips/db8dngufloa_000021.wav,Db8dngUFLoa.mp4,87.44,92.84,5.4,Има и граѓани кои без актуалните шпекулацији имаат недоверба во квалитетот на водата од чешма.,Има и граѓани кои без актуалните шпекулации имаат недоверба во квалитетот на водата од чешма.,yes
clips/db8dngufloa_000022.wav,Db8dngUFLoa.mp4,95.68,99.1,3.42,Има ли вода по маркетиве некаде нема на Рафтови?,Има ли вода по маркетиве некаде нема на рафтовите?,yes
clips/db8dngufloa_000023.wav,Db8dngUFLoa.mp4,102.44,104.02,1.58,Зошто не пијате вода од чешма?,Зошто не пиете вода од чешма?,yes
clips/db8dngufloa_000024.wav,Db8dngUFLoa.mp4,109.44,113.64,4.2,Инаку во последните неколку години продажбата на флаширана вода е во пораст.,Инаку во последните неколку години продажбата на флаширана вода е во пораст.,no
clips/db8dngufloa_000025.wav,Db8dngUFLoa.mp4,113.72,115.98,2.26,Според податоците од пописот во 2021.,Според податоците од пописот во 2021.,no
clips/db8dngufloa_000026.wav,Db8dngUFLoa.mp4,115.98,120.34,4.36,21. Речи си 13.000 домакинства пијат вода само од шишиња.,Речиси 13.000 домакинства пијат вода само од шишиња.,yes
clips/db8dngufloa_000027.wav,Db8dngUFLoa.mp4,120.62,126.14,5.52,Цените во маркетите се движат од 26 до 45 денари за шише од литар и половина.,Цените во маркетите се движат од 26 до 45 денари за шише од литар и половина.,no
clips/dbf1wndxgav_000000.wav,DbF1wNDxGAv.mp4,0.0,3.84,3.84,"Колку можеме да ги предвидиме тие временски непогоди,","Колку можеме да ги предвидиме тие временски непогоди,",no
clips/dbf1wndxgav_000001.wav,DbF1wNDxGAv.mp4,3.84,6.48,2.64,односно колку дена однапред можеме да знаеме дека едно,односно колку дена однапред можеме да знаеме дека едно,no
clips/dbf1wndxgav_000002.wav,DbF1wNDxGAv.mp4,6.48,9.1,2.62,вакво не време ќе западе еден конкретен регион?,вакво невреме ќе зафаќа еден конкретен регион?,yes
clips/dbf1wndxgav_000003.wav,DbF1wNDxGAv.mp4,9.14,12.48,3.34,Може ли толку детално и прецизно во денешно време да се предвидиме?,Може ли толку детално и прецизно во денешно време да се предвиди?,yes
clips/dbf1wndxgav_000004.wav,DbF1wNDxGAv.mp4,12.62,15.2,2.58,"Значи, неколку денови порано, не.","Значи, неколку денови порано, не.",no
clips/dbf1wndxgav_000005.wav,DbF1wNDxGAv.mp4,15.34,19.9,4.56,"Како промена на време, како локална нестабилност,","Како промена на време, како локална нестабилност,",no
clips/dbf1wndxgav_000006.wav,DbF1wNDxGAv.mp4,19.94,24.6,4.66,"секако дека ги предвидуваме, но дека ќе бидат со вака","секако дека ги предвидуваме, но дека ќе бидат со вака",no
clips/dbf1wndxgav_000007.wav,DbF1wNDxGAv.mp4,26.56,28.96,2.4,"интензивни и со јак интензитет,","интензивни и со јак интензитет,",no
clips/dbf1wndxgav_000008.wav,DbF1wNDxGAv.mp4,28.96,37.14,8.18,"однапред не може да се предвидат неколку денови, може би два часа пред невремето,","однапред не може да се предвидат неколку денови, можеби два часа пред невремето,",yes
clips/dbf1wndxgav_000009.wav,DbF1wNDxGAv.mp4,37.24,44.99,7.75,"значи со каква брзина се движи невремето, овие се кумуланимбусни облаци,","значи со каква брзина се движи невремето, овие се кумуланимбусни облаци,",no
clips/dbf1wndxgav_000010.wav,DbF1wNDxGAv.mp4,45.05,49.23,4.18,"нестабилности кои имаат вертикален развој се формираат многу брзо,","нестабилности кои имаат вертикален развој се формираат многу брзо,",no
clips/dbf1wndxgav_000011.wav,DbF1wNDxGAv.mp4,49.43,55.51,6.08,но од друга страна добро е тоа што и многу брзо се испразнуваат кумуланимбусните облаци,но од друга страна добро е тоа што и многу брзо се испразнуваат кумуланимбусните облаци,no
clips/dbf1wndxgav_000012.wav,DbF1wNDxGAv.mp4,55.51,60.03,4.52,"со незивен пороен дошт, грмежи и силен ветер.","со незивен пороен дожд, грмежи и силен ветер.",yes
clips/dbf1wndxgav_000013.wav,DbF1wNDxGAv.mp4,60.03,66.31,6.28,"Тука имаме ние радарски центри, што секојдневно ги следиме","Тука имаме ние радарски центри, што секојдневно ги следиме",no
clips/dbf1wndxgav_000014.wav,DbF1wNDxGAv.mp4,66.31,70.91,4.6,"и пред време најавуваме, значит, два часа најмногу се најавува","и предвреме најавуваме, значи, два часа најмногу се најавува",yes
clips/dbf1wndxgav_000015.wav,DbF1wNDxGAv.mp4,70.91,75.01,4.1,таа нестабилност во која градско подраќе би заватила.,таа нестабилност во која градско подрачје би зафатила.,yes
clips/dbirvuusrbw_000000.wav,DbIrVuUSRbW.mp4,0.0,4.62,4.62,"Ефче, некако застанавме кај тебе да ти дадаме малку простор да ни расскажеш за инфлуенсирството,","Ефче, некако застанавме кај тебе да ти дадаме малку простор да ни раскажеш за инфлуенсерството,",yes
clips/dbirvuusrbw_000001.wav,DbIrVuUSRbW.mp4,4.66,8.16,3.5,"колку во Македонија се сваке ова како сериозна професија, бирекла,","колку во Македонија се сфаќа ова како сериозна професија, би рекла,",yes
clips/dbirvuusrbw_000002.wav,DbIrVuUSRbW.mp4,8.26,14.28,6.02,"бидејќи и сериозно се заработува од истото и колку е важно да ја освоиш публиката,","бидејќи и сериозно се заработува од истото и колку е важно да ја освоиш публиката,",no
clips/dbirvuusrbw_000003.wav,DbIrVuUSRbW.mp4,14.38,16.82,2.44,да има доверба во тебе и во сите она кои што ти го презентираш.,да има доверба во тебе и во сето она кое што ти го презентираш.,yes
clips/dbirvuusrbw_000004.wav,DbIrVuUSRbW.mp4,17.38,21.72,4.34,Мене ми е многу мило што инфлуенсирството има голем подем периодов,Мене ми е многу мило што инфлуенсерството има голем подем периодов,yes
clips/dbirvuusrbw_000005.wav,DbIrVuUSRbW.mp4,21.72,25.7,3.98,"и гледам дека се повеќе и повеќе нови лица се појавуваат, што особено ми е мило","и гледам дека се повеќе и повеќе нови лица се појавуваат, што особено ми е мило",no
clips/dbirvuusrbw_000006.wav,DbIrVuUSRbW.mp4,25.7,30.44,4.74,и никако се поприфатливо е за луѓето да се биде инфлуенсер.,и некако се поприфатливо е за луќето да се биде инфлуенсер.,yes
clips/dbirvuusrbw_000007.wav,DbIrVuUSRbW.mp4,30.5,33.92,3.42,Мислам дека се уште има дел луѓето кои што не го свакат тоа,Мислам дека се уште има дел од луќето кои што не го сфаќаат тоа,yes
clips/dbirvuusrbw_000008.wav,DbIrVuUSRbW.mp4,33.92,37.72,3.8,"што всушност знаат, што само се снима, што не работа.",што всушност значи само да се снимаш. Тоа не е работа.,yes
clips/dbirvuusrbw_000009.wav,DbIrVuUSRbW.mp4,37.76,39.06,1.3,Се зборуваш сама со себе.,Си зборуваш сама со себе.,yes
clips/dbirvuusrbw_000010.wav,DbIrVuUSRbW.mp4,39.34,43.06,3.72,"Мислам, тоа е што сама ворит, затоа што најмногу можат","Мислам, тоа е сосема во ред, затоа што најмногу можат",yes
clips/dbirvuusrbw_000011.wav,DbIrVuUSRbW.mp4,43.06,46.34,3.28,да разберат ова професија луѓето кои што го работат тоа,да ја разберат оваа професија луќето кои што го работат тоа,yes
clips/dbirvuusrbw_000012.wav,DbIrVuUSRbW.mp4,46.34,48.84,2.5,или луѓето кои што се во близине и можат да го видат.,или луѓето кои што се во близина и можат тоа да го видат.,yes
clips/dbirvuusrbw_000014.wav,DbIrVuUSRbW.mp4,49.38,51.42,2.04,Затоа што јас верувам дека некоја друга професија,Затоа што јас верувам дека некоја друга професија,no
clips/dbirvuusrbw_000015.wav,DbIrVuUSRbW.mp4,51.42,53.54,2.12,"не би ја сватила дотолку, која ми е многу далечна,","не би ја сфатила доколку ми е многу далечна,",yes
clips/dbirvuusrbw_000016.wav,DbIrVuUSRbW.mp4,53.6,56.3,2.7,но мило ми е што се попривно им станува аналогијата,но мило ми е што се поприродно им станува на луѓето,yes
clips/dbirvuusrbw_000017.wav,DbIrVuUSRbW.mp4,56.3,58.82,2.52,да гледат инфлуенсери и да поддржуваат инфлуенсери.,да гледат инфлуенсери и да поддржуваат инфлуенсери.,no
clips/dbirvuusrbw_000018.wav,DbIrVuUSRbW.mp4,59.28,61.64,2.36,"Дефинитивно е многу важна конекцијата со публиката,","Дефинитивно е многу важна конекцијата со публиката,",no
clips/dbirvuusrbw_000019.wav,DbIrVuUSRbW.mp4,62.26,66.2,3.94,"особено, мислам, тоа е клучно за да бидеш успешен во таа работа,","особено, мислам, тоа е клучно за да бидеш успешен во таа работа,",no
clips/dbirvuusrbw_000020.wav,DbIrVuUSRbW.mp4,66.2,70.7,4.5,"да се запознат со тебе твојот карактер, да се поистоветат со тебе,","да се запознат со тебе твојот карактер, да се поистоветат со тебе,",no
clips/dbirvuusrbw_000021.wav,DbIrVuUSRbW.mp4,70.96,74.2,3.24,дори да бидеш на некој начин пример за тоа како треба некој работи,дури да бидеш на некој начин пример за тоа како треба некои работи,yes
clips/dbirvuusrbw_000022.wav,DbIrVuUSRbW.mp4,74.2,77.88,3.68,да ги прават и мене ми е мило што голем делот моите следбеници,да ги прават и мене ми е мило што голем дел од моите следбеници,yes
clips/dbirvuusrbw_000023.wav,DbIrVuUSRbW.mp4,77.88,80.58,2.7,"си знаат да ми пишат, леле, многу ти бава сукнјата сега,","знаат да ми пишат, леле, многу ти е убава суќната сега,",yes
clips/dbirvuusrbw_000024.wav,DbIrVuUSRbW.mp4,80.58,83.22,2.64,"например, ке одам јас да ја купам, а има попусти","на пример, ќе одам и јас да ја купам, а има попусти",yes
clips/dbirvuusrbw_000025.wav,DbIrVuUSRbW.mp4,83.22,85.14,1.92,"и се трудам и да ја вракам на тие пораки,","и се трудам и да враќам на тие пораки,",yes
clips/dbirvuusrbw_000026.wav,DbIrVuUSRbW.mp4,85.14,87.72,2.58,затоа што така се оддржува таа конекција,затоа што така се оддржува таа конекција,no
clips/dbirvuusrbw_000027.wav,DbIrVuUSRbW.mp4,87.72,90.62,2.9,"и си како кога доаѓа и тој промотивен делот,",и секако кога доаѓа и тој промотивен дел од,yes
clips/dbirvuusrbw_000028.wav,DbIrVuUSRbW.mp4,90.64,94.12,3.48,работата е многу по-природен кога веќе ти верува публиката.,работата е многу по-природен кога веќе ти верува публиката.,no
clips/dblyds3xtkr_000000.wav,DbLYDS3xTKR.mp4,0.0,9.26,9.26,Антонио Пандовски и Нела Стојанова уште еднаш покажаа дека хуманоста и любовта можат да ги поместат границите на издржливоста.,Антонио Пандовски и Нела Стојанова уште еднаш покажаа дека хуманоста и љубовта можат да ги поместат границите на издржливоста.,yes
clips/dblyds3xtkr_000001.wav,DbLYDS3xTKR.mp4,9.38,16.92,7.54,"Трчаа 85 км маратон во чест на 11 годишно момче Роман, кој е боледова од редки болести.","Трчаа 85 км маратон во чест на 11 годишно момче Роман, кој е боледова од ретки болести.",yes
clips/dblyds3xtkr_000002.wav,DbLYDS3xTKR.mp4,17.1,22.82,5.72,"Антонио и Нела трчаа на делницата Струга, Охрид, Досветинаум и потоа Наза.","Антонио и Нела трчаа на делницата Струга, Охрид, до Свети Наум и потоа назад.",yes
clips/dblyds3xtkr_000003.wav,DbLYDS3xTKR.mp4,22.94,27.66,4.72,За ниф двајцова не беше обичен спортски предизвик какви имале многу во годината.,За нив двајца ова не беше обичен спортски предизвик какви имале многу во годината.,yes
clips/dblyds3xtkr_000004.wav,DbLYDS3xTKR.mp4,27.66,35.34,7.68,"Ова беше глас за едно храбро момче кој се бори со редка болест, но и за сите деца кои ја делат неговата судбина.","Ова беше глас за едно храбро момче кое се бори со ретка болест, но и за сите деца кои ја делат неговата судбина.",yes
clips/dblyds3xtkr_000005.wav,DbLYDS3xTKR.mp4,35.88,46.12,10.24,"При стигнувањето во Струга и преградката од Роман, засекогаш ќе бидат врежени во срцето на Антонио, кој вели затоа што тогаш сватив дека се ова вредеше.","Пристигнувањето во Струга и прегратката од Роман, засекогаш ќе бидат врежени во срцето на Антонио, кој вели затоа што тогаш сфатив дека се ова вредеше.",yes
clips/dblyds3xtkr_000006.wav,DbLYDS3xTKR.mp4,46.12,53.42,7.3,"Чувството не се опишува, поготоа завршните, да кажем, 5 метри кој че уздогляш роман,","Чувството не се опишува, поготово завршните, да кажем, 5 метри кој ќе здогледаш роман,",yes
clips/dblyds3xtkr_000007.wav,DbLYDS3xTKR.mp4,53.54,60.12,6.58,"да те чека радосно, да те гушни, да ти се заблагодари за тоа што си трчал во негови чести,","да те чека радосно, да те гушни, да ти се заблагодари за тоа што си трчал во негови чести,",no
clips/dblyds3xtkr_000008.wav,DbLYDS3xTKR.mp4,60.12,67.98,7.86,"баш ке за другите деца со редки болести, не знам, по секој што имам чувство така,","Башка за другите деца со ретки болести, не знам, по секој што имам чувство така,",yes
clips/dblyds3xtkr_000009.wav,DbLYDS3xTKR.mp4,68.0,75.08,7.08,"да ги гушнам тие дечина за кои трчам и да видам нивен глас, нивна светлина.","да ги гушнам тие дечиња за кои трчам и да видам нивен глас, нивна светлина.",yes
clips/dblyds3xtkr_000010.wav,DbLYDS3xTKR.mp4,75.08,79.98,4.9,"Но по-добро утре од секој. Кога и да треба, јас сум тука за ниво секој време.","Но подобро утре од секој. Кога и да треба, јас сум тука за нив во секој време.",yes
clips/dblyds3xtkr_000011.wav,DbLYDS3xTKR.mp4,80.82,87.2,6.38,"На смефката на Роман и тие радостни солзи на пречекоти, нема да ги зборам никогаш. И вредеш.","На сметката на Роман и тие радосни солзи на пречекот и, нема да ги зборам никогаш. И вредеше.",yes
clips/dblyds3xtkr_000012.wav,DbLYDS3xTKR.mp4,88.56,92.58,4.02,"Крајот бил изключително тежок, каде што телото целосно исцрпер.","Крајот бил исклучително тежок, каде што телото е целосно исцрпено.",yes
clips/dblyds3xtkr_000013.wav,DbLYDS3xTKR.mp4,92.82,98.0,5.18,Но сепак Антонио смогнал сили и го прегарнал Роман и неговото семејство.,Но сепак Антонио смогнал сили и го прегрнал Роман и неговото семејство.,yes
clips/dblyds3xtkr_000014.wav,DbLYDS3xTKR.mp4,98.78,102.08,3.3,"Доживувајќи нешто, што не може да го опише со зборови.","Доживувајќи нешто, што не може да го опише со зборови.",no
clips/dblyds3xtkr_000015.wav,DbLYDS3xTKR.mp4,102.44,104.48,2.04,И на што е многу благодарен.,И на што е многу благодарен.,no
clips/dblyds3xtkr_000016.wav,DbLYDS3xTKR.mp4,104.58,110.68,6.1,"Предизвикот е искучително тежок, но мотивот многу посилен, вели Нела,","Предизвикот е искучително тежок, но мотивот многу посилен, вели Нела,",no
clips/dblyds3xtkr_000017.wav,DbLYDS3xTKR.mp4,111.31,117.04,5.73,затоа што Роман и неговата позитивна енергија ја победувале секоја препрека на оваа патека.,затоа што Роман и неговата позитивна енергија ја победувале секоја препрека на оваа патека.,no
clips/dblyds3xtkr_000018.wav,DbLYDS3xTKR.mp4,135.02,143.31,8.29,"Позитивно дете, кое што иако води секојдневни битки со животот и боледува од пет диагнози,","Позитивно дете, кое што иако води секојдневни битки со животот и боледува од пет дијагнози,",yes
clips/dblyds3xtkr_000019.wav,DbLYDS3xTKR.mp4,143.31,147.41,4.1,сепак останува позитивно и со својата позитива зрачи.,сепак останува позитивно и со својата позитива зрачи.,no
clips/dblyds3xtkr_000020.wav,DbLYDS3xTKR.mp4,147.55,153.15,5.6,"Подвигот заврши со заедничка фотографија на Антонио и Нела со романе неговото семејство,","Подвигот заврши со заедничка фотографија на Антонио и Нела со Роман и неговото семејство,",yes
clips/dblyds3xtkr_000021.wav,DbLYDS3xTKR.mp4,153.23,156.93,3.7,"како порака и поддршка за сите деченија со редки болести,","како порака и поддршка за сите дечиња со ретки болести,",yes
clips/dblyds3xtkr_000022.wav,DbLYDS3xTKR.mp4,157.28,161.61,4.33,дека сме тука или га ги поддржуваме во нивната животна битка.,дека сме тука и дека ги поддржуваме во нивната животна битка.,yes
clips/dbluzsuxttg_000000.wav,DbLuZSUxTTG.mp4,0.0,6.46,6.46,За 10 дена 3850 гостиварци побарале лекарска помош поради стомачни тегови.,За 10 дена 3850 гостиварци побарале лекарска помош поради стомачни тегови.,no
clips/dbluzsuxttg_000001.wav,DbLuZSUxTTG.mp4,6.77,10.08,3.31,"И покрај трендот на намалување на бројките на прегледи,","И покрај трендот на намалување на бројките на прегледи,",no
clips/dbluzsuxttg_000002.wav,DbLuZSUxTTG.mp4,10.1,15.7,5.6,се уштима болни кои со диареа и повраќање се обратиле во болницата и во здраствениот дом.,се уште има болни кои со дијареа и повраќање се обратиле во болницата и во здраствениот дом.,yes
clips/dbluzsuxttg_000003.wav,DbLuZSUxTTG.mp4,16.38,21.29,4.91,"Додека надлежните на терен работат и ветуваат што поскоро технички исправна,","Додека надлежните на терен работат и ветуваат што поскоро технички исправна,",no
clips/dbluzsuxttg_000004.wav,DbLuZSUxTTG.mp4,21.29,23.61,2.32,а потоа и чиста вода што ке тече од чешмите.,а потоа и чиста вода што ќе тече од чешмите.,yes
clips/dbluzsuxttg_000005.wav,DbLuZSUxTTG.mp4,24.02,27.25,3.23,"Со стојбата ја следи Комисијата за заразни болести,","Состојбата ја следи Комисијата за заразни болести,",yes
clips/dbluzsuxttg_000006.wav,DbLuZSUxTTG.mp4,27.25,29.97,2.72,која е советодавно тело на Министерот за Здраство.,која е советодавно тело на Министерот за Здраство.,no
clips/dbluzsuxttg_000007.wav,DbLuZSUxTTG.mp4,57.99,60.65,2.66,тој одговор сега за сега.,тој одговор сега за сега.,no
clips/dbluzsuxttg_000008.wav,DbLuZSUxTTG.mp4,60.77,64.97,4.2,"Доктор Шопова, која е инфектолог, вели дека не смее да има опуштање","Доктор Шопова, која е инфектолог, вели дека не смее да има опуштање",no
clips/dbluzsuxttg_000009.wav,DbLuZSUxTTG.mp4,64.97,67.79,2.82,"и кај жителите на гостива, и кај здраствениот систем.","и кај жителите на Гостивар, и кај здраствениот систем.",yes
clips/dbluzsuxttg_000010.wav,DbLuZSUxTTG.mp4,68.19,72.73,4.54,"Бидејќи при вакви епидемии може и подоцна да се појават цревни болести,","Бидејќи при вакви епидемии може и подоцна да се појават цревни болести,",no
clips/dbluzsuxttg_000011.wav,DbLuZSUxTTG.mp4,72.89,75.07,2.18,но и други заразни заболувања.,но и други заразни заболувања.,no
clips/dbluzsuxttg_000012.wav,DbLuZSUxTTG.mp4,75.39,79.01,3.62,Ние како комисија алармирафме на време да не се опушти,Ние како комисија алармиравме на време да не се опушти,yes
clips/dbluzsuxttg_000013.wav,DbLuZSUxTTG.mp4,79.01,84.33,5.32,"здраствениот систем, дека можно е покре овие цревни причинители","здраствениот систем, дека можно е покрај овие цревни причинители",yes
clips/dbluzsuxttg_000014.wav,DbLuZSUxTTG.mp4,84.33,89.31,4.98,"да имаме појава и на хепатита, но и на хепатит е зашто","да имаме појава и на хепатит а, но и на хепатит е зашто",yes
clips/dbluzsuxttg_000015.wav,DbLuZSUxTTG.mp4,89.31,93.33,4.02,"нормално, благовремено е известно Министерството","нормално, благовремено е известно Министерството",no
clips/dbluzsuxttg_000016.wav,DbLuZSUxTTG.mp4,93.85,95.67,1.82,и сите здраствени власти во државата.,и сите здраствени власти во државата.,no
clips/dbluzsuxttg_000017.wav,DbLuZSUxTTG.mp4,95.91,99.15,3.24,"Како што вчера информираше Министерот за Здраство,","Како што вчера информираше Министерот за Здраство,",no
clips/dbluzsuxttg_000018.wav,DbLuZSUxTTG.mp4,99.31,102.39,3.08,астровирус и шигела се најчестите вируси и бактерии,астровирус и шигела се најчестите вируси и бактерии,no
clips/dbluzsuxttg_000019.wav,DbLuZSUxTTG.mp4,102.39,106.19,3.8,изолирани кај гостиварци. Но не се идентични кај сите,изолирани кај гостиварци. Но не се идентични кај сите,no
clips/dbluzsuxttg_000020.wav,DbLuZSUxTTG.mp4,106.19,108.93,2.74,и затоа не може да донесат генерален заклучок.,и затоа не може да донесе генерален заклучок.,yes
clips/dbluzsuxttg_000021.wav,DbLuZSUxTTG.mp4,109.38,112.64,3.26,Петти ден како е прогласена епидемија во гостивар.,Петти ден како е прогласена епидемија во Гостивар.,yes
clips/dbluzsuxttg_000022.wav,DbLuZSUxTTG.mp4,112.64,116.68,4.04,и граѓаните додека не добијат официално известување од надлежните.,и граѓаните додека не добијат официјално известување од надлежните.,yes
clips/dbluzsuxttg_000023.wav,DbLuZSUxTTG.mp4,117.02,120.8,3.78,За никакви потреби не смеа да ја користат водата од чешмите.,За никакви потреби не смеат да ја користат водата од чешмите.,yes
clips/dbqlonlxln1_000000.wav,DbQLonlxln1.mp4,0.0,2.66,2.66,"Ние не имаме градежна инспекција за шалојето,","Ние не имаме градежна инспекција за жал,",yes
clips/dbqlonlxln1_000001.wav,DbQLonlxln1.mp4,2.72,7.26,4.54,многу пати го говорам во јавността како една од аномалиите која што не е достасувано.,многу пати го говорам во јавноста како една од аномалиите која што недостасува но,yes
clips/dbqlonlxln1_000002.wav,DbQLonlxln1.mp4,7.3,9.9,2.6,"Сме го говорили тоа и со Министерот за транспорт и врски,","Сме го говореле тоа и со Министерот за транспорт и врски,",yes
clips/dbqlonlxln1_000003.wav,DbQLonlxln1.mp4,10.02,13.66,3.64,"околу потенциалните измерени на законот, но и со председателот на владата.","околу потенцијалните измени на законот, но и со претседателот на владата.",yes
clips/dbqlonlxln1_000004.wav,DbQLonlxln1.mp4,14.32,19.4,5.08,Но дадов јасна насока и тоа го објавивме на сите скопски обштини,Но дадов јасна насока и тоа го објавивме на сите скопски општини,yes
clips/dbqlonlxln1_000005.wav,DbQLonlxln1.mp4,19.4,22.68,3.28,"кои што имаат градежна инспекција и инспектори за домување,","кои што имаат градежна инспекција и инспектори за домување,",no
clips/dbqlonlxln1_000006.wav,DbQLonlxln1.mp4,22.78,26.7,3.92,а ние со останатите наши инспекторски служби ке помогнеме,а ние со останатите наши инспекторски служби ќе помогнеме,yes
clips/dbqlonlxln1_000007.wav,DbQLonlxln1.mp4,26.7,29.22,2.52,како Кумуналната инспекција и сите останати во градот Скопје,како Кумуналната инспекција и сите останати во градот Скопје,no
clips/dbqlonlxln1_000008.wav,DbQLonlxln1.mp4,29.22,32.46,3.24,да се направат строги контроли најпрво на позициите,да се направат строги контроли најпрво на позициите,no
clips/dbqlonlxln1_000009.wav,DbQLonlxln1.mp4,32.46,34.66,2.2,каде што имавме аномалија од ваков тип.,каде што имавме аномалија од ваков тип.,no
clips/dbqlonlxln1_000010.wav,DbQLonlxln1.mp4,35.12,39.34,4.22,Зошто? Затоа што вечерта јас бев меѓу останатите обштини,Зошто? Затоа што вечерта јас бев меѓу останатите општини,yes
clips/dbqlonlxln1_000011.wav,DbQLonlxln1.mp4,39.34,41.78,2.44,"што ги посетив, ја посетив и обштината Карпаш.","што ги посетив, ја посетив и општината Карпош.",yes
clips/dbqlonlxln1_000012.wav,DbQLonlxln1.mp4,41.98,45.38,3.4,Бевме на лице место на една позиција со колегата Лукровски,Бевме на лице место на една позиција со колегата Лукровски,no
clips/dbqlonlxln1_000013.wav,DbQLonlxln1.mp4,45.38,49.82,4.44,"каде што констатирано беше од страна на граѓаните,","каде што констатирано беше од страна на граѓаните,",no
clips/dbqlonlxln1_000014.wav,DbQLonlxln1.mp4,49.94,52.26,2.32,жителите кои што живеа во таа зграда каде што имаш,жителите кои што живеа во таа зграда каде што имаа,yes
clips/dbqlonlxln1_000015.wav,DbQLonlxln1.mp4,52.26,56.36,4.1,"оштетување на кровот, дека кровот бил менуван","оштетување на кровот, дека кровот бил менуван",no
clips/dbqlonlxln1_000016.wav,DbQLonlxln1.mp4,56.36,60.92,4.56,"пред 7 или 8 месеци, но на прашањето, второ, која фирма беше","пред 7 или 8 месеци, но на прашањето, второ, која фирма беше",no
clips/dbqlonlxln1_000017.wav,DbQLonlxln1.mp4,60.92,63.96,3.04,"изведувачот, која што јас го поставив, тие веќе нема одговор.","изведувачот, кое што јас го поставив, тие веќе немаа одговор.",yes
clips/dbv2nhixbst_000000.wav,DbV2nHixBSt.mp4,0.18,6.0,5.82,"Премиерот Мисковски очекува следната недела да има поголемо намалување на цените на бензините и дизелот,","Премиерот Мицкоски очекува следната недела да има поголемо намалување на цените на бензините и дизелот,",yes
clips/dbv2nhixbst_000001.wav,DbV2nHixBSt.mp4,6.02,11.32,5.3,откако суровата нафта на светските пазари падна на околу 86 долари за барел.,откако суровата нафта на светските пазари падна на околу 86 долари за барел.,no
clips/dbv2nhixbst_000002.wav,DbV2nHixBSt.mp4,11.58,15.92,4.34,"Тој најави дека во понеделник владата ке направи нова анализа на цените,","Тој најави дека во понеделник владата ќе направи нова анализа на цените,",yes
clips/dbv2nhixbst_000003.wav,DbV2nHixBSt.mp4,16.02,22.48,6.46,пошто ке се знае дали ке има дополнително кратене на акцизите или намалување на ДДВ-то за нафтените деривати.,пошто ќе се знае дали ќе има дополнително кратење на акцизите или намалување на ДДВ-то за нафтените деривати.,yes
clips/dbv2nhixbst_000004.wav,DbV2nHixBSt.mp4,22.66,26.84,4.18,"Знаете дека на две недели се анализираат акцизите,","Знаете дека на две недели се анализираат акцизите,",no
clips/dbv2nhixbst_000005.wav,DbV2nHixBSt.mp4,26.84,43.7,16.86,Сега завршува втората половина од месецот и веќе во понеделник ќе направиме просек за втората половина од месецот и врз основа на тие параметри ќе се делува на цената на нафтените деривати.,Сега завршува втората половина од месецот и веќе во понеделник ќе направиме просек за втората половина од месецот и врз основа на тие параметри ќе се делува на цената на нафтените деривати.,no
clips/dbv2nhixbst_000006.wav,DbV2nHixBSt.mp4,43.7,46.28,2.58,Добро е што два дена поред паѓа цената.,Добро е што два дена поред паѓа цената.,no
clips/dbv2nhixbst_000007.wav,DbV2nHixBSt.mp4,46.42,49.4,2.98,"Ова кое што е важно, тоа е дека ова е берзански производ,","Ова кое што е важно, тоа е дека ова е берзански производ,",no
clips/dbv2nhixbst_000008.wav,DbV2nHixBSt.mp4,49.6,52.84,3.24,"сите ние државите купуваме од исто место, а ние како држава","сите ние државите купуваме од исто место, а ние како држава",no
clips/dbv2nhixbst_000009.wav,DbV2nHixBSt.mp4,52.84,57.3,4.46,имаме убедливо најниска цена на дизел горивото и на безаловниот бензин,имаме убедливо најниска цена на дизел горивото и на безоловниот бензин,yes
clips/dbv2nhixbst_000010.wav,DbV2nHixBSt.mp4,57.3,58.54,1.24,"во регионот, па и во Европа.","во регионот, па и во Европа.",no
clips/dbv2nhixbst_000011.wav,DbV2nHixBSt.mp4,58.62,61.96,3.34,"Од денеска бензините се продаваат за 3 денари повеќе,","Од денеска бензините се продаваат за 3 денари повеќе,",no
clips/dbv2nhixbst_000012.wav,DbV2nHixBSt.mp4,62.02,63.78,1.76,"а дизелот за 4,5 денари.","а дизелот за 4,5 денари.",no
clips/dbv2nhixbst_000013.wav,DbV2nHixBSt.mp4,64.46,67.58,3.12,Споредбата со цените од почетокот на март покажува дека,Споредбата со цените од почетокот на март покажува дека,no
clips/dbv2nhixbst_000014.wav,DbV2nHixBSt.mp4,67.58,68.86,1.28,за неполни 5 месеци.,за неполни 5 месеци.,no
clips/dbv2nhixbst_000015.wav,DbV2nHixBSt.mp4,69.5,72.58,3.08,"Бензините поскапеле за 18,5 денари по литар,","Бензините поскапеле за 18,5 денари по литар,",no
clips/dbv2nhixbst_000016.wav,DbV2nHixBSt.mp4,72.58,76.32,3.74,"додека дизелот е по-скап за 27,5 денари.","додека дизелот е поскап за 27,5 денари.",yes
clips/dbv2nhixbst_000017.wav,DbV2nHixBSt.mp4,76.86,79.76,2.9,Така од самиот старт на енергетската криза до денеска.,Така од самиот старт на енергетската криза до денеска.,no
clips/dbv2nhixbst_000018.wav,DbV2nHixBSt.mp4,79.84,86.52,6.68,"Цената на Евросупер БСА 95 се сголемила од 74,5 на 93 денари,","Цената на Евросупер БСА 95 се сголемила од 74,5 на 93 денари,",no
clips/dbv2nhixbst_000019.wav,DbV2nHixBSt.mp4,87.12,92.04,4.92,"98 октанскиот бензин од 76,5 на 95 денари,","98 октанскиот бензин од 76,5 на 95 денари,",no
clips/dbv2nhixbst_000020.wav,DbV2nHixBSt.mp4,92.06,96.72,4.66,"а дизелот од 71 на 98,5 денари за литар.","а дизелот од 71 на 98,5 денари за литар.",no
clips/dbv2nhixbst_000021.wav,DbV2nHixBSt.mp4,97.26,99.82,2.56,Председателот на регулаторната комисија Ристов,Претседателот на регулаторната комисија Ристов,yes
clips/dbv2nhixbst_000022.wav,DbV2nHixBSt.mp4,99.82,104.62,4.8,Вчера посочи дека главната причина за високите цени не е недостигот на сурова нафта.,Вчера посочи дека главната причина за високите цени не е недостигот на сурова нафта.,no
clips/dbv2nhixbst_000023.wav,DbV2nHixBSt.mp4,105.04,110.28,5.24,Туку на маленото производство на нафтени деривати поради нарушената работа на делот рафинериите.,Туку намаленото производство на нафтени деривати поради нарушената работа на делот рафинериите.,yes
clips/dbv2nhixbst_000024.wav,DbV2nHixBSt.mp4,110.42,114.54,4.12,Оште тени во военните конфликти меѓу Русија и Украина и на Блискиот Исток.,Оштетени во воените конфликти меѓу Русија и Украина и на Блискиот Исток.,yes
clips/dbv2nhixbst_000025.wav,DbV2nHixBSt.mp4,114.82,121.14,6.32,"Според него, додека трае таквата состојба на пазарот, може да се очекуваат релативно високи цени на горивата.","Според него, додека трае таквата состојба на пазарот, може да се очекуваат релативно високи цени на горивата.",no
clips/dbwbxd8xfqf_000000.wav,DbWBxd8xFQF.mp4,0.05,7.61,7.56,"Уопсе на македонскиот државјанин Андреј Танасковски, кој пред една година се обиде да убије член на криминална банда од Будва.","Уапсен е македонскиот државјанин Андреј Танасковски, кој пред една година се обиде да убие член на криминална банда од Будва.",yes
clips/dbwbxd8xfqf_000001.wav,DbWBxd8xFQF.mp4,7.75,12.35,4.6,19-годишниот Танасковски бил пронеден во таен стан во Никшить.,19-годишниот Танасковски бил пронајден во таен стан во Никшиќ.,yes
clips/dbwbxd8xfqf_000002.wav,DbWBxd8xFQF.mp4,12.49,20.47,7.98,"По распитот во полиција, Вишото државно обвинителство во Подгорица побарало негово задржување во трајање од 72 часа.","По распитот во полиција, Вишото државно обвинителство во Подгорица побарало негово задржување во траење од 72 часа.",yes
clips/dbwbxd8xfqf_000003.wav,DbWBxd8xFQF.mp4,20.47,30.07,9.6,"На осумничениот му се става на товар дека на 7 август 2025 година во Будва се обидел да го лиши од живот оштетениот Марко Любиша Кан,","На осомничениот му се става на товар дека на 7 август 2025 година во Будва се обидел да го лиши од живот оштетениот Марко Љубиша Кан,",yes
clips/dbwbxd8xfqf_000004.wav,DbWBxd8xFQF.mp4,30.17,35.61,5.44,"на начин што му се доближил од задграб и со пиштол кој го поседувал и носел без дозвола,","на начин што му се доближил од задгрб и со пиштол кој го поседувал и носел без дозвола,",yes
clips/dbwbxd8xfqf_000005.wav,DbWBxd8xFQF.mp4,35.63,41.11,5.48,испукал повеќе куршумикон оштетениот и му нанел животно загрозувачки повреди.,испукал повеќе куршуми кон оштетениот и му нанел животно загрозувачки повреди.,yes
clips/dbwbxd8xfqf_000006.wav,DbWBxd8xFQF.mp4,41.23,49.99,8.76,"На денот на обидот за убиство Танасковски бил сместен во хотел во Будва, но пријавен со фалсификувана лична карта како српски државјанин.","На денот на обидот за убиство Танасковски бил сместен во хотел во Будва, но пријавен со фалсификувана лична карта како српски државјанин.",no
clips/dbwbxd8xfqf_000007.wav,DbWBxd8xFQF.mp4,50.47,53.93,3.46,По нападот тој остана недостапен за полицијата седо вчера.,По нападот тој остана недостапен за полицијата се до вчера.,yes
clips/dbwbxd8xfqf_000008.wav,DbWBxd8xFQF.mp4,54.27,60.89,6.62,"Освен Танасковски, со него е уапсено уште едно лице под сомнение дека помагало во кријање на осомничениот.","Освен Танасковски, со него е уапсено уште едно лице под сомнение дека помагало во криeње на осомничениот.",yes
clips/dbwbxd8xfqf_000009.wav,DbWBxd8xFQF.mp4,61.03,68.45,7.42,За Андре Танасковски беше распишана МП поради кривичното дело убиство во обидот и со огнено оружие.,За Андреј Танасковски беше распишана меѓународна потерница поради кривичното дело убиство во обидот и со огнено оружие.,yes
clips/dbwbxd8xfqf_000010.wav,DbWBxd8xFQF.mp4,68.65,75.27,6.62,"Испукал два куршуми во правец на жртвата, при што таа се здобила со телесни повреди во предалот на главата.","Испукал два куршуми во правец на жртвата, при што таа се здобила со телесни повреди во пределот на главата.",yes
clips/dbwbxd8xfqf_000011.wav,DbWBxd8xFQF.mp4,75.27,82.01,6.74,"На осумничениот му се ставаат на товари, делата, недозволено носење на оружие и фалсификување на исправа.","На осумничениот му се ставаат на товари, делата, недозволено носење на оружје и фалсификување на исправа.",yes
clips/dbwbxd8xfqf_000012.wav,DbWBxd8xFQF.mp4,82.23,89.31,7.08,"Истрагата за сега не открива зашто македонецот Танасковски сакал да губија Марко Любиша, кој е член на шкалјарскиот клан.","Истрагата за сега не открива зашто македонецот Танасковски сакал да го убие Марко Љубиша, кој е член на шкалјарскиот клан.",yes
clips/dbwbxd8xfqf_000013.wav,DbWBxd8xFQF.mp4,89.49,95.39,5.9,"Групата важи за една од најопасните криминални организации на Балканот, која потекнува од Црнагора,","Групата важи за една од најопасните криминални организации на Балканот, која потекнува од Црна Гора,",yes
clips/dbwbxd8xfqf_000014.wav,DbWBxd8xFQF.mp4,95.47,99.61,4.14,и е позната по карвавата пресметка со ривалскиот кавачки клан.,и е позната по крвавата пресметка со ривалскиот кавачки клан.,yes
clips/dbwbxd8xfqf_000015.wav,DbWBxd8xFQF.mp4,99.61,105.99,6.38,Конфликтот меѓу двете групи е поврзан со тарговија со дрога и ликвидацијни сповети Европски држави.,Конфликтот меѓу двете групи е поврзан со трговија со дрога и ликвидации низ повеќе европски држави.,yes
clips/dbyajeirmex_000000.wav,DbYajeiRmeX.mp4,0.0,3.34,3.34,"Две млади лица биле спасени од водите на Охридското езеро,","Две млади лица биле спасени од водите на Охридското езеро,",no
clips/dbyajeirmex_000001.wav,DbYajeiRmeX.mp4,3.44,7.62,4.18,откако поради нагло влошување на временските услови не можеле да се вратат на брегот.,откако поради нагло влошување на временските услови не можеле да се вратат на брегот.,no
clips/dbyajeirmex_000002.wav,DbYajeiRmeX.mp4,7.76,12.22,4.46,Тие со субдаските на околу илјада метри одалечени од автокамп во Охрид,Тие со субдаските на околу илјада метри оддалечени од автокамп во Охрид,yes
clips/dbyajeirmex_000003.wav,DbYajeiRmeX.mp4,12.22,13.78,1.56,со извикување барале помош.,со извикување барале помош.,no
clips/dbyajeirmex_000004.wav,DbYajeiRmeX.mp4,14.26,18.0,3.74,Случаот бил пријавен вчера околу 19 часот и 55 минути,Случаот бил пријавен вчера околу 19 часот и 55 минути,no
clips/dbyajeirmex_000005.wav,DbYajeiRmeX.mp4,18.0,20.94,2.94,во полицијската станица за граничен надзор Охридско езеро.,во полициската станица за граничен надзор Охридско езеро.,yes
clips/dbyajeirmex_000006.wav,DbYajeiRmeX.mp4,21.1,24.82,3.72,"Со полицијски чамци, лицата биле безбедно извлечени од водата.","Со полициски чамци, лицата биле безбедно извлечени од водата.",yes
clips/dbyajeirmex_000007.wav,DbYajeiRmeX.mp4,24.82,35.54,10.72,"Станува збор за 19 и 18 годишни лица, двете од Охрид, кои поради сумниот ветер и големите бранови биле однесени подалеко од брегот и не можеле самостено да се вратат.","Станува збор за 19 и 18 годишни лица, двете од Охрид, кои поради силниот ветер и големите бранови биле однесени подалеку од брегот и не можеле самостојно да се вратат.",yes
clips/dbyajeirmex_000008.wav,DbYajeiRmeX.mp4,35.68,39.56,3.88,По спасувањето тие биле пренесени во просториите на Езерската полиција.,По спасувањето тие биле пренесени во просториите на Езерската полиција.,no
clips/dbyajeirmex_000009.wav,DbYajeiRmeX.mp4,39.68,46.86,7.18,Од Савар Охрид постојано апелираа докапачите и корисниците на субдаски и педалинки да не се одалечуваат од означените безбедностни зони.,Од СВР Охрид постојано апелираа докапачите и корисниците на субдаски и педалинки да не се одалечуваат од означените безбедностни зони.,yes
clips/dbyajeirmex_000010.wav,DbYajeiRmeX.mp4,46.86,51.12,4.26,"И ова лето, фокусот на полицијските службеници од езерската полиција","И ова лето, фокусот на полициските службеници од езерската полиција",yes
clips/dbyajeirmex_000011.wav,DbYajeiRmeX.mp4,51.12,55.1,3.98,ке биде ставен на сголемен степен на безбедност на вода.,ќе биде ставен на зголемен степен на безбедност на вода.,yes
clips/dbyajeirmex_000012.wav,DbYajeiRmeX.mp4,55.48,59.08,3.6,"Во таа насока, полицијските службеници од езерската полиција","Во таа насока, полициските службеници од езерската полиција",yes
clips/dbyajeirmex_000013.wav,DbYajeiRmeX.mp4,59.08,62.94,3.86,"преземаат интензивни мерки по законот за внатрешна пловидба,","преземаат интензивни мерки по законот за внатрешна пловидба,",no
clips/dbyajeirmex_000014.wav,DbYajeiRmeX.mp4,63.02,68.64,5.62,но и по други основи кои што се дел од нивниот законски делокруг на работа.,но и по други основи кои што се дел од нивниот законски делокруг на работа.,no
clips/dbyajeirmex_000015.wav,DbYajeiRmeX.mp4,68.82,73.76,4.94,Тука пред се нагласувам дека целта е да биде подигнат степенот,Тука пред се нагласувам дека целта е да биде подигнат степенот,no
clips/dbyajeirmex_000016.wav,DbYajeiRmeX.mp4,73.76,77.4,3.64,"на превентивните активности, не само на езерската полиција,","на превентивните активности, не само на езерската полиција,",no
clips/dbyajeirmex_000017.wav,DbYajeiRmeX.mp4,77.42,80.16,2.74,туку многу повеќе да биде подигната и соработката,туку многу повеќе да биде подигната и соработката,no
clips/dbyajeirmex_000018.wav,DbYajeiRmeX.mp4,80.16,81.74,1.58,со другите надлежни служби.,со другите надлежни служби.,no
clips/dbyajeirmex_000019.wav,DbYajeiRmeX.mp4,82.16,84.84,2.68,Интенсивирани на мерките и санкцији во водите на езерото,Интензивирање на мерките и санкции во водите на езерото,yes
clips/dbyajeirmex_000020.wav,DbYajeiRmeX.mp4,84.84,87.74,2.9,најави од Охридската полиција. Тие неодамно прежедовните,Најавија од Охридската полиција. Тие неодамно при редовните,yes
clips/dbyajeirmex_000021.wav,DbYajeiRmeX.mp4,87.74,90.5,2.76,контроли затекнат ли лица кои управуваат пловила,контроли затекнале и лица кои управуваат пловила,yes
clips/dbyajeirmex_000022.wav,DbYajeiRmeX.mp4,90.5,91.74,1.24,под действо на алкохол.,под дејство на алкохол.,yes
clips/dbyajeirmex_000023.wav,DbYajeiRmeX.mp4,91.86,95.14,3.28,Голем е бројот на оние лица кои што беа затекнати,Голем е бројот на оние лица кои што беа затекнати,no
clips/dbyajeirmex_000024.wav,DbYajeiRmeX.mp4,95.14,98.18,3.04,како управуваат пловни објекти под действо на алкохол.,како управуваат пловни објекти под дејство на алкохол.,yes
clips/dbyajeirmex_000025.wav,DbYajeiRmeX.mp4,98.18,104.94,6.76,"Тоа нема да се толерира воопшто понатаму и мерките, односно санкциите кои што ќе бидат превземани","Тоа нема да се толерира воопшто понатаму и мерките, односно санкциите кои што ќе бидат превземани",no
clips/dbyajeirmex_000026.wav,DbYajeiRmeX.mp4,104.94,108.32,3.38,ќе бидат интензивни и не селективни.,ќе бидат интензивни и неселективни.,yes
clips/dbyajeirmex_000027.wav,DbYajeiRmeX.mp4,108.42,118.54,10.12,Исто така напоменувам дека и другите законски обврски што како делокругна работа ги имаат полицајците,Исто така напоменувам дека и другите законски обврски што како делокругна работа ги имаат полицајците,no
clips/dbyajeirmex_000028.wav,DbYajeiRmeX.mp4,118.54,125.2,6.66,од Дезерската полиција ќе бидат крајно применувани кон сите пловни објекти.,од езерската полиција ќе бидат крајно применувани кон сите пловни објекти.,yes
clips/dbyajeirmex_000029.wav,DbYajeiRmeX.mp4,125.2,131.74,6.54,Одезерската полиција апелираат докапачте да ги почитуваат на слугито надлежните служби и препораките за безбедност.,Од езерската полиција апелираат до капачите да ги почитуваат насоките на надлежните служби и препораките за безбедност.,yes
clips/dbaysykryk7_000000.wav,DbaYSYKRyK7.mp4,0.0,5.52,5.52,"Најголем дел од луѓето нема да знаат дека некогаш биле заразени со овој вирус,","Најголем дел од луѓето нема да знаат дека некогаш биле заразени со овој вирус,",no
clips/dbaysykryk7_000001.wav,DbaYSYKRyK7.mp4,5.62,9.52,3.9,"односно дека е прележале болеста, затоа што најголем дел од ниф,","односно дека ја прележале болеста, затоа што најголем дел од нив,",yes
clips/dbaysykryk7_000002.wav,DbaYSYKRyK7.mp4,9.52,13.68,4.16,"односно преко 80%, нема да развијат никогаш никакви симптоми.","односно преко 80%, нема да развијат никогаш никакви симптоми.",no
clips/dbaysykryk7_000003.wav,DbaYSYKRyK7.mp4,15.28,20.26,4.98,"Останатите 20%, нешто помалко 20%, ке развијат некоја клиничка слика","Останатите 20%, нешто помалку 20%, ќе развијат некоја клиничка слика",yes
clips/dbaysykryk7_000004.wav,DbaYSYKRyK7.mp4,20.26,24.6,4.34,"на благ грип, летен грип, односно со некоја блага температура,","на благ грип, летен грип, односно со некоја блага температура,",no
clips/dbaysykryk7_000005.wav,DbaYSYKRyK7.mp4,24.62,29.6,4.98,"со омалаксаност, со булки по телото, понекогаш може да се појави и осип по телото,","со омалаксаност, со болки по телото, понекогаш може да се појави и осип по телото,",yes
clips/dbaysykryk7_000006.wav,DbaYSYKRyK7.mp4,30.0,33.94,3.94,"кој што е, да речеме, по-карактеристичен за овој период од годината,","кој што е, да речеме, покарактеристичен за овој период од годината,",yes
clips/dbaysykryk7_000007.wav,DbaYSYKRyK7.mp4,34.64,39.86,5.22,"додека помалку од 1% се, всушност, најтешката форма на болеста","додека помалку од 1% се, всушност, најтешката форма на болеста",no
clips/dbaysykryk7_000008.wav,DbaYSYKRyK7.mp4,39.86,44.58,4.72,"и онија симптоми кои што се на воспаление на мозокот,","и оние симптоми кои што се на воспаление на мозокот,",yes
clips/dbaysykryk7_000009.wav,DbaYSYKRyK7.mp4,44.58,48.18,3.6,"енцефалит или воспаление на мозочните обивки, како менингитис,","енцефалит или воспаление на мозочните обивки, како менингитис,",no
clips/dbaysykryk7_000010.wav,DbaYSYKRyK7.mp4,48.58,51.86,3.28,"и всушност, тие се тие кои што завршуваат на болница,","и всушност, тие се тие кои што завршуваат на болница,",no
clips/dbaysykryk7_000011.wav,DbaYSYKRyK7.mp4,51.86,53.44,1.58,кои што се хоспитализирани.,кои што се хоспитализирани.,no
clips/dbaysykryk7_000012.wav,DbaYSYKRyK7.mp4,53.54,58.36,4.82,Кои се онија симптоми кога треба луѓето да помислат на ова заболување,Кои се оние симптоми кога треба луѓето да помислат на ова заболување,yes
clips/dbaysykryk7_000013.wav,DbaYSYKRyK7.mp4,58.36,62.9,4.54,"и кога треба да побараат медицинска помош, доколку развијат некакви симптоми","и кога треба да побараат медицинска помош, доколку развијат некакви симптоми",no
clips/dbaysykryk7_000014.wav,DbaYSYKRyK7.mp4,62.9,67.42,4.52,"од кои што е засегната свеста, односно гледаат дека веќе не можат да се движат","од кои што е засегната свеста, односно гледаат дека веќе не можат да се движат",no
clips/dbaysykryk7_000015.wav,DbaYSYKRyK7.mp4,67.42,72.66,5.24,"или не можат да зборуваат нормално, како што си разговарале предходно,","или не можат да зборуваат нормално, како што си разговарале претходно,",yes
clips/dbaysykryk7_000016.wav,DbaYSYKRyK7.mp4,72.78,77.36,4.58,тогаш е најдобро веднаж да побараат медицинска помош кај својат матичен лекар,тогаш е најдобро веднаш да побараат медицинска помош кај својат матичен лекар,yes
clips/dbaysykryk7_000017.wav,DbaYSYKRyK7.mp4,77.36,83.0,5.64,"или кај инфектолог, кој понатаму ке ги интервенира.","или кај инфектолог, кој понатаму ќе ги интервенира.",yes
clips/dbsrq5nxlsb_000000.wav,DbsRQ5NxLsb.mp4,0.0,5.16,5.16,"Кога температурите растат, совестта се намалува, а изворот се празни.","Кога температурите растат, совеста се намалува, а изворот се празни.",yes
clips/dbsrq5nxlsb_000001.wav,DbsRQ5NxLsb.mp4,7.34,12.78,5.44,"Дали технологијата може да им помогне и на земјоделците, и на природата?","Дали технологијата може да им помогне и на земјоделците, и на природата?",no
clips/dbsrq5nxlsb_000002.wav,DbsRQ5NxLsb.mp4,13.06,18.96,5.9,"Технологијата, мислам дека војднина ќе биде основен двигател на како се работи земјоделието,","Технологијата, мислам дека во иднина ќе биде основен двигател на како се работи земјоделието,",yes
clips/dbsrq5nxlsb_000003.wav,DbsRQ5NxLsb.mp4,19.28,21.76,2.48,како функционираме и како донесуваме одлуки војднина.,како функционираме и како донесуваме одлуки војднина.,no
clips/dbsrq5nxlsb_000004.wav,DbsRQ5NxLsb.mp4,22.2,26.64,4.44,Сголеменото ниво на Преспанското езеро носи нова надеж во ресен.,Сголеменото ниво на Преспанското езеро носи нова надеж во ресен.,no
clips/dbsrq5nxlsb_000005.wav,DbsRQ5NxLsb.mp4,26.82,31.2,4.38,"Две-три хедролошки сезони, како што ја имаме годинава,","Две-три хедролошки сезони, како што ја имаме годинава,",no
clips/dbsrq5nxlsb_000006.wav,DbsRQ5NxLsb.mp4,31.2,35.52,4.32,на вистина Преспанското езеро ќе се враќа во една добра кондиција.,навистина Преспанското езеро ќе се враќа во една добра кондиција.,yes
clips/dbsrq5nxlsb_000007.wav,DbsRQ5NxLsb.mp4,35.64,39.8,4.16,"Поголема количина на вода, кислород, свежа вода,","Поголема количина на вода, кислород, свежа вода,",no
clips/dbsrq5nxlsb_000008.wav,DbsRQ5NxLsb.mp4,40.49,41.69,1.2,"подобрена е и водата, да.","подобрена е и водата, да.",no
clips/dbsrq5nxlsb_000009.wav,DbsRQ5NxLsb.mp4,41.95,43.19,1.24,Квалитетот е многу добар.,Квалитетот е многу добар.,no
clips/dbsrq5nxlsb_000010.wav,DbsRQ5NxLsb.mp4,43.31,44.55,1.24,Но и кај туристите.,Но и кај туристите.,no
clips/dbsrq5nxlsb_000011.wav,DbsRQ5NxLsb.mp4,45.31,48.71,3.4,"Феноменално. За децата, поготово, е многу убало.","Феноменално. За децата, поготово, е многу убало.",no
clips/dbsrq5nxlsb_000012.wav,DbsRQ5NxLsb.mp4,48.87,53.81,4.94,Мислам дека тоа е една од најбривите лекари во света.,Мислам дека тоа е едно од најубавите езера во светот.,yes
clips/dbsrq5nxlsb_000013.wav,DbsRQ5NxLsb.mp4,54.23,57.27,3.04,Документарен филм. Секоја капка за Преспа.,Документарен филм. Секоја капка за Преспа.,no
clips/dbtcb5ax1vh_000000.wav,DbtCb5ax1Vh.mp4,0.37,6.65,6.28,Една чаша вода на секој 15 минути да пијат лица кои престојуваат подолговремено отворено,Една чаша вода на секој 15 минути да пијат лица кои престојуваат подолго време на отворено,yes
clips/dbtcb5ax1vh_000001.wav,DbtCb5ax1Vh.mp4,6.65,8.77,2.12,и имаат интензивна физичка работа.,и имаат интензивна физичка работа.,no
clips/dbtcb5ax1vh_000002.wav,DbtCb5ax1Vh.mp4,9.13,12.75,3.62,"На пеколните горештини најважна е хидратацијата на телото,","На пеколните горештини најважна е хидратацијата на телото,",no
clips/dbtcb5ax1vh_000003.wav,DbtCb5ax1Vh.mp4,12.83,15.55,2.72,но и почитување на основните препораки за заштита.,но и почитување на основните препораки за заштита.,no
clips/dbtcb5ax1vh_000004.wav,DbtCb5ax1Vh.mp4,15.91,18.81,2.9,Пишува на сајтот на Институтот за јавно здравје.,Пишува на сајтот на Институтот за јавно здравје.,no
clips/dbtcb5ax1vh_000005.wav,DbtCb5ax1Vh.mp4,19.17,23.35,4.18,"Оније кои поради обврски мора да излезат и на пладнекове е најтопло,","Оние кои поради обврски мора да излезат и на пладне кога е најтопло,",yes
clips/dbtcb5ax1vh_000006.wav,DbtCb5ax1Vh.mp4,23.41,26.09,2.68,но и долгото чекање на автобус на постојките.,но и долгото чекање на автобус на постојките.,no
clips/dbtcb5ax1vh_000007.wav,DbtCb5ax1Vh.mp4,26.09,29.89,3.8,Може да биде освежено со вода која овие деновија делат,Може да биде освежено со вода која овие денови ја делат,yes
clips/dbtcb5ax1vh_000008.wav,DbtCb5ax1Vh.mp4,29.89,31.91,2.02,тимови на Црвен крест на град Скопје.,тимови на Црвен крст на град Скопје.,yes
clips/dbtcb5ax1vh_000009.wav,DbtCb5ax1Vh.mp4,32.46,37.23,4.77,"За три дена поделиле над 12 000 шишиња, но знаат да им посочат","За три дена поделиле над 12 000 шишиња, но знаат да им посочат",no
clips/dbtcb5ax1vh_000010.wav,DbtCb5ax1Vh.mp4,37.23,39.07,1.84,и на граѓаните на што да внимаваат.,и на граѓаните на што да внимаваат.,no
clips/dbtcb5ax1vh_000011.wav,DbtCb5ax1Vh.mp4,56.12,61.66,5.54,"Во лето, при високи температури, течностите треба да се внесуваат редовно во текот на целиот ден,","Во лето, при високи температури, течностите треба да се внесуваат редовно во текот на целиот ден,",no
clips/dbtcb5ax1vh_000012.wav,DbtCb5ax1Vh.mp4,61.76,63.86,2.1,а не само кога чувствуваме жет.,а не само кога чувствуваме жед.,yes
clips/dbtcb5ax1vh_000013.wav,DbtCb5ax1Vh.mp4,64.44,66.88,2.44,Најдобар начин за хидратација е водата.,Најдобар начин за хидратација е водата.,no
clips/dbtcb5ax1vh_000014.wav,DbtCb5ax1Vh.mp4,67.78,70.46,2.68,"Многу пијам течности, затоа што е многу топло.","Многу пијам течности, затоа што е многу топло.",no
clips/dbtcb5ax1vh_000015.wav,DbtCb5ax1Vh.mp4,70.9,73.2,2.3,Почитуваш препораките што ги кажува докторите?,Почитуваш препораките што ги кажува докторите?,no
clips/dbtcb5ax1vh_000016.wav,DbtCb5ax1Vh.mp4,73.38,82.38,9.0,"Да, ги почитувам. Пијам секат вода, затоа што надвор е топло и не сакам да качам температура.","Да, ги почитувам. Пијам секат вода, затоа што надвор е топло и не сакам да качам температура.",no
clips/dbtcb5ax1vh_000017.wav,DbtCb5ax1Vh.mp4,82.5,84.28,1.78,Пијам 2 до 3 литри на ден.,Пијам 2 до 3 литри на ден.,no
clips/dbtcb5ax1vh_000018.wav,DbtCb5ax1Vh.mp4,98.91,102.71,3.8,"Во време на пеколни горешти, ницарвениот крс на град Скопје","Во време на пеколни горешти, црвениот крст на град Скопје",yes
clips/dbtcb5ax1vh_000019.wav,DbtCb5ax1Vh.mp4,102.71,104.81,2.1,"не ги заборава и најранливите групи,","не ги заборава и најранливите групи,",no
clips/dbtcb5ax1vh_000020.wav,DbtCb5ax1Vh.mp4,104.83,107.99,3.16,"како што се бездомниците, старите и пензионерите.","како што се бездомниците, старите и пензионерите.",no
clips/dbtcb5ax1vh_000021.wav,DbtCb5ax1Vh.mp4,114.5,119.26,4.76,"Таа популација, односно тој сегмент што го покријаме околу пензионерите,","Таа популација, односно тој сегмент што го покриваме околу пензионерите,",yes
clips/dbtcb5ax1vh_000022.wav,DbtCb5ax1Vh.mp4,119.3,124.26,4.96,"околу старите лица, када нашите колеги, учувајќи ги медицинските сестри и така,","околу старите лица, када нашите колеги, вклучувајќи ги медицинските сестри и така,",yes
clips/dbtcb5ax1vh_000023.wav,DbtCb5ax1Vh.mp4,125.04,130.84,5.8,имат сголемен обем на работа околу посетите на постарата популација.,имат зголемен обем на работа околу посетите на постарата популација.,yes
clips/dbtcb5ax1vh_000024.wav,DbtCb5ax1Vh.mp4,130.9,135.22,4.32,"Поради високите температури, сголемен обем на работа има и брзата помош.","Поради високите температури, зголемен обем на работа има и брзата помош.",yes
clips/dbtcb5ax1vh_000025.wav,DbtCb5ax1Vh.mp4,135.38,139.68,4.3,А на клиниката за неврологија е неколку кратно сголемен бројот на пациенти,А на клиниката за неврологија е неколку кратно сголемен бројот на пациенти,no
clips/dbtcb5ax1vh_000026.wav,DbtCb5ax1Vh.mp4,139.68,142.24,2.56,"со мозочни удари, колапси и вратоглавици.","со мозочни удари, колапси и вратоглавици.",no
clips/dbtcb5ax1vh_000027.wav,DbtCb5ax1Vh.mp4,142.27,149.23,6.96,"Топло време ке има и во следните денови, и затоа треба доследно почитување на советите на лекарите.","Топло време ќе има и во следните денови, и затоа треба доследно почитување на советите на лекарите.",yes
clips/dc9bepkuprx_000000.wav,Dc9BEPkuPRX.mp4,0.0,2.14,2.14,Ме прашаа како го поминав ова лето.,Ме прашаа како го поминав ова лето.,no
clips/dc9bepkuprx_000001.wav,Dc9BEPkuPRX.mp4,6.17,9.43,3.26,Бегаме од топлотен бран во Скопје и одиме во Берово.,Бегаме од топлотен бран во Скопје и одиме во Берово.,no
clips/dc9bepkuprx_000002.wav,Dc9BEPkuPRX.mp4,9.55,14.57,5.02,Берово ми е едно од оние места каде што сваќаш колку многу ни недостига едноставниот живот.,Берово ми е едно од оние места каде што сфаќаш колку многу ни недостига едноставниот живот.,yes
clips/dc9bepkuprx_000003.wav,Dc9BEPkuPRX.mp4,14.91,21.19,6.28,"Овде луѓето се уште си произведуваат своја храна, си берат од дворот, прават сирење, зимници.","Овде луѓето се уште си произведуваат своја храна, си берат од дворот, прават сирење, зимници.",no
clips/dc9bepkuprx_000004.wav,Dc9BEPkuPRX.mp4,21.35,24.73,3.38,"И стварно ништо не е на сила, се е некако спонтано и природно.","И стварно ништо не е на сила, се е некако спонтано и природно.",no
clips/dc9bepkuprx_000005.wav,Dc9BEPkuPRX.mp4,24.99,28.69,3.7,Мене најмногу ми се допадна тоа што овде луѓето повеќе се дружа.,Мене најмногу ми се допадна тоа што овде луѓето повеќе се дружат,yes
clips/dc9bepkuprx_000006.wav,Dc9BEPkuPRX.mp4,28.69,32.05,3.36,"Нема брзање, нема потреба постојано некаде да одиш.","Нема брзање, нема потреба постојано некаде да одиш.",no
clips/dc9bepkuprx_000007.wav,Dc9BEPkuPRX.mp4,32.09,36.05,3.96,"Ке седнеш со некого, ке јадеш нешто што буквално си го набрал од дворот","Ке седнеш со некого, ке јадеш нешто што буквално си го набрал од дворот",no
clips/dc9bepkuprx_000008.wav,Dc9BEPkuPRX.mp4,36.05,39.23,3.18,и ќе сватиш дека можеби токму тоа е вистинскиот луксуз.,и ќе сватиш дека можеби токму тоа е вистинскиот луксуз.,no
clips/dc9bepkuprx_000009.wav,Dc9BEPkuPRX.mp4,40.53,44.83,4.3,Ово е дворот на Данче и е најубавиот двор што сум го видела до сега.,Ово е дворот на Данче и е најубавиот двор што сум го видела до сега.,no
clips/dc9bepkuprx_000010.wav,Dc9BEPkuPRX.mp4,44.95,48.15,3.2,"Има преубави цвеќиња, зеленчуци, овојше се.","Има преубави цвеќиња, зеленчуци, овојше се.",no
clips/dc9bepkuprx_000011.wav,Dc9BEPkuPRX.mp4,48.35,51.77,3.42,Буквално во секој тјош има огромна љубав и посветеност.,Буквално во секој кјош има огромна љубов и посветеност,yes
clips/dc9bepkuprx_000012.wav,Dc9BEPkuPRX.mp4,51.95,53.71,1.76,Еве и нејзината бавча.,Еве и нејзината бавча.,no
clips/dc9bepkuprx_000013.wav,Dc9BEPkuPRX.mp4,53.97,57.89,3.92,Ова треба да го градиш години и години за да имаш вакво нешто.,Ова треба да го градиш години и години за да имаш вакво нешто.,no
clips/dc9bepkuprx_000014.wav,Dc9BEPkuPRX.mp4,57.89,60.63,2.74,Цело лето би можела да седам во ваков двор.,Цело лето би можела да седам во ваков двор.,no
clips/dc9bepkuprx_000015.wav,Dc9BEPkuPRX.mp4,61.67,63.65,1.98,"Крестовицата личи на птица, инаку.","Краставицата личи на птица, инаку.",yes
clips/dc9bepkuprx_000016.wav,Dc9BEPkuPRX.mp4,63.95,68.13,4.18,"Се добив и честитка од едни преслатки девојчиња, што ми го стоплија срцето.","Се добив и честитка од едни преслатки девојчиња, што ми го стоплија срцето.",no
clips/dc9bepkuprx_000017.wav,Dc9BEPkuPRX.mp4,68.37,70.31,1.94,Отидовме и во посета на коњните.,Отидовме и во посета на коњните.,no
clips/dc9bepkuprx_000018.wav,Dc9BEPkuPRX.mp4,70.63,73.97,3.34,"Ме касна бе, а потоа и ми се насмеа.","Ме касна бе, а потоа и ми се насмеа.",no
clips/dc9bepkuprx_000019.wav,Dc9BEPkuPRX.mp4,74.86,77.68,2.82,И мислам дека токму тоа ми остана од Берово.,И мислам дека токму тоа ми остана од Берово.,no
clips/dc9bepkuprx_000020.wav,Dc9BEPkuPRX.mp4,77.7,80.92,3.22,Чувството дека животот може да биде многу поедноставен.,Чувството дека животот може да биде многу поедноставен.,no
clips/dc9bepkuprx_000021.wav,Dc9BEPkuPRX.mp4,81.02,83.96,2.94,"Колку би било убаво овде када се отвори ресторан,",Колку би било убаво овде да се отвори ресторант,yes
clips/dc9bepkuprx_000022.wav,Dc9BEPkuPRX.mp4,83.96,88.6,4.64,"затоа што е преубава локација, а ресторанот што порано бил многу познат,","затоа што е преубава локација, а ресторанот што порано бил многу познат,",no
clips/dc9bepkuprx_000023.wav,Dc9BEPkuPRX.mp4,88.72,89.82,1.1,веќе е запад.,веќе е запуштен.,yes
clips/dc9bepkuprx_000024.wav,Dc9BEPkuPRX.mp4,89.94,92.66,2.72,"И воздухот, мислам дека таму најмногу го почувствував,","И воздухот, мислам дека таму најмногу го почувствував,",no
clips/dc9bepkuprx_000025.wav,Dc9BEPkuPRX.mp4,92.66,95.78,3.12,колку ни недостига природата кога сме постојано во град.,колку ни недостига природата кога сме постојано во град.,no
clips/dc9bepkuprx_000026.wav,Dc9BEPkuPRX.mp4,96.02,97.14,1.12,Следно е Трпејца.,Следно е Трпејца.,no
clips/dc9bepkuprx_000027.wav,Dc9BEPkuPRX.mp4,97.68,101.72,4.04,Стигнавме во куќата на другарите и ја приубава на приубава локација.,Стигнавме во куќата на другарите и е преубава на преубава локација,yes
clips/dc9bepkuprx_000028.wav,Dc9BEPkuPRX.mp4,102.0,103.98,1.98,Погледот од собата ни беше wow.,Погледот од собата ни беше wow.,no
clips/dc9bepkuprx_000029.wav,Dc9BEPkuPRX.mp4,104.06,107.22,3.16,Трпејца ми е едно од оние места каде што не мора да имаш план.,Трпејца ми е едно од оние места каде што не мора да имаш план.,no
clips/dc9bepkuprx_000030.wav,Dc9BEPkuPRX.mp4,107.58,112.24,4.66,"Само шетај, најди некоја мала уличка, седни покрај езеро и уживај.","Само шетај, најди некоја мала уличка, седни покрај езеро и уживај.",no
clips/dc9bepkuprx_000031.wav,Dc9BEPkuPRX.mp4,112.24,116.56,4.32,"А Наталија ни беше локален експерт, фуд адвајзор и водич.","А Наталија ни беше локален експерт, фуд адвајзор и водич.",no
clips/dc9bepkuprx_000032.wav,Dc9BEPkuPRX.mp4,120.14,124.99,4.85,"Ми се допаѓа што не е премногу испеглано туристичко место,","Ми се допаѓа што не е премногу испеглано туристичко место,",no
clips/dc9bepkuprx_000033.wav,Dc9BEPkuPRX.mp4,125.61,128.23,2.62,"има некоја своја атмосфера, луѓето се опуштени,","има некоја своја атмосфера, луѓето се опуштени,",no
clips/dc9bepkuprx_000034.wav,Dc9BEPkuPRX.mp4,128.31,132.59,4.28,"И цело време имаш чувство дека си на одмор, а не на некоја туристичка атракција.","И цело време имаш чувство дека си на одмор, а не на некоја туристичка атракција.",no
clips/dc9bepkuprx_000035.wav,Dc9BEPkuPRX.mp4,132.63,136.75,4.12,А водата е толку бистра што понекогаш да забораваш дека си на Охридското езеро.,А водата е толку бистра што понекогаш забораваш дека си на Охридското езеро.,yes
clips/dc9bepkuprx_000036.wav,Dc9BEPkuPRX.mp4,136.93,139.21,2.28,"И да, можеби звучи како голема изјава,","И да, можеби звучи како голема изјава,",no
clips/dc9bepkuprx_000037.wav,Dc9BEPkuPRX.mp4,139.21,143.61,4.4,ама мене Трпејциа ми има повеќе душа него многу позвучни туристички места.,ама мене Трпејциа ми има повеќе душа него многу позвучни туристички места.,no
clips/dc9bepkuprx_000038.wav,Dc9BEPkuPRX.mp4,143.85,147.01,3.16,И секако пепси се вклопува и освежува во секој момент.,И секако пепси се вклопува и освежува во секој момент.,no
clips/dc9bepkuprx_000039.wav,Dc9BEPkuPRX.mp4,147.27,150.03,2.76,А сега одиме да ви ги покажам локалните ресторанчи.,А сега одиме да ви ги покажам локалните ресторанчиња,yes
clips/dc9bepkuprx_000040.wav,Dc9BEPkuPRX.mp4,150.19,153.09,2.9,Без макало не се поминува во Трпејца.,Без макало не се поминува во Трпејца.,no
clips/dc9bepkuprx_000041.wav,Dc9BEPkuPRX.mp4,153.43,157.45,4.02,Утреданта Наталија ни спреми доручек со познатите охридски јавречи.,Утредента Наталија ни спреми доручек со познатите охридски ѓевречиња,yes
clips/dc9bepkuprx_000042.wav,Dc9BEPkuPRX.mp4,157.57,159.79,2.22,И седнавме во ресторанот Сентропе.,И седнавме во ресторанот Сентропе.,no
clips/dc9bepkuprx_000043.wav,Dc9BEPkuPRX.mp4,160.09,163.91,3.82,"Врзно јадење. Јадеш, пиеш, се капеш и се враќаш назад.","Врвно јадење, јадеш, пиеш се капеш и се враќаш назад.",yes
clips/dc9bepkuprx_000044.wav,Dc9BEPkuPRX.mp4,166.05,173.23,7.18,"Понекогаш стварно не ти треба ништо посебно, само мирно место, добра храна, пепси и луѓе со кои што можеш да седиш со часови.","Понекогаш стварно не ти треба ништо посебно, само мирно место, добра храна, пепси и луѓе со кои што можеш да седиш со часови.",no
clips/dcjer_yxpau_000000.wav,DcJEr_YxpAu.mp4,0.0,3.44,3.44,"Песни му праќав и се губиме веќе што толку многу му праќав,","Песни му праќав и се губиме веќе што толку многу му праќав,",no
clips/dcjer_yxpau_000001.wav,DcJEr_YxpAu.mp4,3.5,7.18,3.68,"ама за оваа песна, на вистина, многу брзо се одлучивме.","ама за оваа песна, навистина, многу брзо се одлучивме.",yes
clips/dcjer_yxpau_000002.wav,DcJEr_YxpAu.mp4,7.32,10.92,3.6,"Некако самата енергија беше поинаква од сите останати песни,","Некако самата енергија беше поинаква од сите останати песни,",no
clips/dcjer_yxpau_000003.wav,DcJEr_YxpAu.mp4,10.98,14.82,3.84,"затоа што претежно пишувам балади, и оваа песна дозволуваше","затоа што претежно пишувам балади, и оваа песна дозволуваше",no
clips/dcjer_yxpau_000004.wav,DcJEr_YxpAu.mp4,14.82,20.84,6.02,"да има една така по-ведра нота, и за брзо време јас средевме и скоцкавме.","да има една така поведра нота, и за брзо време ја средивме и скоцкавме.",yes
clips/dcjer_yxpau_000005.wav,DcJEr_YxpAu.mp4,20.84,23.9,3.06,"Дори и се изненадев, не ни очекував дека може доволку","Дури и се изненадев, не ни очекував дека може до волку",yes
clips/dcjer_yxpau_000006.wav,DcJEr_YxpAu.mp4,23.9,27.7,3.8,"позитив вајб да има, позитивни вибрации да има песната,","Позитивен вајб да има, позитивни вибрации да има песната,",yes
clips/dcjer_yxpau_000007.wav,DcJEr_YxpAu.mp4,27.7,34.18,6.48,"Така што, Николче, ти благодарам за прекрасниот аражман и се надам дека заедно още многу, многу песни ги направиме.","Така што, Николче, ти благодарам за прекрасниот аражман и се надевам дека заедно уште многу, многу песни ќе направиме.",yes
clips/dcjer_yxpau_000008.wav,DcJEr_YxpAu.mp4,34.24,39.84,5.6,"Ја преслушав прв, освен вас двајца, кој беше главниот критичар пред да отиде песната во ЕТЕР?","Ја преслушав прв, освен вас двајца, кој беше главниот критичар пред да отиде песната во етер?",yes
clips/dcjer_yxpau_000009.wav,DcJEr_YxpAu.mp4,39.94,48.46,8.52,"Мајка ми, секој беше. Мајка ми прва ги слуша, јас и продуцентот со кој што работиме, потоа следи мајка ми, тоа е...","Мајка ми, секогаш. Мајка ми прва ги слуша, јас и продуцентот со кој што работиме, потоа следи мајка ми, тоа е...",yes
clips/dcjer_yxpau_000010.wav,DcJEr_YxpAu.mp4,48.46,50.98,2.52,"Тоа е филтарот, мора да се помине ниски...","Тоа е филтерот, мора да се помине низ тие…",yes
clips/dcjhtghr2mb_000000.wav,DcJHtgHR2MB.mp4,0.08,5.42,5.34,"Според вас, докаде сме? Може ли нешто да се подобри во однос на музиката?","Според вас, до каде сме? Може ли нешто да се подобри во однос на музиката?",yes
clips/dcjhtghr2mb_000001.wav,DcJHtgHR2MB.mp4,30.08,53.86,23.78,"Е стварно голем плюс, бидејќи македонците си ја поддржуваат својата музика и баш гледав и некоја интервјуа каде што доста од македонците ги прашуваат каков тип на музика слушаат и повеќе тоа рекува македонска музика и стварно ми е мило за тоа и гледам дека има голем напредок и дека наистина мислам дека војднина и уште по-добро ќе биде, дека уште повеќе соравотќи ќе има.","Е стварно голем плус, бидејќи македонците си ја поддржуваат својата музика и баш гледав и некоја интервјуа каде што доста од македонците ги прашуваат каков тип на музика слушаат и повеќе тоа рекоа македонска музика и стварно ми е мило за тоа и гледам дека има голем напредок и дека навистина мислам дека во иднина и уште подобро ќе биде, дека уште повеќе соравотќи ќе има.",yes
clips/dcjhtghr2mb_000002.wav,DcJHtgHR2MB.mp4,53.96,58.04,4.08,"Да, Александр го делиш истото мислење или нешто може да и ви подобри.","Да, Александар го делиш истото мислење или нешто можеби би подобрил?",yes
clips/dcjhtghr2mb_000003.wav,DcJHtgHR2MB.mp4,58.04,84.28,26.24,"Ускорено ми е многу драго што ова лето видох многу концерти на македонски артисти и во Охријет, и во Битола, и предходно и во Скопје, така што мислам дека тоа ќе е една движачка сила и за младите и за веќе искусните кои што творат, така што ми е стварно многу драго околу тоа и се надевам дека сите заедно ќе направиме нешто повеќе.","Искрено ми е многу драго што ова лето видов многу концерти на македонски артисти и во Охрид, и во Битола, и претходно и во Скопје, така што мислам дека тоа ќе е една движачка сила и за младите и за веќе искусните кои што творат, така што ми е стварно многу драго околу тоа и се надевам дека сите заедно ќе направиме нешто повеќе.",yes
clips/dcokneaxpjb_000000.wav,DcOKneAxpJB.mp4,0.0,3.36,3.36,"Македонска песна е широка, бескрајна и едноставно е добра или лоша,","Македонска песна е широка, бескрајна и едноставно е добра или лоша,",no
clips/dcokneaxpjb_000001.wav,DcOKneAxpJB.mp4,3.4,10.22,6.82,"меѓутоа зашто во нашиот репертуар да нема македонска песна за која што ќе се обратиме до таткото за керката,","меѓутоа зашто во нашиот репертоар да нема македонска песна за која што ќе се обратиме до таткото за керката,",yes
clips/dcokneaxpjb_000002.wav,DcOKneAxpJB.mp4,10.4,13.66,3.26,"за мајката исто така, за керката, за новороденчата и така натаму.","за мајката исто така, за керката, за новороденчата и така натаму.",no
clips/dcokneaxpjb_000003.wav,DcOKneAxpJB.mp4,13.74,17.16,3.42,"И тоа ме тлееше како идеја. Чекайте, тука ми фали песна.","И тоа ме тлееше како идеја. Чекајте, тука ми фали песна.",yes
clips/dcokneaxpjb_000004.wav,DcOKneAxpJB.mp4,17.36,20.28,2.92,"Мислам, ми фали песна. Тоа беше првично.","Мислам, ми фали песна. Тоа беше првично.",no
clips/dcokneaxpjb_000005.wav,DcOKneAxpJB.mp4,20.28,30.24,9.96,"Имаше и друга ситуација кај што мојата прва керка Сара прати во Холандија на едно 15-тина дена, нели со тетка ја, почнала да ми недостасува.","Имаше и друга ситуација кај што мојата прва ќерка Сара прати во Холандија на едно 15-тина дена, нели со тетка ја, почнала да ми недостасува.",yes
clips/dcokneaxpjb_000006.wav,DcOKneAxpJB.mp4,30.9,39.98,9.08,"Јално се што сакав да го направам предходно, не имав никаква идеја. Се мислев како да звучи песната и како да виде текстот.","Ја она се што сакав да го направам предходно, не имав никаква идеја. Се мислев како да звучи песната и каков да биде текстот.",yes
clips/dcokneaxpjb_000007.wav,DcOKneAxpJB.mp4,40.06,49.61,9.55,"Првата керка Сара отиде во Холандија, почнала да ми недостасува, после првиот, вториот ден ми дојде, ми се роди идеја на авторот Јоан Василевски","Првата ќерка Сара отиде во Холандија, почнала да ми недостасува, после првиот, вториот ден ми дојде, ми се роди идеја на авторот Јоан Василевски",yes
clips/dcokneaxpjb_000008.wav,DcOKneAxpJB.mp4,49.61,54.47,4.86,"кои што го поздравувам јавно, му против како идеја, рече","кои што го поздравувам јавно, му против како идеја, рече",no
clips/dcokneaxpjb_000009.wav,DcOKneAxpJB.mp4,55.21,56.75,1.54,"супер, од тука паната моја се.","супер, од тука понатаму јас.",yes
clips/dcolqqrrft9_000000.wav,DcOlQQRRFT9.mp4,0.0,3.56,3.56,"ОПЕН ЕА ја лансираше новата верзија на ЧЕД ЖИПИТИ,","Open AI ја лансираше новата верзија на Chatgpt,",yes
clips/dcolqqrrft9_000001.wav,DcOlQQRRFT9.mp4,3.64,6.94,3.3,наменета за тинеджери од 13 до 17 години.,наменета за тинеjџери од 13 до 17 години.,yes
clips/dcolqqrrft9_000002.wav,DcOlQQRRFT9.mp4,7.16,10.1,2.94,Ова оптимизирана верзија е создадена по напливот,Ова оптимизирана верзија е создадена по напливот,no
clips/dcolqqrrft9_000003.wav,DcOlQQRRFT9.mp4,10.1,12.54,2.44,"од реакцији на загрижени родители од целиот свет,","од реакции на загрижени родители од целиот свет,",yes
clips/dcolqqrrft9_000004.wav,DcOlQQRRFT9.mp4,12.68,15.46,2.78,кој сметаа дека апликацијата е закана за младите,кој сметаа дека апликацијата е закана за младите,no
clips/dcolqqrrft9_000005.wav,DcOlQQRRFT9.mp4,15.46,17.36,1.9,доколку не има никакви ограничувања.,доколку нема никакви ограничувања.,yes
clips/dcolqqrrft9_000006.wav,DcOlQQRRFT9.mp4,17.58,21.3,3.72,"Новата верзија возможува поголема поддршка во образованието,","Новата верзија возможува поголема поддршка во образованието,",no
clips/dcolqqrrft9_000007.wav,DcOlQQRRFT9.mp4,21.3,24.72,3.42,потикнува критичко размислување и го насочува ученикот,поттикнува критичко размислување и го насочува ученикот,yes
clips/dcolqqrrft9_000008.wav,DcOlQQRRFT9.mp4,24.72,26.3,1.58,"кој научење чекор по чекор,","кон учење чекор по чекор,",yes
clips/dcolqqrrft9_000009.wav,DcOlQQRRFT9.mp4,26.3,29.0,2.7,наместо директно да му го пластира точниот одговор.,наместо директно да му го пластира точниот одговор.,no
clips/dcolqqrrft9_000010.wav,DcOlQQRRFT9.mp4,29.16,32.1,2.94,"Например, една од новите опцији е стадимоот,","Например, една од новите опцији е Study mode,",yes
clips/dcolqqrrft9_000011.wav,DcOlQQRRFT9.mp4,32.12,33.46,1.34,односно режим на учење.,односно режим на учење.,no
clips/dcolqqrrft9_000012.wav,DcOlQQRRFT9.mp4,33.56,36.0,2.44,"Наместо готово решение на домашна задач,","Наместо готово решение на домашна задача,",yes
clips/dcolqqrrft9_000013.wav,DcOlQQRRFT9.mp4,36.22,38.76,2.54,учениците добиваат квизови и визуализацији,учениците добиваат квизови и визyeлизации,yes
clips/dcolqqrrft9_000014.wav,DcOlQQRRFT9.mp4,38.76,41.24,2.48,кои им помагаат сами да го најдат точниот одговор.,кои им помагаат сами да го најдат точниот одговор.,no
clips/dcolqqrrft9_000015.wav,DcOlQQRRFT9.mp4,41.68,45.12,3.44,Апликацијата разполага и со подсетници за домашна задача.,Апликацијата раsполага и со поtсетници за домашна задача.,yes
clips/dcolqqrrft9_000016.wav,DcOlQQRRFT9.mp4,45.24,47.86,2.62,"ЧЕДЖИПИТИ за тинеджери има и посилни заштити,","Chatgpt за тинеджери има и посилни заштити,",yes
clips/dcolqqrrft9_000017.wav,DcOlQQRRFT9.mp4,48.04,50.06,2.02,"ограничување на чувствителни теми,","ограничување на чувствителни теми,",no
clips/dcolqqrrft9_000018.wav,DcOlQQRRFT9.mp4,50.08,53.7,3.62,"меѓу кои самоповредување, насилство, нарушување во изхраната","меѓу кои самоповредување, насилство, нарушување во изхраната",no
clips/dcolqqrrft9_000019.wav,DcOlQQRRFT9.mp4,53.7,57.58,3.88,и сексуална содржина. Че GPT за тинеджери е создадена,и сексуална содржина. Chatgpt за тинејџери е создадена,yes
clips/dcolqqrrft9_000020.wav,DcOlQQRRFT9.mp4,57.58,60.18,2.6,со многу експерти и воспитно-образовни работници.,со многу експерти и воспитно-образовни работници.,no
clips/dcolqqrrft9_000021.wav,DcOlQQRRFT9.mp4,60.48,63.9,3.42,Не секој ученик има никого дома кој може да му помогне,Не секој ученик има некого дома кој може да му помогне,yes
clips/dcolqqrrft9_000022.wav,DcOlQQRRFT9.mp4,63.9,67.24,3.34,кога ќе заглави или има прашање во врска со домашната задача.,кога ќе заглави или има прашање во врска со домашната задача.,no
clips/dcolqqrrft9_000023.wav,DcOlQQRRFT9.mp4,67.4,70.88,3.48,"Со соодветни заштитни мерки, вештачката интелигенција може","Со соодветни заштитни мерки, вештачката интелигенција може",no
clips/dcolqqrrft9_000024.wav,DcOlQQRRFT9.mp4,70.88,74.12,3.24,"да помогне да се подполни таа празнина, а латки како","да помогне да се потполни таа празнина, алатки како",yes
clips/dcolqqrrft9_000026.wav,DcOlQQRRFT9.mp4,77.68,80.88,3.2,"чекор по чекор, помагајќи им да ги разберат своите грешки,","чекор по чекор, помагајќи им да ги разберат своите грешки,",no
clips/dcolqqrrft9_000027.wav,DcOlQQRRFT9.mp4,80.88,85.78,4.9,"да секнет самодоварба и да продолжат да учат, а не едноставно да им го дадат одговорот,","да стекнат самодоварба и да продолжат да учат, а не едноставно да им го дадат одговорот,",yes
clips/dcolqqrrft9_000028.wav,DcOlQQRRFT9.mp4,85.84,89.86,4.02,"вели Ракел Гипсон, наставничка по математика во Мајами, Флорида.","вели Ракел Гипсон, наставничка по математика во Мајами, Флорида.",no
clips/dcqivvrrdkc_000000.wav,DcQivVrRdKC.mp4,0.05,3.57,3.52,Неколку пати до сега се обязува да создаваат хистерија на отворена сцена,Неколку пати до сега се обидоа да создаваат хистерија на отворена сцена,yes
clips/dcqivvrrdkc_000001.wav,DcQivVrRdKC.mp4,3.57,6.71,3.14,преку социјални медиони. Три пати до сега требаше да банкротираме.,преку социјални медиони. Три пати до сега требаше да банкротираме.,no
clips/dcqivvrrdkc_000002.wav,DcQivVrRdKC.mp4,7.05,11.21,4.16,"Сега требаше иљадници мигранти да ја газат територијата на Македонија,","Сега требаше илјадници мигранти да ја газат територијата на Македонија,",yes
clips/dcqivvrrdkc_000003.wav,DcQivVrRdKC.mp4,11.27,13.49,2.22,да организираме мигрантски кампови.,да организираме мигрантски кампови.,no
clips/dcqivvrrdkc_000004.wav,DcQivVrRdKC.mp4,14.15,20.35,6.2,"Потоа, кога се случи војната во Иран, создаваа хистерија и се обязува да пренесат паника","Потоа, кога се случи војната во Иран, создаваа хистерија и се обидоа да пренесат паника",yes
clips/dcqivvrrdkc_000005.wav,DcQivVrRdKC.mp4,20.35,24.15,3.8,"дека нема доволно гориво, нема доволно резерви и така натаму.","дека нема доволно гориво, нема доволно резерви и така натаму.",no
clips/dcqivvrrdkc_000006.wav,DcQivVrRdKC.mp4,24.15,27.89,3.74,и така натаму. Попото ако ги гледа сцените на ниското ниво,и така натаму. Потоа ако ги гледа сцените на ниското ниво,yes
clips/dcqivvrrdkc_000007.wav,DcQivVrRdKC.mp4,27.89,31.99,4.1,"на Дунав, кога почна голем број држави да ги исклучуваат","на Дунав, кога почна голем број држави да ги исклучуваат",no
clips/dcqivvrrdkc_000008.wav,DcQivVrRdKC.mp4,31.99,35.69,3.7,"нуклеарните реактори и хидроцентралите, готово останавме","нуклеарните реактори и хидроцентралите, готово останавме",no
clips/dcqivvrrdkc_000009.wav,DcQivVrRdKC.mp4,35.69,39.91,4.22,"без струја, нема дима струја, рестрикција кима и така натаму.","без струја, нема дома струја, рестрикција ќе има и така натаму.",yes
clips/dcqivvrrdkc_000010.wav,DcQivVrRdKC.mp4,40.03,43.69,3.66,"Така што постои една мала група, која што јас ја нареков","Така што постои една мала група, која што јас ја нареков",no
clips/dcqivvrrdkc_000011.wav,DcQivVrRdKC.mp4,43.69,48.35,4.66,"ТАЛОК, а од ним познати причини опозицијата се препозна","талог, а од ним познати причини опозицијата се препозна",yes
clips/dcqivvrrdkc_000012.wav,DcQivVrRdKC.mp4,48.35,54.27,5.92,"во таа група наречена ТАЛОГ, која што се обидува да создаде","во таа група наречена талог, која што се обидува да создаде",yes
clips/dcqivvrrdkc_000013.wav,DcQivVrRdKC.mp4,54.27,58.19,3.92,на перцепција која што тие мислат дека ќе крира бран на незадоволство,на перцепција која што тие мислат дека ќе креира бран на незадоволство,yes
clips/dcqivvrrdkc_000014.wav,DcQivVrRdKC.mp4,58.19,63.23,5.04,"против оваа влада и тука, доаѓам сега до поентата,","против оваа влада и тука, доаѓам сега до поентата,",no
clips/dcqivvrrdkc_000015.wav,DcQivVrRdKC.mp4,63.39,67.29,3.9,"тие го искористи, односно злоупотребија случајот гостивар","тие го искористија, односно злоупотребија случајот Гостивар",yes
clips/dcqivvrrdkc_000016.wav,DcQivVrRdKC.mp4,67.29,70.81,3.52,за да се обидат на целата територија на државата да создадат,за да се обидат на целата територија на државата да создадат,no
clips/dcqivvrrdkc_000017.wav,DcQivVrRdKC.mp4,70.81,73.71,2.9,една таква хистерија одредена група на луѓе.,една таква хистерија одредена група на луѓе.,no
clips/dctlia0rliv_000000.wav,DcTlIa0RLIv.mp4,0.0,3.78,3.78,"Пожарите на отворено не се опасност само за имотот и животот,","Пожарите на отворено не се опасност само за имотот и животот,",no
clips/dctlia0rliv_000001.wav,DcTlIa0RLIv.mp4,3.78,6.7,2.92,туку сериозно го загрозуваат и здравието на луѓето.,туку сериозно го загрозуваат и здравјето на луѓето.,yes
clips/dctlia0rliv_000002.wav,DcTlIa0RLIv.mp4,6.9,12.28,5.38,Институтот за јавно здравје предупредува дека чадот може да се пренесува на големи растојанија.,Институтот за јавно здравје предупредува дека чадот може да се пренесува на големи растојанија.,no
clips/dctlia0rliv_000003.wav,DcTlIa0RLIv.mp4,12.38,17.82,5.44,"А најголем ризик, како што велат се ситните атмосферски частички од 2,5 микрометри,","А најголем ризик, како што велат се ситните атмосферски частички од 2,5 микрометри,",no
clips/dctlia0rliv_000004.wav,DcTlIa0RLIv.mp4,17.86,20.38,2.52,"кои навлегуваат длабоко во белите дробови,","кои навлегуваат длабоко во белите дробови,",no
clips/dctlia0rliv_000005.wav,DcTlIa0RLIv.mp4,20.4,25.56,5.16,по бројните пожари кои се присутни изминатио в период и ја заобјави препораки за градјаните.,по бројните пожари кои се присутни изминатиот период ијз објави препораки за граѓаните.,yes
clips/dctlia0rliv_000006.wav,DcTlIa0RLIv.mp4,25.56,29.56,4.0,Ги советуваат да го ограничат престојотно отворено во подраче,Ги советуваат да го ограничат престојот на отворено во подрачје,yes
clips/dctlia0rliv_000007.wav,DcTlIa0RLIv.mp4,29.56,33.12,3.56,"каде во близина има пожар, да избегнуваат физички напори","каде во близина има пожар, да избегнуваат физички напори",no
clips/dctlia0rliv_000008.wav,DcTlIa0RLIv.mp4,33.12,34.44,1.32,и да ги затворат прозорците.,и да ги затворат прозорците.,no
clips/dctlia0rliv_000009.wav,DcTlIa0RLIv.mp4,34.64,38.14,3.5,"Како што објаснуваат од институтот, нечувствителни на чат","Како што објаснуваат од институтот, најчувствителни на чат",yes
clips/dctlia0rliv_000010.wav,DcTlIa0RLIv.mp4,38.14,41.26,3.12,"се децата, бремените, жени, старите и хронично болни.","се децата, бремените, жени, старите и хронично болни.",no
clips/dctlia0rliv_000011.wav,DcTlIa0RLIv.mp4,41.54,48.24,6.7,Не сме имале ситуација каде што има градјани на кои што им е загрозано,Не сме имале ситуација каде што има граѓани на кои што им е загрозен,yes
clips/dctlia0rliv_000012.wav,DcTlIa0RLIv.mp4,48.24,50.98,2.74,животот или здравијето за среќа во овој период,животот или здравјето за среќа во овој период,yes
clips/dctlia0rliv_000013.wav,DcTlIa0RLIv.mp4,50.98,54.58,3.6,заради на времената интервенција на надлежните институцији.,заради на времената интервенција на надлежните институцији.,no
clips/dctlia0rliv_000014.wav,DcTlIa0RLIv.mp4,54.58,60.44,5.86,"Во меѓувреме, пожарникарите, Дирекцијата за заштите и спасување, Центарот за управување со кризи","Во меѓувреме, пожарникарите, Дирекцијата за заштите и спасување, Центарот за управување со кризи",no
clips/dctlia0rliv_000015.wav,DcTlIa0RLIv.mp4,60.44,63.44,3.0,и денеска работат на гасење на повеќе пожари.,и денеска работат на гасење на повеќе пожари.,no
clips/dctlia0rliv_000016.wav,DcTlIa0RLIv.mp4,63.62,67.4,3.78,"Горе во Мариовско, Студеничани, Македонски, Брот и Липковско.","Горе во Мариовско, Студеничани, Македонски, Брот и Липковско.",no
clips/dctlia0rliv_000017.wav,DcTlIa0RLIv.mp4,68.12,70.56,2.44,Најсериозен е пожарот кај Никуштак и Матејче.,Најсериозен е пожарот кај Никуштак и Матејче.,no
clips/dctlia0rliv_000018.wav,DcTlIa0RLIv.mp4,70.76,75.44,4.68,"Таму само вчера, авионите на ДЗА се историле над 80 тони вода.","Таму само вчера, авионите на ДЗС се истуриле над 80 тони вода.",yes
clips/dctlia0rliv_000019.wav,DcTlIa0RLIv.mp4,75.7,80.2,4.5,"Сметам дека селото во никој момент нема да биде загрозено, бидеќи се работи за живо село.","Сметам дека селото во никој момент нема да биде загрозено, бидеќи се работи за живо село.",no
clips/dctlia0rliv_000020.wav,DcTlIa0RLIv.mp4,80.2,87.02,6.82,"полно солује, имаме асфалтирани улици и покри тоа што ја овде забележува многу висок и суа вегетација,","полно со луѓе, имаме асфалтирани улици и покрај тоа што ја овде забележувам многу висока и сува вегетација,",yes
clips/dctlia0rliv_000021.wav,DcTlIa0RLIv.mp4,87.04,92.12,5.08,сепак локалните жители ќе помогнат како што помагаат во текот на вчерашниот ден.,сепак локалните жители ќе помогнат како што помагаат во текот на вчерашниот ден.,no
clips/dctlia0rliv_000022.wav,DcTlIa0RLIv.mp4,92.24,97.9,5.66,"Поради сголемениот обем на летови на полицијските хилихоптери за гасење и надгледување на состојбата,","Поради зголемениот обем на летови на полициските хилихоптери за гасење и надгледување на состојбата,",yes
clips/dctlia0rliv_000023.wav,DcTlIa0RLIv.mp4,98.06,101.74,3.68,МВР најави ригорозни казни за собствениците на дронови.,МВР најави ригорозни казни за сопствениците на дронови.,yes
clips/dctlia0rliv_000024.wav,DcTlIa0RLIv.mp4,101.74,109.28,7.54,"Таквите бестилотни летала, како што Белат, ја загрузувале операцијата за гасење и безбедност на екипажот на хелихоптерот.","Таквите беспилотни летала, како што велат, ја загрозувале операцијата за гасење и безбедност на екипажот на хелихоптерот.",yes
clips/dctlia0rliv_000025.wav,DcTlIa0RLIv.mp4,109.36,114.74,5.38,"Доколку оператор на дрон забележи или слушне полицијски хелихоптер во близина,","Доколку оператор на дрон забележи или слушне полицијски хеликоптер во близина,",yes
clips/dctlia0rliv_000026.wav,DcTlIa0RLIv.mp4,114.92,119.02,4.1,"должен е веднаш и без одлагање, безбедно да го приземи дронот.","должен е веднаш и без одлагање, безбедно да го приземи дронот.",no
clips/dctlia0rliv_000027.wav,DcTlIa0RLIv.mp4,119.26,126.66,7.4,"Суството на дрон во зоната во која действува хелихоптер, представува сериозна опасност за безбедността на летот.","Присуството на дрон во зоната во која дејствува хеликоптер, претставува сериозна опасност за безбедността на летот.",yes
clips/dctlia0rliv_000028.wav,DcTlIa0RLIv.mp4,126.66,132.44,5.78,Во изминатото денонотје на територијата на државата регистрирани се 40 пожари.,Во изминатото деноноќие на територијата на државата регистрирани се 40 пожари.,yes
clips/dctna0axl_w_000000.wav,DcTnA0axL_w.mp4,0.0,4.0,4.0,"За гужбите на табановце да бидат минато, МВРА создаде веб-апликација","За гужвите на табановце да бидат минато, МВРАсоздаде веб-апликација",yes
clips/dctna0axl_w_000001.wav,DcTnA0axL_w.mp4,4.0,7.36,3.36,со мобилен интерфейс безбеден град за странските државјани.,со мобилен интерфејс безбеден град за странските државјани.,yes
clips/dctna0axl_w_000002.wav,DcTnA0axL_w.mp4,7.52,11.5,3.98,"Од сега казните, странците ке може да се ги платат по електронски пат,","Од сега казните, странците ќе може да се ги платат по електронски пат,",yes
clips/dctna0axl_w_000003.wav,DcTnA0axL_w.mp4,11.6,15.26,3.66,наместо да бидат запирани на граничниот премин и да се создаваат,наместо да бидат запирани на граничниот премин и да се создаваат,no
clips/dctna0axl_w_000004.wav,DcTnA0axL_w.mp4,15.26,18.16,2.9,"километерски колони, каково изминатите два дена.","километерски колони, како во изминатите два дена.",yes
clips/dctna0axl_w_000005.wav,DcTnA0axL_w.mp4,18.38,22.96,4.58,"Е сега, како еден користник странски државјани да ја користи ова апликација?","Е сега, како еден корисник странски државјани да ја користи ова апликација?",yes
clips/dctna0axl_w_000006.wav,DcTnA0axL_w.mp4,23.04,24.94,1.9,Сите ли изработи демонстрација?,Сител изработи демонстрација?,yes
clips/dctna0axl_w_000007.wav,DcTnA0axL_w.mp4,24.94,31.78,6.84,"Вака изгледа ве и публикацијата. Доколку корисникот прв пат ја вклучува, треба да криира нов кориснички профил.","Вака изгледа веб апликацијата. Доколку корисникот прв пат ја вклучува, треба да креира нов кориснички профил.",yes
clips/dctna0axl_w_000008.wav,DcTnA0axL_w.mp4,31.78,35.52,3.74,Регистрацијата на корисничкиот профил се прави со три едноставни чикори.,Регистрацијата на корисничкиот профил се прави со три едноставни чекори.,yes
clips/dctna0axl_w_000009.wav,DcTnA0axL_w.mp4,35.74,39.38,3.64,Парвенствено вметнување на основни податоци како важичка лична карта.,Првенствено вметнување на основни податоци како важечка лична карта.,yes
clips/dctna0axl_w_000010.wav,DcTnA0axL_w.mp4,39.7,42.86,3.16,"Понатаму вметнување на податоци за корисничкиот профил,","Понатаму вметнување на податоци за корисничкиот профил,",no
clips/dctna0axl_w_000011.wav,DcTnA0axL_w.mp4,42.88,50.46,7.58,"како што е имео, телефон, елгозинка и на крај активација со код кој што ќе пристигне на мобилниот телефон или пак на електронската пошта.","како што имеил, телефон, лозинка и на крај активација со код кој што ќе пристигне на мобилниот телефон или пак на електронската пошта.",yes
clips/dctna0axl_w_000012.wav,DcTnA0axL_w.mp4,50.86,56.24,5.38,Странските државјани можат да ги вмитнат податоците рачно или пак да ги скенираат патните исправи.,Странските државјани можат да ги вметнат податоците рачно или пак да ги скенираат патните исправи.,yes
clips/dctna0axl_w_000013.wav,DcTnA0axL_w.mp4,56.24,64.1,7.86,"Преку апликацијата, странските државјани ке можат едноставно и директно да добијат информации за собраќањите прекршоци","Преку апликацијата, странските државјани ќе можат едноставно и директно да добијат информации за сообраќајните прекршоци",yes
clips/dctna0axl_w_000014.wav,DcTnA0axL_w.mp4,64.1,71.18,7.08,"евидентирани со системот Безбеден град, да имаат увит во издадените прекршочни платни налози,","евидентирани со системот безбеден град, да имаат увид во издадените прекршочни платни налози,",yes
clips/dctna0axl_w_000015.wav,DcTnA0axL_w.mp4,71.36,74.84,3.48,како и да ги подмират глобите по електронски пат.,како и да ги подмират глобите по електронски пат.,no
clips/dctna0axl_w_000016.wav,DcTnA0axL_w.mp4,75.5,82.28,6.78,По логирањето потребно е во значот да ја слика или скенира својата платна исправа,По логирањето потребно е во возачот да ја слика или скенира својата платна исправа,yes
clips/dctna0axl_w_000017.wav,DcTnA0axL_w.mp4,82.28,108.66,26.38,и да ја внесе регистрацијата на возилото или возилата кој тој ги користи во нашата држава.,и да ја внесе регистрацијата на возилото или возилата кој тој ги користи во нашата држава.,no
clips/dctna0axl_w_000018.wav,DcTnA0axL_w.mp4,112.4,117.78,5.38,"Во моментоф, апликацијата функционира само за странски државјани, не и за македонските.","Во моментов, апликацијата функционира само за странски државјани, не и за македонските.",yes
clips/dctna0axl_w_000019.wav,DcTnA0axL_w.mp4,117.9,122.46,4.56,"Одмовара Вила дека во наредните фази, сета ќе биде надоградена и за нашинците","Од мва велат дека во наредните фази, истата ќе биде надоградена и за нашинците",yes
clips/dctna0axl_w_000020.wav,DcTnA0axL_w.mp4,122.46,128.0,5.54,за да имаат по-добар преглед во однос на собрахајната историја на казни и прекршуци кои што ги стореля.,за да имаат подобар преглед во однос на сообраќајната историја на казни и прекршоци кои што ги сториле.,yes
clips/dctna0axl_w_000021.wav,DcTnA0axL_w.mp4,128.64,133.08,4.44,"Апликацијата моментално е достапна на македонски, англиски и алпански јазик.","Апликацијата моментално е достапна на македонски, англиски и албански јазик.",yes
clips/dcy3a9ronkc_000000.wav,DcY3a9RoNkC.mp4,0.0,5.44,5.44,Македонија има највисока стапка на заболени од западно-нилска треска на милион жители во Европа.,Македонија има највисока стапка на заболени од западнонилска треска на милион жители во Европа.,yes
clips/dcy3a9ronkc_000001.wav,DcY3a9RoNkC.mp4,5.44,11.22,5.78,Вирусната инфекција која пренесуваат комарци и птици е пријавена во 12 европске држави.,Вирусната инфекција која пренесуваат комарци и птици е пријавена во 12 европски држави.,yes
clips/dcy3a9ronkc_000002.wav,DcY3a9RoNkC.mp4,11.26,14.58,3.32,"Први случаи регистрираа и Австрија, Албанија, Германија.","Први случаи регистрираа и Австрија, Албанија, Германија.",no
clips/dcy3a9ronkc_000003.wav,DcY3a9RoNkC.mp4,14.76,19.5,4.74,"Според последниот неделен извеќе на Европскиот Центр за превенција и контрола на болести,","Според последниот неделен извештај на Европскиот Центр за превенција и контрола на болести,",yes
clips/dcy3a9ronkc_000004.wav,DcY3a9RoNkC.mp4,19.64,27.98,8.34,"до петокот кога од земјава биле пријавени 37 инфицирани на 1 милион население, тоа со околу 20 случаи.","до петокот кога од земјава биле пријавени 37 инфицирани на 1 милион население, тоа се околу 20 случаи.",yes
clips/dcy3a9ronkc_000005.wav,DcY3a9RoNkC.mp4,27.98,46.84,18.86,"Иако во Италија, Грција и Шпанија има многу повеќе заболени, споредено со големината на државите, Македонија има 1,3 пати повеќе случаи по жител од Грција, речи си 4 пати повеќе од Италија, 14 пати повеќе од Романија, а 23 пати повеќе од Шпанија.","Иако во Италија, Грција и Шпанија има многу повеќе заболени, споредено со големината на државите, Македонија има 1,3 пати повеќе случаи по жител од Грција, речиси 4 пати повеќе од Италија, 14 пати повеќе од Романија, а 23 пати повеќе од Шпанија.",yes
clips/dcy3a9ronkc_000006.wav,DcY3a9RoNkC.mp4,46.84,51.76,4.92,"Во меѓувреме, бројот на заболени во земјава се искачи на 43 лица.","Во меѓувреме, бројот на заболени во земјава се искачи на 43 лица.",no
clips/dcy3a9ronkc_000007.wav,DcY3a9RoNkC.mp4,52.26,56.8,4.54,"Освен инфицирани, Македонија има и највисока стапка на смртност во Европа,","Освен инфицирани, Македонија има и највисока стапка на смртност во Европа,",no
clips/dcy3a9ronkc_000008.wav,DcY3a9RoNkC.mp4,56.84,61.72,4.88,"со досегашните пет починати, тоа е 2,7 на милион жители,","со досегашните пет починати, тоа е 2,7 на милион жители,",no
clips/dcy3a9ronkc_000009.wav,DcY3a9RoNkC.mp4,61.9,65.0,3.1,"со процент на смртност 11,6.","со процент на смртност 11,6.",no
clips/dcy3a9ronkc_000010.wav,DcY3a9RoNkC.mp4,65.3,70.12,4.82,"Од инфективната клиника вела дека сите починати имали и други предходни заболувања,","Од инфективната клиника велат дека сите починати имале и други претходни заболувања,",yes
clips/dcy3a9ronkc_000011.wav,DcY3a9RoNkC.mp4,70.46,75.34,4.88,а возраста била дополнителен ризик фактор за неповолен исход во лекувањето.,а возраста била дополнителен ризик фактор за неповолен исход во лекувањето.,no
clips/dcy3a9ronkc_000012.wav,DcY3a9RoNkC.mp4,75.34,82.68,7.34,Од опозицијската СДСМа и денеска ја обвиниа властта за лошо справување со епидемијата на Западно-Нилска треска.,Од опозицијската СДСМ и денеска ја обвинија властта за лошо справување со епидемијата на западнонилска треска.,yes
clips/dcy3a9ronkc_000013.wav,DcY3a9RoNkC.mp4,82.86,90.0,7.14,Социал-демократскиот сојуз на Македонија бара повторно формирање национален оперативен штаб,Социјал-емократскиот сојуз на Македонија бара повторно формирање национален оперативен штаб,yes
clips/dcy3a9ronkc_000014.wav,DcY3a9RoNkC.mp4,90.0,96.94,6.94,со јасна одговорност национална ГИЕС карта на епидемијата и ризикот.,со јасна одговорност национална ГИЕС карта на епидемијата и ризикот.,no
clips/dcy3a9ronkc_000015.wav,DcY3a9RoNkC.mp4,97.42,103.88,6.46,"Интензивен надзор, тестирање на комарци за Западно-Нилски вирус.","Интензивен надзор, тестирање на комарци за западнонилски вирус.",yes
clips/dcy3a9ronkc_000016.wav,DcY3a9RoNkC.mp4,103.88,110.38,6.5,Доста беа импровизацији. Се работи за здравието на луѓето.,Доста беа импровизациии. Се работи за здравjето на луѓето.,yes
clips/dcy3a9ronkc_000017.wav,DcY3a9RoNkC.mp4,110.8,112.8,2.0,"Се работи за нас, граѓаните.","Се работи за нас, граѓаните.",no
clips/dcy3a9ronkc_000018.wav,DcY3a9RoNkC.mp4,113.16,119.06,5.9,Властите во Петокот изјавија дека биле мапирани 34 ризични точки во Скопскиот регион,Властите во pетокот изјавија дека биле мапирани 34 ризични точки во Скопскиот регион,yes
clips/dcy3a9ronkc_000019.wav,DcY3a9RoNkC.mp4,119.06,124.48,5.42,на кој ке се врши теренско прскање против комарци за да се спречи ширење на заразната болест.,на кој ќе се врши теренско прскање против комарци за да се спречи ширење на заразната болест.,yes
clips/dcd4ek9xzbr_000000.wav,Dcd4eK9xzbR.mp4,0.0,7.02,7.02,Обвинетите за пожарот во дискотеката Пулс го оспоруваат градежното вештачење според која објектот имал низа пропусти.,Обвинетите за пожарот во дискотеката Пулс го оспоруваат градежното вештачење според која објектот имал низа пропусти.,no
clips/dcd4ek9xzbr_000001.wav,Dcd4eK9xzbR.mp4,7.18,18.3,11.12,"На наодите на тимот градежни вештаци, Дедеска во судницата се спротистави и адвокатите на собственикот на објектот Гроздан Милковски и Обштинскиот градежен инспектор Огнан Дјордијев.","На наодите на тимот градежни вештаци, Дедеска во судницата се спротистави и адвокатите на сопственикот на објектот Гроздан Милковски и општинскиот градежен инспектор Огнан Ѓорѓиев.",yes
clips/dcd4ek9xzbr_000002.wav,Dcd4eK9xzbR.mp4,18.46,28.2,9.74,"Според одбраната, пред да биде пренаменет во дискотека, објектот ги исполнувал сите градежни стандарди, а тоа го потврди и градежниот вештак Горан Марковски.","Според одбраната, пред да биде пренаменет во дискотека, објектот ги исполнувал сите градежни стандарди, а тоа го потврди и градежниот вештак Горан Марковски.",no
clips/dcd4ek9xzbr_000003.wav,Dcd4eK9xzbR.mp4,28.2,33.62,5.42,"Тој пак појасне дека иако во објектот Кираджи е станал прво обвинетиот Деан Јованов,","Тој пак појасни дека иако во објектот кираџија е станал прво обвинетиот Дејан Јованов,",yes
clips/dcd4ek9xzbr_000004.wav,Dcd4eK9xzbR.mp4,33.78,38.9,5.12,обврската за пренамена во гостителски објект била на собственикот на зградата.,обврската за пренамена во гостителски објект била на сопственикот на зградата.,yes
clips/dcd4ek9xzbr_000005.wav,Dcd4eK9xzbR.mp4,39.28,46.1,6.82,Материалите кои се користеле за просторот да прерасне во дискотека биле пресудни за катастрофалниот пожар.,Материјалите кои се користеле за просторот да прерасне во дискотека биле пресудни за катастрофалниот пожар.,yes
clips/dcd4ek9xzbr_000006.wav,Dcd4eK9xzbR.mp4,46.14,51.5,5.36,"Брзото ширење на пожарот е директна последица на изборот на несоодветни материали за градба,","Брзото ширење на пожарот е директна последица на изборот на несоодветни материјали за градба,",yes
clips/dcd4ek9xzbr_000007.wav,Dcd4eK9xzbR.mp4,51.54,56.26,4.72,но нашето вештачење не се занимава со причидите за настанување на пожарот.,но нашето вештачење не се занимава со причините за настанување на пожарот.,yes
clips/dcd4ek9xzbr_000008.wav,Dcd4eK9xzbR.mp4,56.26,60.42,4.16,Кажа во судницата професорот од Градежниот факултет Горан Марковски.,Кажа во судницата професорот од Градежниот факултет Горан Марковски.,no
clips/dcd4ek9xzbr_000009.wav,Dcd4eK9xzbR.mp4,60.58,63.76,3.18,"Прашањата на адвокатите упатени до градежните вештаци,","Прашањата на адвокатите упатени до градежните вештаци,",no
clips/dcd4ek9xzbr_000010.wav,Dcd4eK9xzbR.mp4,63.88,68.76,4.88,роднините на загинатите ги сметаат како обид за одолговлекување на судењето.,роднините на загинатите ги сметаат како обид за одолговлекување на судењето.,no
clips/dcd4ek9xzbr_000011.wav,Dcd4eK9xzbR.mp4,68.88,74.28,5.4,"Ако има што да се побие во вештачењето, повелете со факти, документи,","Ако има што да се побие во вештачењето, повелете со факти, документи,",no
clips/dcd4ek9xzbr_000012.wav,Dcd4eK9xzbR.mp4,74.44,77.18,2.74,стручни аргументи и конкретни прашања.,стручни аргументи и конкретни прашања.,no
clips/dcd4ek9xzbr_000013.wav,Dcd4eK9xzbR.mp4,77.62,80.32,2.7,"Но ако нема што суштински да се оспори,","Но ако нема што суштински да се оспори,",no
clips/dcd4ek9xzbr_000014.wav,Dcd4eK9xzbR.mp4,81.27,85.15,3.88,одложувањето на рочището нема магично да создаде аргументи.,одложувањето на рочиштето нема магично да создаде аргументи.,yes
clips/dcd4ek9xzbr_000015.wav,Dcd4eK9xzbR.mp4,88.31,95.07,6.76,Градежното вештачање за Пулс ќе се анализира и на следните судења за пожарот за кој се обвинете 34-рица.,Градежното вештачање за Пулс ќе се анализира и на следните судења за пожарот за кој се обвинете 34-рица.,no
clips/dcd4ek9xzbr_000016.wav,Dcd4eK9xzbR.mp4,95.21,99.19,3.98,"Според документот, објектот не смел да се користи како дискотека.","Според документот, објектот не смеел да се користи како дискотека.",yes
clips/dcd4ek9xzbr_000017.wav,Dcd4eK9xzbR.mp4,99.39,104.85,5.46,"Вградените материали биле небезбедни, а просторот немал никаква противпожарна заштита.","Вградените материјали биле небезбедни, а просторот немал никаква противпожарна заштита.",yes
clips/dcd_l2qx6ti_000000.wav,Dcd_l2Qx6tI.mp4,0.0,4.74,4.74,"Около 14.500 првачинја до сега се запишани во основните училишта,","Около 14.500 првачиња до сега се запишани во основните училишта,",yes
clips/dcd_l2qx6ti_000001.wav,Dcd_l2Qx6tI.mp4,4.84,6.98,2.14,вели Министерката за Образование Јаневска.,вели Министерката за Образование Јаневска.,no
clips/dcd_l2qx6ti_000002.wav,Dcd_l2Qx6tI.mp4,7.08,11.56,4.48,"Сепак, бројката не е конечна, бидејќи описите продолжуваат во текот на август и септември.","Сепак, бројката не е конечна, бидејќи уписите продолжуваат во текот на август и септември.",yes
clips/dcd_l2qx6ti_000003.wav,Dcd_l2Qx6tI.mp4,11.66,16.02,4.36,"Во основното образование има околу 200 паралелки помалку, а во средното околу 100.","Во основното образование има околу 200 паралелки помалку, а во средното околу 100.",no
clips/dcd_l2qx6ti_000004.wav,Dcd_l2Qx6tI.mp4,16.58,20.86,4.28,"Годинава се очекува да бидат затворени околу 26 рурални училишта,","Годинава се очекува да бидат затворени околу 26 рурални училишта,",no
clips/dcd_l2qx6ti_000005.wav,Dcd_l2Qx6tI.mp4,20.96,24.52,3.56,во кои нема запишано првачинја и има исклучително мал број ученици.,во кои нема запишано првачиња и има исклучително мал број ученици.,yes
clips/dcd_l2qx6ti_000006.wav,Dcd_l2Qx6tI.mp4,24.68,28.5,3.82,Таквите паралелки ќе останат само таму каде што нема друга можност.,Таквите паралелки ќе останат само таму каде што нема друга можност.,no
clips/dcd_l2qx6ti_000007.wav,Dcd_l2Qx6tI.mp4,30.16,37.64,7.48,"дека училиштето се наога, да речеме, над 20 км или над 15 км од далечено","дека училиштето се наоѓа, да речеме, над 20 км или над 15 км оддалечено",yes
clips/dcd_l2qx6ti_000008.wav,Dcd_l2Qx6tI.mp4,37.64,42.42,4.78,од првото најблизко училишто. Ако патиштата по кој што се патува,од првото најблиско училиште. Ако патиштата по кој што се патува,yes
clips/dcd_l2qx6ti_000009.wav,Dcd_l2Qx6tI.mp4,42.42,47.44,5.02,"се несоодветни, недостапни, децата треба премногу време да потрошат","се несоодветни, недостапни, децата треба премногу време да потрошат",no
clips/dcd_l2qx6ti_000010.wav,Dcd_l2Qx6tI.mp4,47.44,51.6,4.16,"цел ден во пат, тоа не е соодветно, особено не за малите деца","цел ден во пат, тоа не е соодветно, особено не за малите деца",no
clips/dcd_l2qx6ti_000011.wav,Dcd_l2Qx6tI.mp4,51.6,54.58,2.98,"од прво до трето оделение, или еве и до пето оделение.","од прво до трето оделение, или еве и до петто оделение.",yes
clips/dcd_l2qx6ti_000012.wav,Dcd_l2Qx6tI.mp4,54.96,58.44,3.48,Тогаш ке го спроведуваме ова. И тоа го прават и други земји.,Тогаш ке го спроведуваме ова. И тоа го прават и други земји.,no
clips/dcd_l2qx6ti_000013.wav,Dcd_l2Qx6tI.mp4,58.44,59.84,1.4,и е оправдано.,и е оправдано.,no
clips/dcd_l2qx6ti_000014.wav,Dcd_l2Qx6tI.mp4,60.0,63.56,3.56,Но ако на неколку километри има централно училище со значително,Но ако на неколку километри има централно училиште со значително,yes
clips/dcd_l2qx6ti_000015.wav,Dcd_l2Qx6tI.mp4,63.56,66.56,3.0,"поголем број ученици, Јаневска смета дека нема логика","поголем број ученици, Јаневска смета дека нема логика",no
clips/dcd_l2qx6ti_000016.wav,Dcd_l2Qx6tI.mp4,66.56,68.44,1.88,децата да останат во малу училище.,децата да останат во мало училиште.,yes
clips/dcd_l2qx6ti_000017.wav,Dcd_l2Qx6tI.mp4,69.16,72.5,3.34,"Во меѓувреме, Министерката оцени дека намалувањето на цените","Во меѓувреме, Министерката оцени дека намалувањето на цените",no
clips/dcd_l2qx6ti_000018.wav,Dcd_l2Qx6tI.mp4,72.5,77.68,5.18,на школскиот прибор за 15% е со одветна мерка и ке им помогне на родителите.,на школскиот прибор за 15% е соодветна мерка и ќе им помогне на родителите.,yes
clips/dcd_l2qx6ti_000019.wav,Dcd_l2Qx6tI.mp4,78.0,80.76,2.76,Државата го прави тоа што може да го направи.,Државата го прави тоа што може да го направи.,no
clips/dcd_l2qx6ti_000020.wav,Dcd_l2Qx6tI.mp4,80.76,93.02,12.26,"не заборавајте дека образувањето основно и средно е обврзно, но и бесплатно, добиваат учебници учениците,","не заборавајте дека образувањето основно и средно е обврзно, но и бесплатно, добиваат учебници учениците,",no
clips/dcd_l2qx6ti_000021.wav,Dcd_l2Qx6tI.mp4,93.46,99.02,5.56,"тоа е помош на родителите, добиваат превоз учениците, што е исто така помош на родителите,","тоа е помош на родителите, добиваат превоз учениците, што е исто така помош на родителите,",no
clips/dcd_l2qx6ti_000022.wav,Dcd_l2Qx6tI.mp4,99.1,108.12,9.02,"обштините обезбедуваат електронски уреди, обично се тоа таблети, рече се сите обштини тоа го прават,","општините обезбедуваат електронски уреди, обично се тоа таблети, рече се сите општини тоа го прават,",yes
clips/dcd_l2qx6ti_000023.wav,Dcd_l2Qx6tI.mp4,108.12,113.22,5.1,одреден број на обштините обезбедуваат ужина и храна.,одреден број на општините обезбедуваат ужина и храна.,yes
clips/dcdol9xxbbk_000000.wav,DcdoL9xxBbK.mp4,0.0,5.68,5.68,"Министерот Серафимовски беше дел од бенд, и како вокал, но и како музичар.","Министерот Серафимовски беше дел од бенд, и како вокал, но и како музичар.",no
clips/dcdol9xxbbk_000001.wav,DcdoL9xxBbK.mp4,6.6,12.52,5.92,Што се научи од овој период? Раскажете ми повеќе за тоа искусство.,Што се научи од овој период? Раскажете ми повеќе за тоа искусство.,no
clips/dcdol9xxbbk_000002.wav,DcdoL9xxBbK.mp4,12.58,16.78,4.2,Пред се морам да потенцирам дека беше аматерски настап и не беше некој професионални.,Пред се морам да потенцирам дека беше аматерски настап и не беше некој професионален.,yes
clips/dcdol9xxbbk_000003.wav,DcdoL9xxBbK.mp4,17.8,20.82,3.02,Моето музичко образование беше пред се да кажем сам.,Моето музичко образование беше пред се да кажем сам.,no
clips/dcdol9xxbbk_000004.wav,DcdoL9xxBbK.mp4,20.96,25.1,4.14,"И ако имав желба да се учам да свирам на повеќе инструменти,","И ако имав желба да се учам да свирам на повеќе инструменти,",no
clips/dcdol9xxbbk_000005.wav,DcdoL9xxBbK.mp4,25.18,28.46,3.28,"приликата беше таква, морам да се учам сам и на жичени инструменти,","приликата беше таква, морам да се учам сам и на жичени инструменти,",no
clips/dcdol9xxbbk_000006.wav,DcdoL9xxBbK.mp4,28.46,33.16,4.7,"учествував, како што споменав, во бенд, во мандолински оркестр, клавиатура свирев,","учествував, како што споменав, во бенд, во мандолински оркестар, клавијатура свирев,",yes
clips/dcdol9xxbbk_000007.wav,DcdoL9xxBbK.mp4,33.86,35.94,2.08,"напоменав жичени инструменти, исто така.","напоменав жичени инструменти, исто така.",no
clips/dcdol9xxbbk_000008.wav,DcdoL9xxBbK.mp4,36.56,41.44,4.88,"Тоа беше периодот во средношколските денови, ушто од основно ми се појави таа желба.","Тоа беше периодот во средношколските денови, ушто од основно ми се појави таа желба.",no
clips/dcdol9xxbbk_000009.wav,DcdoL9xxBbK.mp4,41.54,48.18,6.64,"Смиравме бенд, кој што првеочено започна како настапи на училишните настани,","Имавме бенд, кој што првичено започна како настапи на училишните настани,",yes
clips/dcdol9xxbbk_000010.wav,DcdoL9xxBbK.mp4,48.26,54.52,6.26,"патронатите во училиштата, затоа потоа да преминеме со настапи во локални кафичи,","патронатите во училиштата, затоа потоа да преминеме со настапи во локални кафичи,",no
clips/dcdol9xxbbk_000011.wav,DcdoL9xxBbK.mp4,55.34,56.5,1.16,"дискотеки, потоа имавме","дискотеки, потоа имавме",no
clips/dcdol9xxbbk_000012.wav,DcdoL9xxBbK.mp4,56.5,58.86,2.36,можност да настапиме и на еден-два фестивали,можност да настапиме и на еден-два фестивали,no
clips/dcdol9xxbbk_000013.wav,DcdoL9xxBbK.mp4,58.86,60.6,1.74,"од аматерски карактери кои што беа,","од аматерски карактери кои што беа,",no
clips/dcdol9xxbbk_000014.wav,DcdoL9xxBbK.mp4,60.62,62.26,1.64,но претежно тоа беше,но претежно тоа беше,no
clips/dcdol9xxbbk_000015.wav,DcdoL9xxBbK.mp4,62.26,64.26,2.0,една желба за музиката,една желба за музиката,no
clips/dcdol9xxbbk_000016.wav,DcdoL9xxBbK.mp4,64.26,66.6,2.34,"и еден, така да кажам,","и еден, така да кажам,",no
clips/dcdol9xxbbk_000017.wav,DcdoL9xxBbK.mp4,66.62,67.78,1.16,"слободен дух, бидејќи","слободен дух, бидејќи",no
clips/dcdol9xxbbk_000018.wav,DcdoL9xxBbK.mp4,67.78,70.26,2.48,"ја и сега, секогаш го велам тоа, многу било","ја и сега, секогаш го велам тоа, многу било",no
clips/dcdol9xxbbk_000019.wav,DcdoL9xxBbK.mp4,70.26,71.82,1.56,се чувствувам кога ќе излезам на бина.,се чувствувам кога ќе излезам на бина.,no
clips/dcdol9xxbbk_000020.wav,DcdoL9xxBbK.mp4,72.7,74.28,1.58,"Јавен нас. Така е, затоа","Јавен настап. Така е, затоа",yes
clips/dcdol9xxbbk_000021.wav,DcdoL9xxBbK.mp4,74.28,75.96,1.68,"и оваа желба,","и оваа желба,",no
clips/dcdol9xxbbk_000022.wav,DcdoL9xxBbK.mp4,76.0,78.42,2.42,"еве, затоа реков, ако не сум ова, би бил","еве, затоа реков, ако не сум ова, би бил",no
clips/dcdol9xxbbk_000023.wav,DcdoL9xxBbK.mp4,78.42,80.16,1.74,"пејачеве. Може би, особните","пејач еве. Може би, особните",yes
clips/dcdol9xxbbk_000024.wav,DcdoL9xxBbK.mp4,80.16,82.44,2.28,можности не се тие кои што,можности не се тие кои што,no
clips/dcdol9xxbbk_000025.wav,DcdoL9xxBbK.mp4,82.44,84.76,2.32,ја ги замислуваме дека треба дополнително образование.,ја ги замислуваме дека треба дополнително образование.,no
clips/dcdol9xxbbk_000026.wav,DcdoL9xxBbK.mp4,84.96,87.06,2.1,Јас слушнав дека имате многу добар глас.,Јас слушнав дека имате многу добар глас.,no
clips/dcdol9xxbbk_000027.wav,DcdoL9xxBbK.mp4,87.3,89.94,2.64,"Па, сега треба да се процени, така е.","Па, сега треба да се процени, така е.",no
clips/dcgf8q5rf8f_000000.wav,Dcgf8q5RF8f.mp4,0.0,9.1,9.1,Едно до 10 деца во Македонија на возраст од 12 до 17 години било изложено на сексуална експлуатација и злоупотреба преко интернет.,Едно до 10 деца во Македонија на возраст од 12 до 17 години било изложено на сексуална експлоатација и злоупотреба преку интернет.,yes
clips/dcgf8q5rf8f_000001.wav,Dcgf8q5RF8f.mp4,9.22,15.28,6.06,Ова го открива извеќте на Медународен истражувачки проект за злоупотреба на деца преко дигитални технологии.,Ова го открива извештајот на Меѓународен истражувачки проект за злоупотреба на деца преку дигитални технологии.,yes
clips/dcgf8q5rf8f_000002.wav,Dcgf8q5RF8f.mp4,15.4,23.98,8.58,"Најчеста форма било изложувањето на сексуална содржина без согласност, како и барањето децата да испраќаат интимни фотографии или видео.","Најчеста форма било изложувањето на сексуална содржина без согласност, како и барањето децата да испраќаат интимни фотографии или видео.",no
clips/dcgf8q5rf8f_000003.wav,Dcgf8q5RF8f.mp4,23.98,29.68,5.7,"Деа, документот кој денеска беше презентиран проценува дека во земјава од овој тип злоупотрева",документот кој денеска беше презентиран проценува дека во земјава од овој тип злоупотрева,yes
clips/dcgf8q5rf8f_000004.wav,Dcgf8q5RF8f.mp4,29.68,32.54,2.86,засегнати се околу 12.000 деца.,засегнати се околу 12.000 деца.,no
clips/dcgf8q5rf8f_000005.wav,Dcgf8q5RF8f.mp4,33.0,39.26,6.26,"Според истражувањето, скоро 80% од сторителите биле лица од обкружувањето на децата.","Според истражувањето, скоро 80% од сторителите биле лица од опкружувањето на децата.",yes
clips/dcgf8q5rf8f_000006.wav,Dcgf8q5RF8f.mp4,39.76,42.52,2.76,Момчинјата и девочинјата подеднакво се засегнати.,Момчињата и девочињата подеднакво се засегнати.,yes
clips/dcgf8q5rf8f_000007.wav,Dcgf8q5RF8f.mp4,43.9,48.3,4.4,Злоупотревата редко ја вршат непознати лица и во повеќето случај,Злоупотревата ретко ја вршат непознати лица и во повеќето случаи,yes
clips/dcgf8q5rf8f_000008.wav,Dcgf8q5RF8f.mp4,48.3,52.0,3.7,сторителот е некој што ме познат на детето.,сторителот е некој што е познат на детето.,yes
clips/dcgf8q5rf8f_000009.wav,Dcgf8q5RF8f.mp4,52.0,57.12,5.12,"Тоа е пријател, интимен партнер, познаник или член на семејството.","Тоа е пријател, интимен партнер, познаник или член на семејството.",no
clips/dcgf8q5rf8f_000010.wav,Dcgf8q5RF8f.mp4,82.0,84.18,2.18,на некого кажале што им се случило.,на некого кажале што им се случило.,no
clips/dcgf8q5rf8f_000011.wav,Dcgf8q5RF8f.mp4,84.36,87.18,2.82,Само 1% тоа го пријавиле во полиција.,Само 1% тоа го пријавиле во полиција.,no
clips/dcgf8q5rf8f_000012.wav,Dcgf8q5RF8f.mp4,87.4,92.72,5.32,"Овој извештај ни помага да ја согледаме реалната состојба во нашето обштество,","Овој извештај ни помага да ја согледаме реалната состојба во нашето општество,",yes
clips/dcgf8q5rf8f_000013.wav,Dcgf8q5RF8f.mp4,93.24,97.92,4.68,"како се однесуваат младите онлайн, кои ризици се најчести","како се однесуваат младите онлајн, кои ризици се најчести",yes
clips/dcgf8q5rf8f_000014.wav,Dcgf8q5RF8f.mp4,97.92,101.82,3.9,и каде институциите треба да интервенират поефикасно.,и каде институциите треба да интервенират поефикасно.,no
clips/dcgf8q5rf8f_000015.wav,Dcgf8q5RF8f.mp4,102.1,105.04,2.94,ОТУНИЦЕВ предупредуваат дека големата разлика,Од УНИЦЕВ предупредуваат дека големата разлика,yes
clips/dcgf8q5rf8f_000016.wav,Dcgf8q5RF8f.mp4,105.04,107.86,2.82,меѓу бројот на деца кои доживеале злоупотреба,меѓу бројот на деца кои доживеале злоупотреба,no
clips/dcgf8q5rf8f_000017.wav,Dcgf8q5RF8f.mp4,107.86,113.62,5.76,и бројот на оние кои пријавиле кажува дека најголем дел од случаите остануваат сокриени.,и бројот на оние кои пријавиле кажува дека најголем дел од случаите остануваат сокриени.,no
clips/dcgf8q5rf8f_000018.wav,Dcgf8q5RF8f.mp4,113.9,119.7,5.8,"Срамот, стравот и заканите од сторителите според ниф ги спречуваат децата да побараат помош.","Срамот, стравот и заканите од сторителите според нив ги спречуваат децата да побараат помош.",yes
clips/dcltv_gxme9_000000.wav,DcltV_gxMe9.mp4,0.02,5.4,5.38,Дата центрите се едината на човештвото и владата ке го преземе институционалниот ризик и ке ги изгради.,Дата центрите се иднината на човештвото и владата ќе го превземе институционалниот ризик и ќе ги изгради.,yes
clips/dcltv_gxme9_000001.wav,DcltV_gxMe9.mp4,5.66,11.86,6.2,"Струјата ке ја плаке оној што ке ја троши, а во денашно време има многу бројни начини за ладење на овие центри, вели премиерот Мицкоске.","Струјата ке ја плаќа оној што ќе ја троши, а во денешно време има многу бројни начини за ладење на овие центри, вели премиерот Мицкоски.",yes
clips/dcltv_gxme9_000002.wav,DcltV_gxMe9.mp4,12.42,17.96,5.54,"Македонија треба да одлучи дали сака да биде лидер во регионот или на дното, но од оваа индустрија владата нема да се откажа.","Македонија треба да одлучи дали сака да биде лидер во регионот или на дното, но од оваа индустрија владата нема да се откаже.",yes
clips/dcltv_gxme9_000003.wav,DcltV_gxMe9.mp4,30.02,35.38,5.36,"И тука, сакам да кажам, дека они испраќаат пораки кои што се стари 10, 15, 20 години.","И тука, сакам да кажам, дека они испраќаат пораки кои што се стари 10, 15, 20 години.",no
clips/dcltv_gxme9_000004.wav,DcltV_gxMe9.mp4,36.82,41.8,4.98,"Има сосема по инакви начини на наладење, во зависност од намената на тие дата центри,","Има сосема поинакви начини на ладење, во зависност од намената на тие дата центри,",yes
clips/dcltv_gxme9_000005.wav,DcltV_gxMe9.mp4,41.86,44.84,2.98,дали тие ќе се користа за вешточка интелигенција или за други цели.,дали тие ќе се користат за вештачка интелигенција или за други цели.,yes
clips/dcltv_gxme9_000006.wav,DcltV_gxMe9.mp4,45.62,48.24,2.62,"Но исто така, сакам и една друга работа да ја кажам,","Но исто така, сакам и една друга работа да ја кажам,",no
clips/dcltv_gxme9_000007.wav,DcltV_gxMe9.mp4,48.26,51.74,3.48,која што до сега многу малку се комуницира.,која што до сега многу малку се комуницира.,no
clips/dcltv_gxme9_000008.wav,DcltV_gxMe9.mp4,51.84,53.38,1.54,Ние во државата имаме дата центар.,Ние во државата имаме дата центар.,no
clips/dcltv_gxme9_000009.wav,DcltV_gxMe9.mp4,54.05,64.25,10.2,"Ние имаме датацентар во Прилеп, но тој датацентар е практично секундарен или датацентар кој што ние го нарекуваме рекавари датацентар.","Ние имаме дата центар во Прилеп, но тој дата центар е практично секундарен или дата центар кој што ние го нарекуваме рекавари дата центар.",yes
clips/dcltv_gxme9_000010.wav,DcltV_gxMe9.mp4,64.31,71.93,7.62,"Планот на владата е со грант од Европската Унија да се изгради национален датацентар кој ке ги собира податуците од сите институцији ке ги штитио сайбернапади,","Планот на владата е со грант од Европската Унија да се изгради национален дата центар кој ке ги собира податоците од сите институции ќе ги штити сајбер нападите,",yes
clips/dcltv_gxme9_000011.wav,DcltV_gxMe9.mp4,72.03,75.01,2.98,а ке биде поврзан со секундарниот датацентар во Прилеп.,а ќе биде поврзан со секундарниот дата центар во Прилеп.,yes
clips/dcltv_gxme9_000012.wav,DcltV_gxMe9.mp4,75.01,79.99,4.98,"Сега, секоја институција од сайбер напади се брани како знае и уме.","Сега, секоја институција од сајбер напади се брани како знае и уме.",yes
clips/dcltv_gxme9_000013.wav,DcltV_gxMe9.mp4,80.39,86.43,6.04,"А потоа, тој примарен датацентар ќе го поврзаме со веќе постоечкиот секундарен датацентар,","А потоа, тој примарен дата центар ќе го поврзаме со веќе постоечкиот секундарен датацентар,",yes
clips/dcltv_gxme9_000014.wav,DcltV_gxMe9.mp4,86.43,88.75,2.32,"кој што е во Прилепско, за да имаме заштита.","кој што е во Прилепско, за да имаме заштита.",no
clips/dcltv_gxme9_000015.wav,DcltV_gxMe9.mp4,89.03,94.71,5.68,"Ако не да е боже настане, би рекол, упад во системот на интероперабилност,","Ако не даj боже настане, би рекол, упад во системот на интероперабилност,",yes
clips/dcltv_gxme9_000016.wav,DcltV_gxMe9.mp4,94.81,98.85,4.04,да можеме преко секундарниот датацентар да ги заштитиме податоците.,да можеме прекu секундарниот датацентар да ги заштитиме податоците.,yes
clips/dcltv_gxme9_000017.wav,DcltV_gxMe9.mp4,99.05,102.01,2.96,Од опозицијската сада сама вела дека немаат ништо против инвестиција,Од опозициската сдсм велат дека немаат ништо против инвестиции,yes
clips/dcltv_gxme9_000018.wav,DcltV_gxMe9.mp4,102.51,104.87,2.36,"кои носат развој, работни места и нови технологии.","кои носат развој, работни места и нови технологии.",no
clips/dcltv_gxme9_000019.wav,DcltV_gxMe9.mp4,105.01,107.55,2.54,"Но инвестициите мора да бидат во интерес на Македонија,","Но инвестициите мора да бидат во интерес на Македонија,",no
clips/dcltv_gxme9_000020.wav,DcltV_gxMe9.mp4,107.63,110.95,3.32,а не ресурсите на Македонија да се стават во функција на тоги профити.,а не ресурсите на Македонија да се стават во функција на туѓи профити.,yes
clips/dcltv_gxme9_000021.wav,DcltV_gxMe9.mp4,111.17,114.43,3.26,Мицкоски не кажува колку струје и колку вода ке трошат датацентрите.,Мицкоски не кажува колку струја и колку вода ќе трошат дата центрите.,yes
clips/dcltv_gxme9_000022.wav,DcltV_gxMe9.mp4,114.59,117.63,3.04,Не кажува дека земјоделците може да немаат вода за нивите,Не кажува дека земјоделците може да немаат вода за нивите,no
clips/dcltv_gxme9_000023.wav,DcltV_gxMe9.mp4,117.63,120.15,2.52,и дека грагјаните ке плакјат по висока цена за струјата.,и дека граѓаните ќе плаќат по висока цена за струјата.,yes
clips/dcltv_gxme9_000024.wav,DcltV_gxMe9.mp4,120.63,123.53,2.9,"Македонија нема ресурси за експерименти зад затворени врати,","Македонија нема ресурси за експерименти зад затворени врати,",no
clips/dcltv_gxme9_000025.wav,DcltV_gxMe9.mp4,123.59,124.87,1.28,особено не со водата.,особено не со водата.,no
clips/dcltv_gxme9_000026.wav,DcltV_gxMe9.mp4,125.11,128.07,2.96,Во држава во која грагјаните веќе се соочуваат со проблеми,Во држава во која граѓаните веќе се соочуваат со проблеми,yes
clips/dcltv_gxme9_000027.wav,DcltV_gxMe9.mp4,128.07,131.17,3.1,"со водоснабдувањето, загадени реки и труење во Гостевар,","со водоснабдувањето, загадени реки и труење во Гостевар,",no
clips/dcltv_gxme9_000028.wav,DcltV_gxMe9.mp4,131.25,133.79,2.54,властта планира огромни потрошувачки на вода,власта планира огромни потрошувачки на вода,yes
clips/dcltv_gxme9_000029.wav,DcltV_gxMe9.mp4,133.79,135.55,1.76,без да ги објави основните анализи.,без да ги објави основните анализи.,no
clips/dcltv_gxme9_000030.wav,DcltV_gxMe9.mp4,135.77,137.15,1.38,Истото важи и за струјата.,Истото важи и за струјата.,no
clips/dcltv_gxme9_000031.wav,DcltV_gxMe9.mp4,137.53,139.57,2.04,Македонија нема стабелен енергетски систем,Македонија нема стабелен енергетски систем,no
clips/dcltv_gxme9_000032.wav,DcltV_gxMe9.mp4,139.57,142.09,2.52,за Мицкоски однапред да ветува државни ресурси,за Мицкоски однапред да ветува државни ресурси,no
clips/dcltv_gxme9_000033.wav,DcltV_gxMe9.mp4,142.09,144.63,2.54,без јавността да знае колку ке чини тоа,без јавноста да знае колку ке чини тоа,yes
clips/dcltv_gxme9_000034.wav,DcltV_gxMe9.mp4,144.63,145.81,1.18,и кој ке оплати сметката.,и кој ќе ја плати сметката.,yes
clips/dcltv_gxme9_000035.wav,DcltV_gxMe9.mp4,146.01,148.51,2.5,Ова не е стратегија за развој туку опасно коцкане,Ова не е стратегија за развој туку опасно коцкање,yes
clips/dcltv_gxme9_000036.wav,DcltV_gxMe9.mp4,148.51,150.79,2.28,"со водата, струјата и земјата на граѓаните,","со водата, струјата и земјата на граѓаните,",no
clips/dcltv_gxme9_000037.wav,DcltV_gxMe9.mp4,150.79,152.45,1.66,велат од Опозицијската партија.,велат од Опозицијската партија.,no
clips/dcltv_gxme9_000038.wav,DcltV_gxMe9.mp4,152.99,157.27,4.28,Премирот вчера со Обштите КВК се преговара со 5 до 6 потенциални инвеститори,Премиерот вчера соопшти дека веќе се преговара со 5 до 6 потенциални инвеститори,yes
clips/dcltv_gxme9_000039.wav,DcltV_gxMe9.mp4,157.27,159.19,1.92,за изградба на дата центри во Македонија.,за изградба на дата центри во Македонија.,no
clips/dcoui0sxt17_000000.wav,DcoUI0sxT17.mp4,0.02,5.96,5.94,Од 1. септември тргнува градски одвоз од Зелениково до Централната железничка станица во Скопје.,Од 1. септември тргнува градски воз од Зелениково до Централната железничка станица во Скопје.,yes
clips/dcoui0sxt17_000001.wav,DcoUI0sxT17.mp4,6.04,12.0,5.96,"Возовите ке се обраќаат 8 пати дневно во двата правци, а ке се патува околу 25 минути.","Возовите ќе се обраќаат 8 пати дневно во двата правци, а ќе се патува околу 25 минути.",yes
clips/dcoui0sxt17_000002.wav,DcoUI0sxT17.mp4,12.54,19.74,7.2,"Првиот воз од Зелениково ке тргнува во 6.20, а последниот ке пристигнува на железничката во Скопје во 20.19.","Првиот воз од Зелениково ќе тргнува во 6.20, а последниот ќе пристигнува на железничката во Скопје во 20.19.",yes
clips/dcoui0sxt17_000003.wav,DcoUI0sxT17.mp4,20.88,26.26,5.38,"На патот кон Скопје, возот ке застанува на станиците Орешани, Јанесандански, Драчево и Лисиче.","На патот кон Скопје, возот ќе застанува на станиците Орешани, Јане Сандански, Драчево и Лисиче.",yes
clips/dcoui0sxt17_000004.wav,DcoUI0sxT17.mp4,26.26,34.2,7.94,"Во обратен правец, првиот воз од Скопје ќе тргнува во 5.32, а последниот ќе пристигнува во Зелениково во 21.20.","Во обратен правец, првиот воз од Скопје ќе тргнува во 5.32, а последниот ќе пристигнува во Зелениково во 21.20.",no
clips/dcoui0sxt17_000005.wav,DcoUI0sxT17.mp4,35.06,41.16,6.1,"Цената на билетот за едно возање во еден правец ќе биде 40 денари, додека повратниот билет ќе чини 70.","Цената на билетот за едно возење во еден правец ќе биде 40 денари, додека повратниот билет ќе чини 70.",yes
clips/dcoui0sxt17_000006.wav,DcoUI0sxT17.mp4,42.27,46.82,4.55,"За редовните патници ќе има и месечен билет, чија цена е 1040 денари.","За редовните патници ќе има и месечен билет, чија цена е 1040 денари.",no
clips/dcoui0sxt17_000007.wav,DcoUI0sxT17.mp4,47.0,52.7,5.7,"Нашите и технички екипи се спремни, ганитурите се ќе биде спремни за првата фаза,","Нашите и технички екипи се спремни, гарнитурите се ќе биде спремни за првата фаза,",yes
clips/dcoui0sxt17_000008.wav,DcoUI0sxT17.mp4,52.7,61.68,8.98,"така да главниот фокус ќе постигнеме, а тоа е да отпрви да се прегне со првата фаза на градски воз","така да главниот фокус ќе го постигнеме, а тоа е да од први да се прегне со првата фаза на градски воз",yes
clips/dcoui0sxt17_000009.wav,DcoUI0sxT17.mp4,61.68,69.8,8.12,"и пресе главниот фокус кон помлавите, односно кон школците, студентите и источни.","и пред се главниот фокус кон помладите, односно кон школците, студентите и слично.",yes
clips/dcoui0sxt17_000010.wav,DcoUI0sxT17.mp4,70.13,75.57,5.44,Кошутиќ вели дека го разгледували возниот ред на ЈСП за автобусите и ги усогласиле двете врски.,Кошутиќ вели дека го разгледувале и возниот ред на ЈСП за автобусите и ги усогласиле двете врски.,yes
clips/dcoui0sxt17_000011.wav,DcoUI0sxT17.mp4,76.17,80.87,4.7,Целта е ако некој со воз пристигне на Железничка и треба да продолжи со автобус,Целта е ако некој со воз пристигне на Железничка и треба да продолжи со автобус,no
clips/dcoui0sxt17_000012.wav,DcoUI0sxT17.mp4,80.87,83.03,2.16,"или обратно, да нема долго чекање.","или обратно, да нема долго чекање.",no
clips/dcoui0sxt17_000013.wav,DcoUI0sxT17.mp4,89.21,91.85,2.64,Граѓаните со позитивна оценка за новиот проект,Граѓаните со позитивна оценка за новиот проект,no
clips/dcoui0sxt17_000014.wav,DcoUI0sxT17.mp4,91.85,94.95,3.1,вела дека поголемото користење на железничкиот превоз,Велат дека поголемото користење на железничкиот превоз,yes
clips/dcoui0sxt17_000015.wav,DcoUI0sxT17.mp4,94.95,97.85,2.9,ке придонеси за намалување на градските гужви.,ќе придонесе за намалување на градските гужви.,yes
clips/dcoui0sxt17_000016.wav,DcoUI0sxT17.mp4,132.85,139.39,6.54,Сеќавањето на Градски воз,Сеќавањето на Градски воз,no
clips/dcoui0sxt17_000017.wav,DcoUI0sxT17.mp4,140.87,146.47,5.6,Дората делница треба да го поврзе Миладиновци и Линдени Маджари со Централната железничка станица во Скопје.,Втората делница треба да го поврзе Миладиновци и Илинден и Маџари со централната железничка станица во Скопје.,yes
clips/dcoui0sxt17_000018.wav,DcoUI0sxT17.mp4,146.75,151.89,5.14,"Додека третата ке се протега од Железничка преку Скопје Севери, Гјорче Петров до Волково.",Додека третата ќе се протега од Железничка преку Скопје Север и Ѓорче Петров до Волково.,yes
clips/ddhsfacmf8z_000000.wav,DdHSfaCMf8Z.mp4,0.0,2.5,2.5,Денеска ќе зборуваме за хороскоп.,Денеска ќе зборуваме за хороскоп.,no
clips/ddhsfacmf8z_000001.wav,DdHSfaCMf8Z.mp4,3.02,7.98,4.96,"Јас сум инаку лав во хороскоп, подзнак сум рак и месечина девица,","Јас сум инаку лав во хороскоп, подзнак сум рак и месечина девица,",no
clips/ddhsfacmf8z_000002.wav,DdHSfaCMf8Z.mp4,8.24,11.34,3.1,"оган, земја, вода, се испомешано.","оган, земја, вода, се испомешано.",no
clips/ddhsfacmf8z_000003.wav,DdHSfaCMf8Z.mp4,11.52,15.06,3.54,"Тоа веројатно објаснува зошто едната страна од мене сака да блеска,","Тоа веројатно објаснува зошто едната страна од мене сака да блеска,",no
clips/ddhsfacmf8z_000004.wav,DdHSfaCMf8Z.mp4,15.72,20.36,4.64,"другата чувствува се, а третата анализира абсолутно се.","другата чувствува се, а третата анализира абсолутно се.",no
clips/ddhsfacmf8z_000005.wav,DdHSfaCMf8Z.mp4,20.62,24.58,3.96,"Многу често ми се случува да почувствам некој пред добро да го запознам,","Многу често ми се случува да почувствам некој пред добро да го запознам,",no
clips/ddhsfacmf8z_000006.wav,DdHSfaCMf8Z.mp4,24.66,28.04,3.38,да добијам оној прв филинг за неговата енергија.,да добијам оној прв филинг за неговата енергија.,no
clips/ddhsfacmf8z_000007.wav,DdHSfaCMf8Z.mp4,28.04,32.0,3.96,Многу често подоцна сфаќам дека интуицијата ми била во право.,Многу често подоцна сфаќам дека интуицијата ми била во право.,no
clips/ddhsfacmf8z_000008.wav,DdHSfaCMf8Z.mp4,32.06,34.58,2.52,"Некој секојаш прашувам што си во хороскоп,",Инаку секогаш прашувам што си во хороскоп?,yes
clips/ddhsfacmf8z_000009.wav,DdHSfaCMf8Z.mp4,34.76,38.76,4.0,затоа што секогаш ми било интересно дека хороскопот може да ни даде барем некоја мала насока за карактерот на човекот.,затоа што секогаш ми било интересно дека хороскопот може да ни даде барем некоја мала насока за карактерот на човекот.,no
clips/ddhsfacmf8z_000010.wav,DdHSfaCMf8Z.mp4,38.76,42.04,3.28,берем некоја мала насока за карактерот на човекот.,барем некоја мала насока за карактерот на човекот,yes
clips/ddhsfacmf8z_000011.wav,DdHSfaCMf8Z.mp4,42.16,44.62,2.46,"Кога ќе погледам овие пандора талисмани,",Кога ќе ги погледнам овие Пандора талисмани,yes
clips/ddhsfacmf8z_000012.wav,DdHSfaCMf8Z.mp4,44.76,49.28,4.52,ми е интересно што секој знак има своја симболика и своја приказна,ми е интересно што секој знак има своја симболика и своја приказна,no
clips/ddhsfacmf8z_000013.wav,DdHSfaCMf8Z.mp4,49.28,53.38,4.1,и можеш да се го носиш со тебе како малопарче од карактерот.,и можеш да се го носиш со тебе како мало парче од карактерот.,yes
clips/ddhsfacmf8z_000014.wav,DdHSfaCMf8Z.mp4,53.38,64.48,11.1,"Јас зашто не можев да одлучам, сите ми беа пресладки, имам на мене седум хороскопски знаци, што нормално нема сите да ги носам наеднаш, но секој од нив има некоја симболика.","Јас зашто не можев да одлучам, сите ми беа преслатки, имам на мене седум хороскопски знаци, што нормално нема сите да ги носам наеднаш, но секој од нив има некоја симболика.",yes
clips/ddhsfacmf8z_000015.wav,DdHSfaCMf8Z.mp4,64.58,76.72,12.14,"Имам и прстен, солнце и месечина. Солнцето нели е тоа што го покажуваме на светот, месечината тоа што го чувствуваме кога никој не гледа, а талисманот е тоа во која што веруваме.","Имам и прстен, сонце и месечина. Сонцето нели е тоа што го покажуваме на светот, месечината тоа што го чувствуваме кога никој не гледа, а талисманот е тоа во кое што веруваме.",yes
clips/ddhsfacmf8z_000016.wav,DdHSfaCMf8Z.mp4,76.72,86.04,9.32,Па ме интересира дали ти му веруваш на првиот филинг за некого или си од оној тип на човек што вели не суди пред да запознаеш.,Па ме интересира дали ти му веруваш на првиот филинг за некого или си од оној тип на човек што вели не суди пред да запознаеш.,no
clips/ddhsfacmf8z_000017.wav,DdHSfaCMf8Z.mp4,86.1,95.5,9.4,"И уште поважно кој хороскопски знак си, дали интуицијата има нешто поврзано со твојот хороскопски знак и која карактеристика најмногу ја препознаваш во себе.","И уште поважно кој хороскопски знак си, дали интуицијата има нешто поврзано со твојот хороскопски знак и која карактеристика најмногу ја препознаваш во себе.",no
clips/ddovgsvavkw_000000.wav,DdOvgSVAvKw.mp4,0.0,3.58,3.58,"Смачено ти од класичен пилешки стек, имам вкусен и здрав предлог за тебе.","Смачено ти од класичен пилешки стек, имам вкусен и здрав предлог за тебе.",no
clips/ddovgsvavkw_000001.wav,DdOvgSVAvKw.mp4,3.78,8.7,4.92,"Најпрво, пилешкиот стек го чистиме од джилите и го сечеме обово на коцкички или лентички пожел.","Најпрво, пилешкиот стек го чистиме од жилите и го сечеме убаво на коцкички или лентички по желба",yes
clips/ddovgsvavkw_000002.wav,DdOvgSVAvKw.mp4,8.72,11.04,2.32,Самите бели меса се големи извори на протеини.,Самите бели меса се големи извори на протеини.,no
clips/ddovgsvavkw_000003.wav,DdOvgSVAvKw.mp4,11.16,13.3,2.14,"Протеините на нашето тело му се доста потрени,","Протеините на нашето тело му се доста потрени,",no
clips/ddovgsvavkw_000004.wav,DdOvgSVAvKw.mp4,13.32,16.16,2.84,"бидејќи тие самито чесуваат во многу метаболички процеси,","бидејќи тие самите учествуваат во многу метаболички процеси,",yes
clips/ddovgsvavkw_000005.wav,DdOvgSVAvKw.mp4,16.18,21.22,5.04,"како создавање на мускули, создавање на хормони, ензими, коски, кожа.","како создавање на мускули, создавање на хормони, ензими, коски, кожа.",no
clips/ddovgsvavkw_000006.wav,DdOvgSVAvKw.mp4,21.22,25.02,3.8,"Значи, секаде каде што ќе те текне во нашето тело, имаме није структури од протеини,","Значи, секаде каде што ќе те текне во нашето тело, имаме ние структури од протеини,",yes
clips/ddovgsvavkw_000007.wav,DdOvgSVAvKw.mp4,25.08,27.84,2.76,затоа тие се многу битни да ги внесуваме во изхраната.,затоа тие се многу битни да ги внесуваме во исхраната.,yes
clips/ddovgsvavkw_000008.wav,DdOvgSVAvKw.mp4,27.98,31.2,3.22,"И да, главната прашања, колку протеини јас требам дневно да внесувам?","И да, главното прашање, колку протеини јас треба дневно да внесувам?",yes
clips/ddovgsvavkw_000009.wav,DdOvgSVAvKw.mp4,31.26,35.44,4.18,Треба дневно да внесуваш од врлика грам и пол до два грама на телесна тежина.,Треба дневно да внесуваш одприлика грам и пол до два грама на телесна тежина.,yes
clips/ddovgsvavkw_000010.wav,DdOvgSVAvKw.mp4,35.62,39.66,4.04,"Ако земе, најлесно, ќе дам математички, ако една индивидуа има около 100 кг,","Ако земеме најлесно ќе дадам математички, ако една индивидуа има околу 100 килограми,",yes
clips/ddovgsvavkw_000011.wav,DdOvgSVAvKw.mp4,39.78,43.04,3.26,тој треба да внесува од 150 до 200 грама протеини дневно.,тој треба да внесува од 150 до 200 грама протеини дневно.,no
clips/ddovgsvavkw_000012.wav,DdOvgSVAvKw.mp4,43.04,45.92,2.88,"И како главна дзвезда, ќе го взем песто сосот.",И како главна ѕвезда ќе го земам песто сосот.,yes
clips/ddovgsvavkw_000013.wav,DdOvgSVAvKw.mp4,46.0,48.5,2.5,Ќе го направи пилешкото совершено.,Ќе го направи пилешкото совершено.,no
clips/ddovgsvavkw_000014.wav,DdOvgSVAvKw.mp4,48.68,51.26,2.58,"Трябва да внимавам, бидеќи песто сосот е доста калоричен,","Треба да внимаваме, бидејќи песто сосот е доста калоричен,",yes
clips/ddovgsvavkw_000015.wav,DdOvgSVAvKw.mp4,51.3,55.5,4.2,затоа ќе земе од прилика 2 лажички и ќе ставиме во самото пилешко месо.,затоа ќе земеме отприлика две лажички и ќе ставиме во самото пилешко месо.,yes
clips/ddovgsvavkw_000016.wav,DdOvgSVAvKw.mp4,55.6,59.64,4.04,"А самото песто е доста мрсно, така да нема дополнителна потреба од масло.","А самото песто е доста мрсно, така да нема дополнителна потреба од масло.",no
clips/ddovgsvavkw_000017.wav,DdOvgSVAvKw.mp4,59.8,63.7,3.9,"Потоа, компирите ги сечеме на коцки, ги ставаме исто тука до пилешкото,","Потоа, компирите ги сечеме на коцки, ги ставаме исто тука до пилешкото,",no
clips/ddovgsvavkw_000018.wav,DdOvgSVAvKw.mp4,63.8,65.58,1.78,ги зачинуваме и ги ставаме да се печат.,ги зачинуваме и ги ставаме да се печат.,no
clips/ddovgsvavkw_000019.wav,DdOvgSVAvKw.mp4,65.74,69.66,3.92,Оброкот е готов. Јам 250 гр. пилешки стек и 250 гр. компир.,"Оброкот е готов, Имам 250грама пилешки стек и 250 грама компир.",yes
clips/ddovgsvavkw_000020.wav,DdOvgSVAvKw.mp4,69.66,76.46,6.8,"Обрукот има 650 калории, скоро 90 грама протини, 50 грама јагле хидрати и само 10 грама масти.","Оброкот има 650 калории, скоро 90 грама протеини, 50 грама јаглехидрати и само 10 грама масти.",yes
clips/ddovgsvavkw_000021.wav,DdOvgSVAvKw.mp4,76.88,80.54,3.66,"Одличен, високопротински обрук кој ште ќе ти ги задоволи твоите потреби.","Одличен, високопротеински оброк кој што ќе ти ги задоволи твоите потреби.",yes
clips/ddovgsvavkw_000022.wav,DdOvgSVAvKw.mp4,80.62,83.9,3.28,"А тебе, ако ти се допла нова видео, стави лайк и заследи го на мојот профил.","А тебе, ако ти се допадна ова видео, стави лајк и заследи го мојот профил.",yes
clips/ddpdux0oimz_000000.wav,DdPDUX0OIMz.mp4,0.0,3.34,3.34,Ми спративте десетици пораки со едно мени од наша градинка.,Ми спративте десетици пораки со едно мени од наша градинка.,no
clips/ddpdux0oimz_000002.wav,DdPDUX0OIMz.mp4,4.14,7.9,3.76,"На менито има тортици, лепсокрем, банички, млеко со бисквити.","На менито има тортици, леб со крем, банички, млеко со бисквити.",yes
clips/ddpdux0oimz_000003.wav,DdPDUX0OIMz.mp4,8.0,12.14,4.14,И секојаш прашањето е како како нутриционист можеш да го прокоментираш ова.,И секогаш прашањето е како како нутриционист можеш да го прокоментираш ова.,yes
clips/ddpdux0oimz_000004.wav,DdPDUX0OIMz.mp4,12.24,14.92,2.68,"Нормално дека не се согласувам со изборот на маквата храна,","Нормално дека не се согласувам со изборот на ваквата храна,",yes
clips/ddpdux0oimz_000005.wav,DdPDUX0OIMz.mp4,14.92,20.14,5.22,"ама, ајде да погледнеме целата слика затоа што проблемот е малку по-комплициран.","ама, ајде да погледнеме целата слика затоа што проблемот е малку покомплициран.",yes
clips/ddpdux0oimz_000006.wav,DdPDUX0OIMz.mp4,20.3,21.42,1.12,"Прво, божетот.","Прво, буџетот.",yes
clips/ddpdux0oimz_000007.wav,DdPDUX0OIMz.mp4,21.44,24.68,3.24,Менито за градинка или училиште мора да биде финансиски издржливо.,Менито за градинка или училиште мора да биде финансиски издржливо.,no
clips/ddpdux0oimz_000008.wav,DdPDUX0OIMz.mp4,24.68,30.66,5.98,"А кога парите се ограничени, тогаш многу лесно завршуваме со печива, бисквити, сладки производи,","А кога парите се ограничени, тогаш многу лесно завршуваме со печива, бисквити, слатки производи,",yes
clips/ddpdux0oimz_000009.wav,DdPDUX0OIMz.mp4,30.68,34.34,3.66,"ефтини се, практични, децата најштосто ги сакаат и ги јадат.","ефтини се, практични, децата најчесто ги сакаат и јадат.",yes
clips/ddpdux0oimz_000010.wav,DdPDUX0OIMz.mp4,34.48,37.9,3.42,Ама тоа не значи дека со сличен буджет не може да се изработи по-добра менеј.,Ама тоа не значи дека со сличен буџет не може да се изработи подобро мени.,yes
clips/ddpdux0oimz_000011.wav,DdPDUX0OIMz.mp4,37.94,39.92,1.98,Ама тука доаѓаме до поголемиот проблем.,Ама тука доаѓаме до поголемиот проблем.,no
clips/ddpdux0oimz_000012.wav,DdPDUX0OIMz.mp4,40.1,41.5,1.4,Кој го составува менето?,Кој го составува менито?,yes
clips/ddpdux0oimz_000013.wav,DdPDUX0OIMz.mp4,41.6,45.86,4.26,Дали има нутриционист кој гледа што детето добива во текот на целата недола?,Дали има нутриционист кој гледа што детето добива во текот на целата недела?,yes
clips/ddpdux0oimz_000014.wav,DdPDUX0OIMz.mp4,46.0,49.84,3.84,"Дали има доволно протеини, зеленчук, овоје, интегрални житарки?","Дали има доволно протеини, зеленчук, овошје, интегрални житарки?",yes
clips/ddpdux0oimz_000015.wav,DdPDUX0OIMz.mp4,49.84,54.08,4.24,Дали има разновидност воопшто? Плюс има уште еден проблем за кој многу често забораваме.,Дали има разновидност воопшто? Плус има уште еден проблем за кој многу често забораваме.,yes
clips/ddpdux0oimz_000016.wav,DdPDUX0OIMz.mp4,54.12,60.22,6.1,Пред неколку години колешка нутриционист воведе леќе и грашок во училишно мени и делот од родителите реагираа,Пред неколку години колешка нутриционист воведе леќа и грашок во училишно мени и делот од родителите реагираа,yes
clips/ddpdux0oimz_000017.wav,DdPDUX0OIMz.mp4,60.22,62.14,1.92,«Децата ке ни останат гладни».,Децата ке ни останат гладни.,yes
clips/ddpdux0oimz_000018.wav,DdPDUX0OIMz.mp4,62.14,68.16,6.02,Јас лично сум прегледувал училишно менија и кога ќе прашам «Мора ли толку често во неделата да има баничка?»,Јас лично сум прегледувал училишни менија и кога ќе прашам „Мора ли толку често во неделата да има баничка?“,yes
clips/ddpdux0oimz_000019.wav,DdPDUX0OIMz.mp4,68.16,70.78,2.62,Одговорот е «Ама тоа децата најмногу го сакаат».,Одговорот е «Ама тоа децата најмногу го сакаат».,no
clips/ddpdux0oimz_000020.wav,DdPDUX0OIMz.mp4,70.78,75.74,4.96,"Значи сакаме поздрава искрана, ама често ако се понуди поздрава опција, се јаува и отпор.","Значи сакаме поздрава искрана, ама често ако се понуди поздрава опција, се јаува и отпор.",no
clips/ddpdux0oimz_000021.wav,DdPDUX0OIMz.mp4,79.84,83.88,4.04,истински треба да се крене свеста во креирањето на аменијата во граденки училишта,Вистински треба да се крене свеста во креирањето на менијата во градинки и училишта,yes
clips/ddpdux0oimz_000022.wav,DdPDUX0OIMz.mp4,83.88,86.66,2.78,и мора реално да учествува и стручнолица за искрана.,и мора реално да учествува и стручно лице за исхрана.,yes
clips/ddpdux0oimz_000023.wav,DdPDUX0OIMz.mp4,86.68,89.66,2.98,"Не сега за надеса да им сервира брокула и киноа секој ден,","Не сега за на децата да им се сервира брокула и киноа секој ден,",yes
clips/ddpdux0oimz_000024.wav,DdPDUX0OIMz.mp4,89.72,94.12,4.4,туку во рамките на реалниот буджет да направи по-добри балансирани оброци.,туку во рамките на реалниот буџет да направи подобри балансирани оброци.,yes
clips/ddpdux0oimz_000025.wav,DdPDUX0OIMz.mp4,94.28,95.82,1.54,И сега ме интересира вашето мислење.,И сега ме интересира вашето мислење.,no
clips/ddpdux0oimz_000026.wav,DdPDUX0OIMz.mp4,95.88,101.74,5.86,Дали според вас проблемот е само во парите или и во навиките што децата си ги носат од дома?,Дали според вас проблемот е само во парите или и во навиките што децата си ги носат од дома?,no
