file_name,video,start,end,duration,whisper_text,corrected_text,was_edited
clips/7614176017476848914_000000.wav,7614176017476848914.mp4,0.0,3.78,3.78,"Кога ќе спомнеме студентско организирање и студентско тело,","Кога ќе спомнеме студентско организирање и студентско тело,",no
clips/7614176017476848914_000001.wav,7614176017476848914.mp4,3.82,9.24,5.42,веднаш на тие студенти им се припишува дека застапуваат интереси,веднаш на тие студенти им се препишува дека застапуваат интереси,yes
clips/7614176017476848914_000002.wav,7614176017476848914.mp4,9.24,12.94,3.7,на одредена политичка партија или дека сакаат да спроведат,на одредена политичка партија или дека сакаат да спроведат,no
clips/7614176017476848914_000003.wav,7614176017476848914.mp4,12.94,14.98,2.04,одредена политичка пропаганда.,одредена политичка пропаганда.,no
clips/7614176017476848914_000005.wav,7614176017476848914.mp4,16.1,21.62,5.52,"Секуј си има право да си биде определен политички, приватно.","Секој си има право да си биде определен политички, приватно.",yes
clips/7614176017476848914_000006.wav,7614176017476848914.mp4,21.96,24.92,2.96,"Но тоа, доколку е вешено во студентскиот активизм,","Но тоа, доколку е вмешано во студентскиот активизм,",yes
clips/7614176017476848914_000007.wav,7614176017476848914.mp4,25.64,29.46,3.82,не е етички само доколку не знае да се стави разлика и граница.,не е етички само доколку не знае да се стави разлика и граница.,no
clips/7614176017476848914_000008.wav,7614176017476848914.mp4,30.1,39.3,9.2,"Има луѓе, како што ги кажува, кои што се вмешани во партија и имаат приватен партијски живот, кај што се партијски активни,","Има луѓе, како што ги кажуваш, кои што се вмешани во партија и имаат приватен партиски живот, кај што се партиски активни,",yes
clips/7614176017476848914_000009.wav,7614176017476848914.mp4,39.36,50.33,10.97,"но имаме луѓе кои што истите тие луѓе се вмешани во студенцки активизам не директно, но тоа не го мешаат со своите приватни определби.","но имаме луѓе кои што истите тие луѓе се вмешани во студентски активизам не директно, но тоа не го мешаат со своите приватни определби.",yes
clips/7614176017476848914_000010.wav,7614176017476848914.mp4,50.77,57.01,6.24,Не е етички доколку тие луѓе не знаат да направат разлика и се чисти партијски патрони.,Не е етички доколку тие луѓе не знаат да направат разлика и се чисти партијски патрони.,no
clips/7615629414516247815_000000.wav,7615629414516247815.mp4,0.0,3.24,3.24,Јас ја водам таа иницијатива за заголемување на студентскиот оброк,Јас ја водам таа иницијатива за зголемување на студентскиот оброк,yes
clips/7615629414516247815_000001.wav,7615629414516247815.mp4,3.24,4.52,1.28,само по барање на студентите.,само по барање на студентите.,no
clips/7615629414516247815_000003.wav,7615629414516247815.mp4,5.56,10.6,5.04,"Економски гледано, тој студентски оброк, доколку се инвестира,","Економски гледано, тој студентски оброк, доколку се инвестира,",no
clips/7615629414516247815_000004.wav,7615629414516247815.mp4,11.26,13.72,2.46,"е многу поврзо ке имаме зграда на Финки,","е многу побрзо ке имаме зграда на Финки,",yes
clips/7615629414516247815_000005.wav,7615629414516247815.mp4,13.88,15.38,1.5,"многу поврзо ке имаме дивки на зграда,","многу поврзо диф ќе има зграда,",yes
clips/7615629414516247815_000006.wav,7615629414516247815.mp4,15.54,18.82,3.28,многу поврзо ке се реконструират студентските домовини.,многу побрзо ке се реконструират студентските домовини.,yes
clips/7615629414516247815_000007.wav,7615629414516247815.mp4,18.92,21.92,3.0,Нема да ни треба донација од Европска Унија.,Нема да ни треба донација од Европска Унија.,no
clips/7615629414516247815_000008.wav,7615629414516247815.mp4,22.04,23.86,1.82,Нема да ни треба такви нас донација.,Нема да ни требаат такви нас донации.,yes
clips/7615629414516247815_000009.wav,7615629414516247815.mp4,23.86,29.04,5.18,"Ние дефинитивно, значит, околу 14 до 15 милиони евра се вложуваат","Ние дефинитивно, значи, околу 14 до 15 милиони евра се вложуваат",yes
clips/7615629414516247815_000010.wav,7615629414516247815.mp4,29.04,34.72,5.68,секој пат во студенцки оброк. Тоа се пари кои што наистина,секој пат во студентски оброк. Тоа се пари кои што навистина,yes
clips/7615629414516247815_000011.wav,7615629414516247815.mp4,34.72,39.66,4.94,"можат да се искористат за многу работи. Но, сепак, јас не сметам","можат да се искористат за многу работи. Но, сепак, јас не сметам",no
clips/7615629414516247815_000012.wav,7615629414516247815.mp4,39.66,42.38,2.72,дека сите студенти не треба да заемаат студенцки оброк,дека сите студенти не треба да заемаат студентски оброк,yes
clips/7615629414516247815_000013.wav,7615629414516247815.mp4,42.38,44.48,2.1,или дека не треба да им се покачи.,или дека не треба да им се покачи.,no
clips/7615629414516247815_000014.wav,7615629414516247815.mp4,44.52,46.82,2.3,Ама имаме социјални категории кои што наистина,Ама имаме социјални категории кои што навистина,yes
clips/7615629414516247815_000015.wav,7615629414516247815.mp4,46.82,49.02,2.2,този студенцки оброк ќе го користат за оброк.,тој студентски оброк ќе го користат за оброк.,yes
clips/7615629414516247815_000016.wav,7615629414516247815.mp4,49.14,50.86,1.72,Нема да го користат за други работи.,Нема да го користат за други работи.,no
clips/7620163994858392840_000000.wav,7620163994858392840.mp4,0.0,11.04,11.04,"Денеска се одеме на Исаро, да дај ги гледачи. Денеска е 22. март, ден на пролета и на овај ден, за сите ние кои што сме од Штип е празник, води дошов одеме на Исаро.","Денеска се оде на Исаро, драги гледачи, денеска е дваесет и втори Март, ден на пролетта и на овај ден, за сите ние кои што сме од Штип е празник, заради тоа шо одеме на Исаро.",yes
clips/7620163994858392840_000001.wav,7620163994858392840.mp4,15.88,18.76,2.88,"Значи вака, има неколку теории што се праве на овај ден.","Значи вака, има неколку теории што се праве на овај ден.",no
clips/7620163994858392840_000002.wav,7620163994858392840.mp4,18.98,29.18,10.2,"Треба да се искачеш најгоре на Исаро, значи на врво на Исаро и затоа што има 40 скали за 40 маченици.","Треба да се искачеш најгоре на Исаро, значи на врво на Исаро и затоа што има 40 скали за 40 маченици.",no
clips/7620163994858392840_000003.wav,7620163994858392840.mp4,29.18,54.02,24.84,"И сега има различни теории што се браја нели на овај ден, меѓу кој едната теорија, тоа е теоријата која јас јас ја правив кога беше мала, поздравуваш се со 40 машки нагоре, нели како се качуваш кој Сарок, се поздравуваш со 39 машки и 40-иот треба да го бациш, значи не се поздравиш најнормално, туку го бациш, сакаш симпатијата.","И сега има различни теории што се праве нели на овај ден,",yes
clips/7620163994858392840_000004.wav,7620163994858392840.mp4,54.02,63.06,9.04,и многу луѓе ќуваш си во тај кој што ти ја 40 и тоа е за твојата симпатија сак што ти симпатија тие 40.,"меѓу кој едната теорија, тоа е теоријата која јас јас ја правив ког",yes
clips/7620163994858392840_000005.wav,7620163994858392840.mp4,63.64,72.28,8.64,"Едната теорија, теоријато кој што јас ќе правам, друга теорија е да се качеш горе на брво и фрлеш горе од брво 40 каменчинја","а беше мала, поздравуваш се со 40 машки нагоре, нели како се качува",yes
clips/7620163994858392840_000006.wav,7620163994858392840.mp4,72.28,80.86,8.58,"и 40-тото каменче не го фрлеш, туку си го зачуваш и си домислиш желба, си го ставиш каменчето под перницата","и 40-тото каменче не го фрлеш, туку си го зачуваш и си замислеш желба,си го ставиш каменчето под перницата",yes
clips/7620163994858392840_000007.wav,7620163994858392840.mp4,80.86,86.78,5.92,"и таа желба да се исполне. И на мене стварно ми се ми исполнеа се таа желба, не знам дали е конфиденција,","и таа желба да се исполне. И на мене стварно ми се има исполнето таа желба, не знам дали е коинциденција.",yes
clips/7620163994858392840_000008.wav,7620163994858392840.mp4,86.86,93.22,6.36,"али, това, сигурно сум дека има и многу други теории, еве може да компутирате луѓе кои што се очетират,","али, сигурна сум дека има и многу други теории, еве можат да коментират луѓе кои што се од Штип,",yes
clips/7620163994858392840_000009.wav,7620163994858392840.mp4,94.26,100.92,6.66,"али, ајде да ви покажам како изгледа у ствари овај ден и како изгледа патот кон врване и савро.",али ајде да ви покажам како изгледа уствари овај ден и како изгледа патот кон врвот на исарот.,yes
clips/7620163994858392840_000011.wav,7620163994858392840.mp4,118.12,123.58,5.46,"Поред некоја година, тук нека да имаше... Продава се пелинја.","Пред некоја година, тука некаде имаше.. Продаваа се пилиња.",yes
clips/7620163994858392840_000012.wav,7620163994858392840.mp4,125.54,129.64,4.1,Тоа беше една и единствена година која ќе ја виде дека се во стари продава пелинја.,Тоа беше една и единствена година каде што јас виде дека се уствари продаваат пилиња.,yes
clips/7620163994858392840_000013.wav,7620163994858392840.mp4,132.1,135.78,3.68,Надејам се дека и оваа година ќе се продава джим и сега ќе си купам и ќе го изчувам.,Надевам се дека и оваа година ќе се продава жими се ќе си купам и ќе го исчувам.,yes
clips/7620163994858392840_000014.wav,7620163994858392840.mp4,142.2,144.18,1.98,Произгледа и е многу угарничева.,Еве како изгледа и е многу угорничево.,yes
clips/7620163994858392840_000015.wav,7620163994858392840.mp4,144.18,151.76,7.58,и од таму нека да почнуват скалите и е напето.,и оттаму некаде почнуваат скалите и е напето,yes
clips/7620163994858392840_000016.wav,7620163994858392840.mp4,152.4,155.0,2.6,"Да се напето физички, астораните се ополучките.","Мислам напето, физички ставро е исцрпувачки.",yes
clips/7620163994858392840_000017.wav,7620163994858392840.mp4,155.02,157.14,2.12,Ако размислам како сме го правиле ово како маѓу.,Ако размислам како сме го правиле ово како мали.,yes
clips/7620163994858392840_000018.wav,7620163994858392840.mp4,161.93,164.75,2.82,"Едно кај не знам дали знаеш, ама штипе цели овака","Инаку не знам дали знаеш,пример Штип е целио вака",yes
clips/7620163994858392840_000020.wav,7620163994858392840.mp4,166.79,169.67,2.88,"и заради тоа не е толку препараќливо,","и заради тоа не е толку препорачливо,",yes
clips/7620163994858392840_000021.wav,7620163994858392840.mp4,170.49,171.81,1.32,мислам не е препараќливо.,"мислам не е препорачливо,",yes
clips/7620163994858392840_000022.wav,7620163994858392840.mp4,171.89,172.95,1.06,"Не можеш да возиш точок,","Не можеш да возиш точок,",no
clips/7620163994858392840_000023.wav,7620163994858392840.mp4,174.07,181.93,7.86,"Пример да градско превозно средстват и да точак, не може заради тоа што е многу горничево и долничево.","Пример да градско превозно средство ти биде точок, не може заради тоа што е многу угорничево и удолничево.",yes
clips/7620163994858392840_000024.wav,7620163994858392840.mp4,184.39,188.27,3.88,И после некоја време стигме да го шукаеме црквата.,И после некое време стигнуваш кај црквата.,yes
clips/7620163994858392840_000025.wav,7620163994858392840.mp4,189.43,193.65,4.22,"Свети Архангел Михаил, мислам дека се вика и на факултет.","Свети Архангел Михаил, мислам дека се вика и на факултет.",no
clips/7620163994858392840_000026.wav,7620163994858392840.mp4,195.29,204.04,8.75,"Професорката по историја на Македонија, значи душата ни ја извади за овие цркви кои што биле градени во овај период.","Професорката по историја на Македонија, значи душата ни ја извади за овие цркви кои што биле градени во овај период.",no
clips/7620163994858392840_000027.wav,7620163994858392840.mp4,204.14,207.08,2.94,И оваа црква ми се поднана мене некој лопки уздан.,И оваа црква ми се падна на мене на колоквиум.,yes
clips/7620163994858392840_000028.wav,7620163994858392840.mp4,209.98,211.42,1.44,Нека знам дека знае все.,Нормално дека знаев се.,yes
clips/7620163994858392840_000029.wav,7620163994858392840.mp4,212.36,213.56,1.2,Има срекичка.,Има среќичка.,yes
clips/7620163994858392840_000030.wav,7620163994858392840.mp4,244.82,245.86,1.04,Многу скали.,Многу скали.,no
clips/7620163994858392840_000031.wav,7620163994858392840.mp4,246.08,248.5,2.42,Стигнеш некаде во средината.,Стигнеш некаде во средината.,no
clips/7620163994858392840_000032.wav,7620163994858392840.mp4,248.93,254.05,5.12,"И имаш, исто така, некои какво тескички, окей.","И имаш, исто така некои како тезгички, океј",yes
clips/7620163994858392840_000033.wav,7620163994858392840.mp4,254.09,260.61,6.52,И еве ги спомениците кои што се по број 40 за 40 маченици.,И еве ги спомениците кои што се по број 40 за 40 маченици.,no
clips/7620163994858392840_000035.wav,7620163994858392840.mp4,306.67,309.11,2.44,Оваќи сега ќувам и треба да дземисам за оба.,Овоа ќе си го чувам и треба да си замислам желба.,yes
clips/7630833456850799892_000000.wav,7630833456850799892.mp4,0.0,3.06,3.06,Има ли некој кој што прв ги гледа видејата која ќе ги измунтираш?,Има ли некој кој што прв ги гледа видеата кога ќе ги измонтираш?,yes
clips/7630833456850799892_000001.wav,7630833456850799892.mp4,3.52,9.72,6.2,"Јас, значи, аз кога ги мунтирам видеја, јас го гледам по сто пати, значи ќе го измунтирам, првиш не го оставам телефона или компјутерот, зависи.","Јас, значи јас кога монтирам видеа, јас го гледам по сто пати, значи ќе го измонтирам првично ќе го оставам телефонот или компјутерот зависи.",yes
clips/7630833456850799892_000002.wav,7630833456850799892.mp4,10.02,19.02,9.0,"После саат време, повторно го отварам, гледам дали ми фали нешто и вообишто на децата, со моите деца, кои што, нели Бабаружи и ФНУЦите,","После саат време повторно го отварам гледам дали ми фали нешто и вообичаено на децата, со моите деца, кои што, нели баба Ружа и внуците",yes
clips/7630833456850799892_000003.wav,7630833456850799892.mp4,19.02,24.52,5.5,"во сочност тие се и фнуците, кои ми помагаат и знаат по неква што критика да дадат, иако се мали.",всушност тие се и внуците и кои ми помагаат и знаат понекогаш и критика да дадат иако се мали.,yes
clips/7630833456850799892_000006.wav,7630833456850799892.mp4,27.66,28.92,1.26,Единааесет и седом.,Единааесет и седом.,no
clips/7630833456850799892_000007.wav,7630833456850799892.mp4,29.82,32.62,2.8,Кој повеќе ти помага? Или двајцата се вклучене?,Кој повеќе ти помага? Или двајцата се вклучени?,yes
clips/7630833456850799892_000008.wav,7630833456850799892.mp4,32.8,35.64,2.84,"И двајцата помага, да, реално и двајцата помага.","И двајцата помагаат, да, реално и двајцата помагат",yes
clips/7630833456850799892_000009.wav,7630833456850799892.mp4,35.7,39.2,3.5,"И морам да кажам дека работат, они буквално работат за мене за хонорар.","И морам да кажам дека работат, они буквално работат за мене за хонорар.",yes
clips/7630833456850799892_000010.wav,7630833456850799892.mp4,39.36,42.1,2.74,"За хонорар? Да, тоа ми кажа која се слушавме.",За хонорар? Да тоа ми кажа и кога се слушнавме.,yes
clips/7630833456850799892_000011.wav,7630833456850799892.mp4,42.14,43.38,1.24,Имаат хонорар и...,Имаат хонорар и...,no
clips/7630833456850799892_000012.wav,7630833456850799892.mp4,43.38,45.42,2.04,"Добро го, како хонорар. Договорене сте фикснал?","Добро, колкав хонорар? Договорени сте фиксно?",yes
clips/7630833456850799892_000013.wav,7630833456850799892.mp4,45.42,51.02,5.6,"Да, да, да. 500 денари и си купуваат глупости од маркет,","Да, да, да. 500 денари и си купуваат глупости од маркет,",no
clips/7630833456850799892_000014.wav,7630833456850799892.mp4,51.06,53.1,2.04,"значи соки и нешто, благо или чипс.",значи сок и нешто благо или чипс.,yes
clips/7630833456850799892_000015.wav,7630833456850799892.mp4,53.5,55.82,2.32,Па толку е за 500 денари денеска?,Па толку е за 500 денари денеска?,no
clips/7630833456850799892_000016.wav,7630833456850799892.mp4,56.02,58.16,2.14,"Плус 500 денари, тоа е хранарина.","Плус 500 денари, тоа е хранарина.",no
clips/7630833456850799892_000017.wav,7630833456850799892.mp4,59.34,62.1,2.76,"Чекай сега. 500 денари е хранарина, плус...","Чекај сега, петстотина денари е хранарина, плус..",yes
clips/7630833456850799892_000018.wav,7630833456850799892.mp4,62.1,63.74,1.64,"Не, 500 денари си е хонораро.","Не, 500 денари си е хонораро.",no
clips/7630833456850799892_000021.wav,7630833456850799892.mp4,65.08,68.4,3.32,"А, плус хранарина. Добро, хранарината не е вклучена.","А, плус хранарина. Добро, хранарината не е вклучена.",yes
clips/7630833456850799892_000022.wav,7630833456850799892.mp4,69.18,72.84,3.66,"Хранарината може и повеќе од хонорар, некојаш дочини.","Хранарината може и повеќе од хонорар, некогаш да чини.",yes
clips/7630833456850799892_000023.wav,7630833456850799892.mp4,72.84,75.8,2.96,"Да, да. И се мотивират и сакат, нели?","Да, да. И се мотивират и сакат, нели?",no
clips/7630833456850799892_000024.wav,7630833456850799892.mp4,76.04,77.24,1.2,Тоа е многу убаво.,Тоа е многу убаво.,no
clips/7630833456850799892_000025.wav,7630833456850799892.mp4,77.24,80.08,2.84,"Да ма ги прашувам, секој кога ги прашувам, нема тука да снимем.","Да ама ги прашувам, секогаш ги прашувам, нема тука ај да снимаме",yes
clips/7630833456850799892_000026.wav,7630833456850799892.mp4,80.1,85.1,5.0,"Дали сакате да снимаме, може ќе го научиме тоа, по правил.","Дали сакате да снимаме, може ќе го научиш ли тоа, значи по правило.",yes
clips/7635359970418101512_000000.wav,7635359970418101512.mp4,0.0,7.12,7.12,"Што сум си купила од Египет, и ако случајно некоја што одеш за Египет, да знаеш што можеш да си купиш, значи ово е препорака од мене.","Што сум си купила од Египет, и ако случајно некоја што одеш за Египет, да знаеш што можеш да си купиш, значи ово е препорака од мене.",no
clips/7635359970418101512_000001.wav,7635359970418101512.mp4,7.2,14.82,7.62,"First things first, јас се лезе у аптеката, решава, имате ли нешто за коса, некој е оил, I don't know, препорачи ми, земи ми ги парите.","First things first, јас влезе у аптеката, прашав имате ли нешто за коса, некој oil, I don't know, препорачај ми, земи ми ги парите.",yes
clips/7635359970418101512_000002.wav,7635359970418101512.mp4,14.96,21.54,6.58,"Ја рече, да, овоа ти е добро, Amla Hair Serum, Snake Oil, 7 евро, ово коштеше.","И он рече, овоа ти е добро, Amla Hair Serum, Snake Oil, 7 евро,овоа кошташе.",yes
clips/7635359970418101512_000003.wav,7635359970418101512.mp4,21.54,30.0,8.46,"Следно нешто е млеко за тело, млеко од Камила. Исто така ми препоречава на инстаграм дека треба да си купам млеко за тело од млеко од Камила и од млеко од Магара.","Следно нешто е млеко за тело, млеко од Камила. Исто така м",yes
clips/7635359970418101512_000004.wav,7635359970418101512.mp4,30.18,33.84,3.66,"И е, веќе, пакувањцето беше некаде околу 4,5 евро.","И еве го пакувањето, беше некаде околу 4,5 евра.",yes
clips/7635359970418101512_000005.wav,7635359970418101512.mp4,33.94,45.34,11.4,"Парфем египетски, 25 евро и убаво мирише, али и отпосле Сванадико свари требао некој нефертити парфем да го купам, а овај ми го правиа посебно на мене, значи со ванила и дрво мирише.","Парфем египетски, 25 евра и убаво мириса,ама отпосле сфатив дека требало некој нефертити парфем да го купам, а овај ми го правија посебно за мене, значи со ванила и дрво мириса.",yes
clips/7635359970418101512_000006.wav,7635359970418101512.mp4,45.34,63.1,17.76,"Следно е оваа крема, истака препоречате ми ја да си ја купам, значи египетска крема за болка која што е многу функционирала, ово е мини пакување, значи постојат и поголеми пакувања, јас го купи минито и ово која што ќе 3 евра, мирише на ментол, има си некои ствари у него, гледаш ЕВС, 100% природно, it's fine.","Следно е оваа крема, исто така препорачате ми ја да си ја купам, значи египетска крема за болка која што е многу функционална. Овоа е мини пакување, значи постоат и поголеми пакувања, јас го купи минито и овоа кошташе 3 евра, мириса на ментол има некои ствари у него, гледаш еве се е 100 посто природно, It's fine.",yes
clips/7635359970418101512_000007.wav,7635359970418101512.mp4,63.1,68.44,5.34,Сеја сте ви ask me a question на инстаграм и вие ми кажат дека си изнекупувам работи и јава се ми јас си купи.,"Јас стави ask me a question на инстаграм и вие ми кажавте да си изнакупувам работи и еве сум јас, си ги купив.",yes
clips/7635359970418101512_000008.wav,7635359970418101512.mp4,68.64,77.78,9.14,"Следно е ово, значи ово не е оил, тука е исто така крема, ама е од Black Seeds, значи исто имаше препореки да си купам оил од Black Seeds.","Следно е ово, значи ово не е оил, туку е исто така крема, ама е од Black Seeds, значи исто имаше препореки да си купам оил од Black Seeds.",yes
clips/7635359970418101512_000009.wav,7635359970418101512.mp4,77.96,80.34,2.38,"И ја мислиш дека оил сум купила, аље ова е крема.","И ја мислеше дека сум си оил купила, ама овоа е крема.",yes
clips/7635359970418101512_000010.wav,7635359970418101512.mp4,80.46,83.64,3.18,"Што ми продадат, јас кажам дај, тоа е мојата тактика.","Што ми продадат, јас кажам дај, тоа е мојата тактика.",no
clips/7635359970418101512_000011.wav,7635359970418101512.mp4,83.76,86.18,2.42,Ева како изгледа и мирише многу чудно.,Ева како изгледа и мирише многу чудно.,no
clips/7635359970418101512_000012.wav,7635359970418101512.mp4,86.18,90.78,4.6,"Следно е оваа мисвак паста, која што сите ми препоречава да си ја купам.","Следно е оваа мисвак паста, која што сите ми ја препорачаа да си ја купам.",yes
clips/7635359970418101512_000013.wav,7635359970418101512.mp4,90.8,93.42,2.62,Јас стварно не знам што е толку по-синокула е оваа паста.,Јас стварно не знам што е толку посебно околу оваа паста.,yes
clips/7635359970418101512_000014.wav,7635359970418101512.mp4,93.48,97.14,3.66,"Али у аптеката, ако улезеш, значи прво ти е наредено цел рафт,","Али у аптеката, ако улезеш, значи прво ти е наредено цел рафт,",no
clips/7635359970418101512_000015.wav,7635359970418101512.mp4,97.22,100.36,3.14,"в.к. елка со оваа паста, која штоше 2 евро.","вака елка со оваа паста, која што кошташе две евра.",yes
clips/7635359970418101512_000016.wav,7635359970418101512.mp4,100.48,103.62,3.14,"Може би е природна и убава, не знам е ли да не зборам пред време.","Можеби е природна и убава, не знам еве да не зборам пред време.",yes
clips/7635359970418101512_000018.wav,7635359970418101512.mp4,107.62,110.48,2.86,"И следно што сум се купила, тоа е ово стапче.","И следно што сум се купила, тоа е ова стапче.",yes
clips/7635359970418101512_000019.wav,7635359970418101512.mp4,110.48,117.14,6.66,"Задоша у Египет порано, немале четки за заби и сетоа, и имат стапчинја такви.",Затоа што во Египет порано немале нели четки за заби и се тоа и имат стапчиња такви.,yes
clips/7635359970418101512_000020.wav,7635359970418101512.mp4,117.34,120.66,3.32,"Ајде да пробаме, јас се извинявам, нали го мора да се десам.","Ајде да пробаме, јас се извињавам, нели мора се да се проба.",yes
clips/7635359970418101512_000021.wav,7635359970418101512.mp4,120.78,122.36,1.58,"Ок, ева го стапчето.","Ок, еве го стапчето.",yes
clips/7635359970418101512_000022.wav,7635359970418101512.mp4,127.28,130.34,3.06,"Буквално оцето како мирише, најлучиот оцето, тај.","Буквално оцет како мириса, најлошио оцет, тај.",yes
clips/7635359970418101512_000024.wav,7635359970418101512.mp4,135.17,140.75,5.58,Среки што сум мрдена по новата ера и не сум морала да користувам вакуолот и...,Среќа што сум родена во поновата ера и не сум морала да користам вакво оти...,yes
clips/7635359970418101512_000025.wav,7635359970418101512.mp4,141.27,144.77,3.5,"Last but not least, што сум си купила и ово е оттука и се вика","Last but not least, што сум си купила и овоа е од тука и се вика",yes
clips/7635359970418101512_000026.wav,7635359970418101512.mp4,144.77,150.01,5.24,"Блу Лотос Хербелти, чај од Блу Лотос, кој што ми кажаа да си го купам таму,","Blue Lotus Herbal Tea, чај од Блу Лотос, кој што ми кажаа да си го купам таму,",yes
clips/7635359970418101512_000027.wav,7635359970418101512.mp4,150.09,152.47,2.38,"меѓутоа јас таму го бера и немаа го никаде, замисли.","меѓутоа јас таму го бара и немаа го никаде, замисли.",yes
clips/7635359970418101512_000028.wav,7635359970418101512.mp4,152.55,154.31,1.76,"Екшелј, бил заврнајет да се продава.",Actually бил забранет да се продава.,yes
clips/7635359970418101512_000029.wav,7635359970418101512.mp4,154.43,157.65,3.22,"Кажува дека има како седативно действо некој или смежувало,","Кажува дека има како седативно дејство некое или смирувало,",yes
clips/7635359970418101512_000030.wav,7635359970418101512.mp4,157.79,160.47,2.68,ама оно е како не се препорачува да возиш кола.,ама оноа како не се препорачува да возиш кола.,yes
clips/7635359970418101512_000031.wav,7635359970418101512.mp4,160.53,164.51,3.98,"И евре го, 900 денара кошта, 30 грама.","И евре го, 900 денара кошта, 30 грама.",no
clips/7635359970418101512_000032.wav,7635359970418101512.mp4,164.71,170.93,6.22,"Вечер ќе си направам, па ќе напишам во описто на видеото каков ефект има и дали ми се стига.","Вечер ќе си направам, па ќе напишам во описто на видеото каков ефект има и дали ми се свиѓа.",yes
clips/7635359970418101512_000033.wav,7635359970418101512.mp4,170.93,179.03,8.1,"И бај до веј, морам да кажам за тоа што нашиот водич не однесе на едно место, таму една забутана као стоковна куќа или whatever that is,","И By the way, морам да кажам за тоа што нашиот водич не однесе на едно место, таму една забутана како стоковна куќа или whatever that is,",yes
clips/7635359970418101512_000034.wav,7635359970418101512.mp4,179.11,186.81,7.7,"и унатри имаше се, значи, од накид до сите овие работи, до креми, до чинијички, украси, се живо,","и внатре имаше се, значи од накит до сите овие работи, до креми, до чинијчки, украси, се живо,",yes
clips/7635359970418101512_000035.wav,7635359970418101512.mp4,186.81,191.95,5.14,"и на сесија пишуваше цената, пишува се ја цената на самиот производ кој е, и таа е, свај кеш.","и на се си ја пишуваше цената,пишува си ја цената на самио производ која е и таа е, сфаќаш.",yes
clips/7635359970418101512_000036.wav,7635359970418101512.mp4,192.01,195.65,3.64,"Еве, пишува ми и таа у коментар, како се вика, може да се ја најдеш на Google Maps.","Еве пишувам ја и таа у коментар, како се вика, можеш да ја најдеш на Google Maps.",yes
clips/7635359970418101512_000037.wav,7635359970418101512.mp4,195.65,199.13,3.48,"Јас се искривам би сакала пак да одем во Кургала, преубава се поминаме.","Јас искрено би сакала пак да одам во Хургада, преубаво си поминаме.",yes
clips/7638352073045576978_000000.wav,7638352073045576978.mp4,0.0,16.2,16.2,"Добро дојде во македонски тикток, кред две недели или нешто така, ја има фотосеција и јас си да си купам некој сет за вежбање и најде еден прекрасен сет од Нью Йоркер.","Добро дојде во македонски тикток, пред две недели или нешто така, јас имав фотосесија и I was like, I have to be hot for this photoshoot и јас отиде да си купам некој сет за вежбање и најдов еден прекрасен сет од New Yorker.",yes
clips/7638352073045576978_000001.wav,7638352073045576978.mp4,16.2,31.73,15.53,"Бајдуе, ја не имаше поема дека Нјојоркер има толку бави сетови за вежбање, што јас не бев свесна за тоа.","by the way, јас немаше поима дека New Yorker има толку убави сетови за вежбање, што јас не бев свесна за тоа.",yes
clips/7638352073045576978_000002.wav,7638352073045576978.mp4,31.75,37.43,5.68,До пред две недели и јас станаа од седната со нивните сетови. Купи си го овај сет.,До пред две недели и јас станав опседната со нивните сетови. Купи си го овај сет.,yes
clips/7638352073045576978_000003.wav,7638352073045576978.mp4,37.43,40.27,2.84,"Гледај 500 денара, горен и долен дел вкупно.","Гледај 500 денара, горен и долен дел вкупно.",no
clips/7638352073045576978_000004.wav,7638352073045576978.mp4,40.37,42.51,2.14,Значи по сјом со и нешто денара е 1 дел.,Значи по 799 денара е еден дел.,yes
clips/7638352073045576978_000005.wav,7638352073045576978.mp4,42.71,46.09,3.38,И мене толку ново ми се западна што јас одлучив вчера,И мене толку ногу ми се допаднаа што јас одлучив вчера,yes
clips/7638352073045576978_000006.wav,7638352073045576978.mp4,46.09,47.73,1.64,да отидам и да си купам още нешто.,да отидам и да си купам уште нешто.,yes
clips/7638352073045576978_000007.wav,7638352073045576978.mp4,49.22,52.2,2.98,"Ја никогаш не сум била толку голем фан на Нјојоркер,","Ја никогаш не сум била толку голем фан на Њујоркер,",yes
clips/7638352073045576978_000008.wav,7638352073045576978.mp4,52.28,55.86,3.58,али нивните сетови за вежбање...,али нивните сетови за вежбање...,no
clips/7638352073045576978_000010.wav,7638352073045576978.mp4,57.4,59.98,2.58,Требаше малку мотивација за вежбање.,Требаше малку мотивација за вежбање.,no
clips/7638352073045576978_000011.wav,7638352073045576978.mp4,60.08,62.22,2.14,"By the way, ако некоја што треба мотивација за вежбање,","By the way, ако некогаш ти треба мотивација за вежбање,",yes
clips/7638352073045576978_000012.wav,7638352073045576978.mp4,62.22,71.14,8.92,"You already know it, ама јас да те подсетам дека ако си купиш некој cute set ке се секш по баво, you know, и ке ти се вежбав.","You already know it, ама јас да те подсетам дека ако си купиш некој cute set ке се осеќаш поубаво,  you know, и ќе ти се вежба.",yes
clips/7638352073045576978_000014.wav,7638352073045576978.mp4,73.9,83.2,9.3,"Пред да почнем да ти го покажувам сето, еве го, заради тоа што е у различна боја, ама ист како тај предходнија што го имам, basically, ама многу баво стојам, морам да ти покажам.","Пред да почнам да ти го покажувам сето, еве го,заради тоа",yes
clips/7638352073045576978_000015.wav,7638352073045576978.mp4,83.2,93.72,10.52,"Исто така, аз сум си купила од Нјојоркер едни фармерки, кои што јас ги меркав ушто дека не беа на попуст и, I don't know, ма одам вчера и погледа колку пари беа.","Исто така сум си купила од Њујоркер едни фармерки кои што јас ги меркав уште додека не беа на попуст и, арно ама одам вчера погоди колку пари беа.",yes
clips/7638352073045576978_000016.wav,7638352073045576978.mp4,95.71,96.71,1.0,300 денара.,300 денара.,no
clips/7638352073045576978_000020.wav,7638352073045576978.mp4,107.0,113.22,6.22,"Гледаш дека е малку по-низок струкот, значи ја идеално би ги носила да речеме тука и да бидат малку стеснати,","Гледаш дека е малку по-низок струкот, значи ја идеално би ги носила да речеме тука и да бидат малку стеснати,",no
clips/7638352073045576978_000021.wav,7638352073045576978.mp4,113.22,126.84,13.62,"али оке, оке, it's fine, затоа што има таков вајб, као, you know, не се замарам, значи, облече ги првите фармерки, што ги фана у моја шкаф и то беше тоа, сваке што и да наметна мистоар, свакеш тај вајб.","али оке, оке, it's fine, затоа што има таков вајб, као, you know, не се замарам, значи, облече ги првите фармерки што ги фана у мојо шкаф и тоа беше тоа, сега што и да наметнам ми стое, сфаќаш тај вајб.",yes
clips/7638352073045576978_000023.wav,7638352073045576978.mp4,132.97,137.89,4.92,"Знаеш кој е тренд сакам да го направам со овие фармерки? Таа, it's in your mind.","Знаеш кој тренд сакам да го направам со овие фармерки? Таа, it's in your eyes.",yes
clips/7638352073045576978_000025.wav,7638352073045576978.mp4,168.75,176.59,7.84,"Поентата ми е, ако сакаш некој добар сет за вежбање и да не биде прескап, New Yorker is the place.","Поентата ми е, ако сакаш некој добар сет за вежбање и да не биде прескап, New Yorker is the place.",no
clips/7638352073045576978_000026.wav,7638352073045576978.mp4,176.71,178.79,2.08,"Искрена, едвај, чекам да вежбам у него.","Искрено, едвај, чекам да вежбам у него.",yes
clips/7638352073045576978_000027.wav,7638352073045576978.mp4,178.93,186.13,7.2,"Actually, сега ќе си пуштам на YouTube вежбички и ќе си повежбам, заради тоа што ми е кеф, наискино, да ти кажам.","Actually, сега ќе си пуштам на YouTube вежбички и ќе си повежбам, заради тоа што ми е кеиф, најискрено, да ти кажам.",yes
clips/7638352073045576978_000028.wav,7638352073045576978.mp4,186.35,192.97,6.62,"Пишу в коментар дали ти се свиги и ако имаш да ми предложиш некој друго место за да си купам сетови, за да се мотивирам да вежбам до летото,","Пиши у коментар дали ти се свиѓа и ако имаш да ми предложиш некое друго место за да си купам сетови, за да се мотивирам да вежбам до летото,",yes
clips/7649371967849549077_000000.wav,7649371967849549077.mp4,0.0,2.84,2.84,"Стварно, миле народовни, мислам, стварно не сте ми јасни у чат.","Стварно мене народот не ми,мислам стварно не сте ми јасни во чат.",yes
clips/7649371967849549077_000001.wav,7649371967849549077.mp4,2.94,8.58,5.64,"Не се возите со ово, саа бе крше возовите, ние немаме пруга, гледај како е во Европа во врвр.","Не се возите со воз, абе крш се возовите ние немаме пруга, гледај како е во Европа врврвр...",yes
clips/7649371967849549077_000002.wav,7649371967849549077.mp4,9.32,13.5,4.18,"Ајде да направиме пруга, ама зашто да правиме пруга сега, тоа пруга ке се краде.","Ајде да направиме пруга, ама зашто да правиме пруга сега, тоа пруга ке се краде.",no
clips/7649371967849549077_000003.wav,7649371967849549077.mp4,13.7,16.82,3.12,"А работна акција е да ја правиме сите со мотиките пругата, а?","А работна акција е да ја правиме сите со мотиките пругата, а?",no
clips/7649371967849549077_000004.wav,7649371967849549077.mp4,17.06,19.6,2.54,Ке дојете ви овде кој учатов да ја правиме пругата?,"Ќе дојдете вие овдека у чатов да ја правиме пругата,",yes
clips/7649371967849549077_000005.wav,7649371967849549077.mp4,19.92,23.66,3.74,Нема да дојде. Само да се пјампа. Само да се куди нешто.,Нема да дојдете. Само да се пљамба. Само да се куди нешто.,yes
clips/7649371967849549077_000006.wav,7649371967849549077.mp4,23.66,31.62,7.96,"Кај што, као, например, преско отчитам Лазаров, како што му правеле таму за донацијата што им ја правиа куќата на фамилијата таму.","Кај што, као, например, преска го читам Лазаров, како што му правеле таму за донацијата што им ја правеа куќата на фамилијата таму.",yes
clips/7649371967849549077_000007.wav,7649371967849549077.mp4,32.14,37.4,5.26,"Любоморни луѓе, зашто на таа некоја фамилија им правиле куќа, не им правиле нивната?","Љубоморни луѓе, зашто на таа некоја фамилија им правиле куќа, не им ја правеле нивната?",yes
clips/7649371967849549077_000008.wav,7649371967849549077.mp4,37.52,42.56,5.04,Не постија и друга причина зашто му пишувале и го пцуеле и го врегеле Лазаров.,Не постои друга пичина зашто му пишувале и го пцуеле и го вреѓале Лазаров.,yes
clips/7649371967849549077_000009.wav,7649371967849549077.mp4,42.74,47.44,4.7,"Не го врегеле, любоморни луѓе. Любомора, злоба, завист.","Не го вреѓале, љубоморни луѓе. Љубомора, злоба, завист.",yes
clips/7649371967849549077_000010.wav,7649371967849549077.mp4,47.66,50.76,3.1,"Есе да знаш што да ја прави вемеропругата, требаше ЕСДС да ја прави.","Е сега зашто да ја прави ВМРО, требаше ЕСДЕС да ја прави.",yes
clips/7649371969657294100_000000.wav,7649371969657294100.mp4,0.0,3.14,3.14,"Има еден случај, за кој што ми е тешко да зборам,","Има еден случај, за кој што ми е тешко да зборам,",no
clips/7649371969657294100_000001.wav,7649371969657294100.mp4,3.22,5.4,2.18,"затоа што е многу трогателен случај,","затоа што е многу трогателен случај,",no
clips/7649371969657294100_000002.wav,7649371969657294100.mp4,5.4,9.44,4.04,"а тој е случајот со момчето, чие што органи беа донирани","а тој е случајот со момчето, чие што органи беа донирани",no
clips/7649371969657294100_000003.wav,7649371969657294100.mp4,10.1,15.16,5.06,"минатата недела, Вечна Муслава, загина во Собракена Незгода.","минатата недела, вечна му слава, загина во сообраќајна незгода.",yes
clips/7649371969657294100_000004.wav,7649371969657294100.mp4,15.54,19.3,3.76,"Тој е младо дете, чие што семејство одлучило да ги донири","Тој е младо дете, чие што семејство одлучило да ги донира",yes
clips/7649371969657294100_000005.wav,7649371969657294100.mp4,19.3,21.72,2.42,неговите органи за да се спасат повеќе животи.,неговите органи за да се спасат повеќе животи.,no
clips/7649371969657294100_000006.wav,7649371969657294100.mp4,21.84,23.84,2.0,"Наместо да му е лесните на семејството,","Наместо да му олесните на семејството,",yes
clips/7649371969657294100_000007.wav,7649371969657294100.mp4,24.44,26.6,2.16,"зборам сега Министерството за Здравство,","зборам сега Министерството за Здравство,",no
clips/7649371969657294100_000008.wav,7649371969657294100.mp4,26.6,31.64,5.04,"АД, Бутел, МВР, обвинителство, дополнително ги ставате","АД, Бутел, МВР, обвинителство, дополнително ги ставате",no
clips/7649371969657294100_000009.wav,7649371969657294100.mp4,31.64,36.32,4.68,да поминуваат низ дополнителна голгота и ги изложувате,да поминуваат низ дополнителна голгота и ги изложувате,no
clips/7649371969657294100_000010.wav,7649371969657294100.mp4,36.32,39.74,3.42,дополнително на трошуци. Дарител на органи и неговото семејство,дополнително на трошоци. Дарител на органи и неговото семејство,yes
clips/7649371969657294100_000011.wav,7649371969657294100.mp4,39.74,45.34,5.6,"се ослободени од било какви давачки, по однос на погреби и така надаку.","се ослободени од било какви давачки, по однос на погреби и така натаму.",yes
clips/7649371969657294100_000012.wav,7649371969657294100.mp4,45.48,49.22,3.74,"За семејство кое што се одлучило на оваков потек,","За семејство кое што се одлучило на ваков потег,",yes
clips/7649371969657294100_000013.wav,7649371969657294100.mp4,49.36,52.24,2.88,државата треба да има посебен третман.,државата треба да има посебен третман.,no
clips/7649371969657294100_000014.wav,7649371969657294100.mp4,52.38,56.52,4.14,"Не, чекай не е завршен записникот, пак е видиме, пак е ово.","Не, чекај не е завршен записникот, па ќе видиме, па ќе ова...",yes
clips/7649371969657294100_000015.wav,7649371969657294100.mp4,56.6,62.9,6.3,"Увидот и записникот од Увид за во оваков случај би требало да биде готов за 24 саати,","Увидот и записникот од Увид за ваков случај би требало да биде готов за 24 саати,",yes
clips/7649371969657294100_000016.wav,7649371969657294100.mp4,63.02,65.82,2.8,а за 48 саати да биде поднесено обвинение.,а за 48 саати да биде поднесено обвинение.,no
clips/7649371969657294100_000017.wav,7649371969657294100.mp4,66.06,71.42,5.36,"Не да чекате дали ќе има врски, па дали ќе се јави тој некој на ова,","Не да чекате дали ќе има врски, па дали ќе се јави тој некој на ова,",no
clips/7649371969657294100_000018.wav,7649371969657294100.mp4,71.5,75.52,4.02,"да не било некој врвр, па да фатите ше има некој врски.","да не било некој врвр, па да фатите шема некој врски.",yes
clips/7649371969657294100_000019.wav,7649371969657294100.mp4,75.62,76.66,1.04,"Не, тука нема врски.","Не, тука нема врски.",no
clips/7649371969657294100_000020.wav,7649371969657294100.mp4,77.08,79.86,2.78,Испративме денес прашање до Министерството за Матерични Работи,Испративме денес прашање до Министерството за внатрешни работи,yes
clips/7649371969657294100_000021.wav,7649371969657294100.mp4,79.86,81.84,1.98,и дојавнато обвинителство за овој случај докаде е.,и до јавното обвинителство за овој случај до каде е.,yes
clips/7649371969657294100_000022.wav,7649371969657294100.mp4,81.92,84.38,2.46,И да знаете да ја ќе го следиме случајот во тблиску.,И да знаете дека ќе го следиме случајов од блиску.,yes
clips/7649371969657294100_000023.wav,7649371969657294100.mp4,84.38,88.06,3.68,"Олеснете му на семејството, извадете ја правдата на Виделина","Олеснете му на семејството, извадете ја правдата на виделина,",yes
clips/7649371969657294100_000024.wav,7649371969657294100.mp4,88.06,91.12,3.06,и ја веѓа напел до председателката на ова семејство,"И еве еден апел до претседателката, на ова семејство",yes
clips/7649371969657294100_000025.wav,7649371969657294100.mp4,91.12,93.76,2.64,"да му додели, може би треба да му додели орден.","да му додели, можеби треба да му додели орден.",yes
clips/7649371969657294100_000026.wav,7649371969657294100.mp4,93.86,95.42,1.56,Бидејќи е еден позитивен пример.,Бидејќи е еден позитивен пример.,no
clips/7649371969657294100_000027.wav,7649371969657294100.mp4,95.58,98.24,2.66,Во целата трагедија е позитивен пример.,Во целата трагедија е позитивен пример.,no
clips/7649371969657294100_000028.wav,7649371969657294100.mp4,98.4,100.1,1.7,Пет-шест животи мислам дека спасе.,Пет-шест животи мислам дека спаси.,yes
clips/7649371969657294100_000030.wav,7649371969657294100.mp4,100.22,101.9,1.68,Пет-шест различни случаи.,Пет-шест различни случаи.,no
clips/7649371969657294100_000031.wav,7649371969657294100.mp4,102.1,104.2,2.1,"Би требало, ако ништо, во најмала рака председателката","Би требало, ако ништо, во најмала рака председателката",no
clips/7649371969657294100_000032.wav,7649371969657294100.mp4,104.2,107.2,3.0,"да се заложи, ако им треба контакт, кај им одадам контактот,","да се заложи, ако им треба контакт, ќе им го дадам контактот.",yes
clips/7649371969657294100_000033.wav,7649371969657294100.mp4,107.2,110.06,2.86,едно признание за државата да даде нова семестра.,едно признание државата да даде на ова семејство.,yes
clips/7651642155898785032_000000.wav,7651642155898785032.mp4,0.0,3.46,3.46,Најлоша работа што можеш да кажеш на некој што сака добра слика е,Најлоша работа што можеш да кажеш на некој што сака добра слика е,no
clips/7651642155898785032_000001.wav,7651642155898785032.mp4,3.46,4.92,1.46,само застани и позирай.,само застани и позирај.,yes
clips/7651642155898785032_000002.wav,7651642155898785032.mp4,5.14,9.48,4.34,Затоа што сите знаеме дека најдобрите фотки никогаш не изгледат наместено.,Затоа што сите знаеме дека најдобрите фотки никогаш не изгледат наместено.,no
clips/7651642155898785032_000003.wav,7651642155898785032.mp4,9.56,13.36,3.8,"Тие се случуваат додека се движиш, додека не мислиш на камерата.","Тие се случуваат додека се движиш, додека не мислиш на камерата.",no
clips/7651642155898785032_000004.wav,7651642155898785032.mp4,13.58,17.52,3.94,"Епа се новија Чајоми 17, те не ти е потребна совршена поза.","Ете со новиот Шаоми 17, не ти е потребна совршена поза.",yes
clips/7651642155898785032_000005.wav,7651642155898785032.mp4,17.54,21.18,3.64,"Ти треба само миг, што трае доволно кратко за да биде реален момент","Ти треба само миг, што трае доволно кратко за да биде реален момент",no
clips/7651642155898785032_000006.wav,7651642155898785032.mp4,21.18,23.86,2.68,и камера доволно брзо за да го пати истиот.,и камера доволно брзо за да го пати истиот.,no
clips/7651642155898785032_000007.wav,7651642155898785032.mp4,24.02,29.46,5.44,"Ако си како мене и цел ден се снимаш, сликаш, скролаш, пак се снимаш,","Ако си како мене и цел ден се снимаш, сликаш, скролаш, пак се снимаш,",no
clips/7651642155898785032_000008.wav,7651642155898785032.mp4,29.46,31.46,2.0,што ова е делот што најмногу ке ти се допадне.,што ова е делот што најмногу ке ти се допадне.,no
clips/7651642155898785032_000009.wav,7651642155898785032.mp4,31.56,34.06,2.5,"Батеријата трае цел ден, така да не мора полночет","Батеријата трае цел ден, така да не мора полначот",yes
clips/7651642155898785032_000010.wav,7651642155898785032.mp4,34.06,36.22,2.16,да го носиш со себе секаде кај што ќе одиш.,да го носиш со себе секаде кај што ќе одиш.,no
clips/7651642155898785032_000011.wav,7651642155898785032.mp4,36.26,38.74,2.48,"И уште нешто, ако го земеш до 28. июни,","И уште нешто, ако го земеш до дваесет и осми јуни,",yes
clips/7651642155898785032_000012.wav,7651642155898785032.mp4,38.78,39.8,1.02,добиваш и подорог.,добиваш и подарок.,yes
clips/7651642155898785032_000013.wav,7651642155898785032.mp4,40.64,42.68,2.04,"Значи, телефон што ги факе моментите","Значи, телефон што ги фаќа моментите",yes
clips/7651642155898785032_000014.wav,7651642155898785032.mp4,42.68,45.3,2.62,и подорог што ги собира трошките последни.,и подарок што ги собира трошките после нив.,yes
clips/7651642155898785032_000015.wav,7651642155898785032.mp4,45.48,47.72,2.24,Шејоми 17Т со лейка објективи.,Шејоми 17Т со лејка објективи.,yes
clips/7651642155898785032_000016.wav,7651642155898785032.mp4,47.74,50.06,2.32,"Не позирай, слободно движе се.","Не позирај, слободно движи се.",yes
clips/7659733710522109202_000000.wav,7659733710522109202.mp4,0.0,3.98,3.98,Сега ме носиш таму тегуштарите на Пио Кафе.,Сега ме носеш таму кај гуштерите да пијам кафе.,yes
clips/7659733710522109202_000001.wav,7659733710522109202.mp4,4.2,6.76,2.56,Значи има добри ревјус на Гугл.,Значи има добри ревјус на Гугл.,yes
clips/7659733710522109202_000003.wav,7659733710522109202.mp4,7.58,9.74,2.16,Одеме у Зул Кафе.,Одеме у зу кафе.,yes
clips/7659733710522109202_000004.wav,7659733710522109202.mp4,9.82,11.98,2.16,"Погодите, кој го нејде Зул Кафе? Одна сајца.","Погодите, кој го нејде Зу Кафе? од нас двајца.",yes
clips/7659733710522109202_000007.wav,7659733710522109202.mp4,21.35,23.69,2.34,"Јао, види и маче спија јао на драка.",види и маче спиe унтре.,yes
clips/7659733710522109202_000008.wav,7659733710522109202.mp4,23.79,25.93,2.14,"Чека, ако нека им кажам дека сум инфуенсарка.","Чекај, ако не ќе им кажам дека сум инфлуенсерка.",yes
clips/7659733710522109202_000009.wav,7659733710522109202.mp4,27.03,32.06,5.03,На секоја маса имат најстојата овјага шпана.,На секоја маса имаат нешто јас тоа сеа го сфана.,yes
clips/7659733710522109202_000010.wav,7659733710522109202.mp4,32.16,33.16,1.0,Тука имат бисер.,Тука има гуштер.,yes
clips/7671331711338253575_000000.wav,7671331711338253575.mp4,1.42,3.24,1.82,"Ало, Бобружо.",Ало Баба Ружо.,yes
clips/7671331711338253575_000002.wav,7671331711338253575.mp4,4.4,9.44,5.04,Да бе замаху таа твојта книга да правам таа торта ти што сега праваш многу.,Абе земах од таа твојта книга да правам торта ти што си га праваш многу.,yes
clips/7671331711338253575_000004.wav,7671331711338253575.mp4,10.24,15.31,5.07,"И саа, турих кафеен филджан пише. Млеко.","И саа, турих кафеен филџан пише. Млеко.",yes
clips/7671331711338253575_000005.wav,7671331711338253575.mp4,15.67,17.19,1.52,Арно имах кафеен де.,Арно имах кафеен де.,no
clips/7671331711338253575_000006.wav,7671331711338253575.mp4,17.53,23.34,5.81,"Турих пише к лажица, ваљда и она кафеена се мисля, ама немам кафеена лажица.","Турих, пише к лажица, ваљда и она кафена се мисле, ама немам кафена лажица.",yes
clips/7671331711338253575_000008.wav,7671331711338253575.mp4,24.66,28.56,3.9,"И саа, туку пише одоко брашно.","И саа, тука пише од око брашно.",yes
clips/7671331711338253575_000009.wav,7671331711338253575.mp4,28.56,32.04,3.48,К'о ме ја катао док'о брашно? Колку да турам?,Коо ме е таа мерка од око брашно? Колку да турам?,yes
clips/7671331711338253575_000010.wav,7671331711338253575.mp4,32.7,34.52,1.82,Те ми шта каса сте нова дума кинга?,Ти мислеш така се станува домаќинка?,yes
clips/7671331711338253575_000011.wav,7671331711338253575.mp4,34.6,36.94,2.34,"Зе ни проби тама, растрачки се у кујната,","Земи проби тама, растрчки се ѕ кујната!",yes
clips/7671331711338253575_000012.wav,7671331711338253575.mp4,37.0,38.68,1.68,ми ште е наготоло.,Мислеш се е на готово.,yes
clips/7671331711338253575_000013.wav,7671331711338253575.mp4,42.1,44.84,2.74,"Алло, Благија, слуши, ти си по ти модерните работи.","Ало Благе, слуши, ти си по тие модерните работи.",yes
clips/7671331711338253575_000014.wav,7671331711338253575.mp4,44.84,46.58,1.74,Дето се сака неколку хаче да напрам.,Децата сакаа некоо фокача да направам.,yes
clips/7671331711338253575_000015.wav,7671331711338253575.mp4,46.66,49.56,2.9,"Пише многу во 400 мл. вода, квасец,","Пише си многу убаво 400мл вода, квасец,",yes
clips/7671331711338253575_000016.wav,7671331711338253575.mp4,49.66,51.96,2.3,"сичко што треба тама, солци, зајтинче,","сичко што треба тама, солца, зејтинче,",yes
clips/7671331711338253575_000017.wav,7671331711338253575.mp4,52.06,55.58,3.52,"ама пише ту капс, два капсове или шо са тие,","ама пише ту капс, два капсуви ли шо се тие,",yes
clips/7671331711338253575_000018.wav,7671331711338253575.mp4,55.66,58.2,2.54,од брашно. Колку е два капсове?,брашно. Колку е два капсове?,yes
clips/7671331711338253575_000019.wav,7671331711338253575.mp4,58.2,61.36,3.16,"Е, е, удоко Бобороджо, удоко.","Е, е, уд око Баба Ружо, уд око.",yes
clips/7671331711338253575_000020.wav,7671331711338253575.mp4,62.92,64.48,1.56,"Кажаме ги саа, залепеме ги.","Кажа ми га саа, залепи ми га..",yes
clips/7671331711338253575_000021.wav,7671331711338253575.mp4,64.88,66.0,1.12,"Да, така да.",ааа така де.,yes
clips/7679118148963978517_000000.wav,7679118148963978517.mp4,0.02,5.4,5.38,Дата центрите се еднината на човештвото и владата ќе го преземе институционалниот ризик и ќе ги изгради.,Дата центрите се иднината на човештвото и владата ќе го превземе институционалниот ризик и ќе ги изгради.,yes
clips/7679118148963978517_000001.wav,7679118148963978517.mp4,5.68,10.64,4.96,"Струјата ќе плаки оној што ќе ја троши, а во денашно време има многу бројни начини за ладење на овие центри,","Струјата ќе плаќа оној што ќе ја троши, а во денешно време има многу бројни начини за ладење на овие центри,",yes
clips/7679118148963978517_000002.wav,7679118148963978517.mp4,10.68,15.66,4.98,"били премирот Мицкоске. Македонија треба да одлучи дали сака да биде лидер во регионот или на дното,","вели премиерот Мицкоски. Македонија треба да одлучи дали сака да биде лидер во регионот или на дното,",yes
clips/7679118148963978517_000003.wav,7679118148963978517.mp4,15.74,17.96,2.22,но од оваа индустрија владата нема да се откажа.,но од оваа индустрија владата нема да се откаже.,yes
clips/7679118148963978517_000004.wav,7679118148963978517.mp4,30.02,53.35,23.33,"и тука, сакам да кажам, дека они испраќаат пораки кои што се стари 10, 15, 20 години, има сосема по инакви начини на наладење, во зависност од намената на тие дата центари, дали тие ќе се користат за вешточка интелигенција или за други цели, но исто така сакам и една друга работа да ја кажам, која што до сега многу малку се комуницира, ние во државата имаме дата центар,","и тука сакам да кажам, дека они испраќаат пораки кои што се стари десет, петнаесет, дваесет години,има сосема поинакви начини на ладење, во зависност од намената на тие дата центри, дали тие ќе се користат за вештачка интелигенција или за други цели, но исто така сакам и една друга работа да ја кажам, која што досега многу малку се комуницира, ние во државата имаме дата центар,",yes
clips/7679118148963978517_000005.wav,7679118148963978517.mp4,54.02,64.24,10.22,"Ние имаме дата центар во Прилеп, но тој дата центар е практично секундарен или дата центар кој што ние го нарекуваме рекавари дата центар.","Ние имаме дата центар во Прилеп, но тој дата центар е практично секундарен или дата центар кој што ние го нарекуваме рекавари дата центар.",no
clips/7679118148963978517_000006.wav,7679118148963978517.mp4,75.02,79.98,4.96,"Сега, секоја институција од сайбер напади се брани како знае и уме.","Сега, секоја институција од сајбер напади се брани како знае и умее.",yes
clips/7679118148963978517_000007.wav,7679118148963978517.mp4,79.98,86.42,6.44,"А потоа, тој примарен датацентар ќе го поврзаме со веќе постоечкиот секундарен датацентар,","А потоа, тој примарен датацентар ќе го поврзиме со веќе постоечкиот секундарен дата центар,",yes
clips/7679118148963978517_000008.wav,7679118148963978517.mp4,86.42,88.76,2.34,"кој што е во Прилепско, за да имаме заштита.","кој што е во Прилепско, за да имаме заштита.",no
clips/7679118148963978517_000009.wav,7679118148963978517.mp4,89.04,94.7,5.66,"Ако не да е боже настане, би рекол, упад во системот на интероперабилност,","Ако не дај боже настане, би рекол, упад во системот на интероперабилност,",yes
clips/7679118148963978517_000010.wav,7679118148963978517.mp4,94.8,98.84,4.04,да можеме преко секундарниот датацентар да ги заштитиме податоците.,да можеме преку секундарниот датацентар да ги заштитиме податоците.,yes
clips/7679118148963978517_000011.wav,7679118148963978517.mp4,99.04,102.5,3.46,Од опозицијската сада сама вела дека немаат ништо против инвестиција,Од опозицијската сдсм велат дека немаат ништо против инвестиции,yes
clips/7679118148963978517_000012.wav,7679118148963978517.mp4,102.5,104.86,2.36,"кои носат развој, работни места и нови технологии.","кои носат развој, работни места и нови технологии.",no
clips/7679118148963978517_000013.wav,7679118148963978517.mp4,104.96,107.56,2.6,"Но инвестицијите мора да бидат во интерес на Македонија,","Но инвестициите мора да бидат во интерес на Македонија,",yes
clips/7679118148963978517_000014.wav,7679118148963978517.mp4,107.56,110.94,3.38,а не ресурсите на Македонија да се стават во функција на тоги профити.,а не ресурсите на Македонија да се стават во функција на туѓи профити.,yes
clips/7679118148963978517_000015.wav,7679118148963978517.mp4,111.16,114.42,3.26,Мицкоски не кажува колку струје и колку вода ке трошат датацентрите.,Мицкоски не кажува колку струја и колку вода ќе трошат дата центрите.,yes
clips/7679118148963978517_000016.wav,7679118148963978517.mp4,114.58,117.62,3.04,Не кажува дека земјоделците може да немаат вода за нивите,Не кажува дека земјоделците може да немаат вода за нивите,no
clips/7679118148963978517_000017.wav,7679118148963978517.mp4,117.62,120.14,2.52,и дека грагјаните ке плакјат по висока цена за струјата.,и дека граѓаните ќе плаќаат повисока цена за струјата.,yes
clips/7679118148963978517_000018.wav,7679118148963978517.mp4,120.64,123.52,2.88,"Македонија нема ресурси за експерименти зад затворени врати,","Македонија нема ресурси за експерименти зад затворени врати,",no
clips/7679118148963978517_000019.wav,7679118148963978517.mp4,123.58,124.86,1.28,особено не со водата.,особено не со водата.,no
clips/7679118148963978517_000020.wav,7679118148963978517.mp4,125.12,128.06,2.94,Во држава во која грагјаните веќе се соочуваат со проблеми,Во држава во која граѓаните веќе се соочуваат со проблеми,yes
clips/7679118148963978517_000021.wav,7679118148963978517.mp4,128.06,131.16,3.1,"со водоснабдувањето, загадени реки и труење во Гостевар.","со водоснабдувањето, загадени реки и труење во Гостевар.",no
clips/7679118148963978517_000022.wav,7679118148963978517.mp4,131.24,134.56,3.32,Властта планира огромни потрошувачки на вода без да ги објави,Власта планира огромни потрошувачки на вода без да ги објави,yes
clips/7679118148963978517_000023.wav,7679118148963978517.mp4,134.56,137.14,2.58,основните анализи. Истото важи и за струјата.,основните анализи. Истото важи и за струјата.,no
clips/7679118148963978517_000024.wav,7679118148963978517.mp4,137.48,140.66,3.18,Македонија нема стабелен енергетски систем за Мицкоски однапред,Македонија нема стабилен енергетски систем за Мицкоски однапред,yes
clips/7679118148963978517_000025.wav,7679118148963978517.mp4,140.66,144.64,3.98,да ветува државни ресурси без јавност да знае колку ке чини тоа,да ветува државни ресурси без јавноста да знае колку ке чини тоа,yes
clips/7679118148963978517_000026.wav,7679118148963978517.mp4,144.64,147.54,2.9,и кој ке оплати сметката. Ова не е стратегија за развој,и кој ке плати сметката. Ова не е стратегија за развој,yes
clips/7679118148963978517_000027.wav,7679118148963978517.mp4,147.54,150.76,3.22,"туку опасно коцкане со водата, струјата и земјата на граѓаните,","туку опасно коцкање со водата, струјата и земјата на граѓаните,",yes
clips/7679118148963978517_000028.wav,7679118148963978517.mp4,150.88,152.42,1.54,велат од Опозицијската партија.,велат од Опозициската партија.,yes
clips/7679118148963978517_000029.wav,7679118148963978517.mp4,153.1,157.26,4.16,"Премирот, вчера Сообштите КВК се преговара со 5 до 6 потенциални инвеститори",Премиерот вчера соопшти дека веќе се преговара со пет до шест потенцијални инвеститори,yes
clips/7679118148963978517_000030.wav,7679118148963978517.mp4,157.26,159.18,1.92,за изградба на дата центри во Македонија.,за изградба на дата центри во Македонија.,no
clips/7679484792164912391_000000.wav,7679484792164912391.mp4,0.02,5.96,5.94,Од 1. септември тргнува градски одвоз од Зелениково до Централната железничка станица во Скопје.,"Од 1. септември тргнува градскиот воз, од Зелениково до Централната железничка станица во Скопје.",yes
clips/7679484792164912391_000001.wav,7679484792164912391.mp4,6.04,12.0,5.96,"Возовите ке се обраќаат 8 пати дневно во двата правци, а ке се патува околу 25 минути.","Возовите ке се обраќаат 8 пати дневно во двата правци, а ќе се патува околу 25 минути.",yes
clips/7679484792164912391_000002.wav,7679484792164912391.mp4,12.54,19.72,7.18,"Првиот воз од Зелениково ке тргнува во 6.20, а последниот ке пристигнува на железничката во Скопје во 20.19.","Првиот воз од Зелениково ке тргнува во 6.20, а последниот ќе пристигнува на железничката во Скопје во 22:19",yes
clips/7679484792164912391_000003.wav,7679484792164912391.mp4,20.88,26.26,5.38,"На патот кон Скопје, возот ке застанува на станиците Орешани, Јанесандански, Драчево и Лисиче.","На патот кон Скопје, возот ке застанува на станиците Орешани, Јане Сандански, Драчево и Лисиче.",yes
clips/7679484792164912391_000004.wav,7679484792164912391.mp4,26.26,30.18,3.92,"Во обратен правец, првиот воз од Скопје ке тргнува во 5.32,","Во обратен правец, првиот воз од Скопје ке тргнува во 5.32,",no
clips/7679484792164912391_000005.wav,7679484792164912391.mp4,30.54,34.2,3.66,а последниот ке пристигнува во Зелениково во 21.20.,а последниот ке пристигнува во Зелениково во 21.20.,no
clips/7679484792164912391_000006.wav,7679484792164912391.mp4,35.04,39.26,4.22,"Цената на билетот за едно возање во еден правец ке биде 40 денари,","Цената на билетот за едно возење во еден правец ќе биде 40 денари,",yes
clips/7679484792164912391_000007.wav,7679484792164912391.mp4,39.32,41.14,1.82,додека повратниот билет ке чини 70.,додека повратниот билет ке чини 70.,no
clips/7679484792164912391_000008.wav,7679484792164912391.mp4,42.24,44.84,2.6,"За редовните патници ке има и месечен билет,","За редовните патници ке има и месечен билет,",no
clips/7679484792164912391_000009.wav,7679484792164912391.mp4,44.86,46.8,1.94,чија цена е 1040 денари.,чија цена е 1040 денари.,no
clips/7679484792164912391_000010.wav,7679484792164912391.mp4,47.02,49.72,2.7,"Нашите и техниќки екипи се спремни,","Нашите и технички екипи се спремни,",yes
clips/7679484792164912391_000011.wav,7679484792164912391.mp4,49.78,52.74,2.96,"ганитурите се ке биде спремни за првата фаза,","гарнитурите ќе бидат спремни за првата фаза,",yes
clips/7679484792164912391_000012.wav,7679484792164912391.mp4,52.74,61.67,8.93,"така да главниот фокус ќе го постигнеме, а тоа е да отпори да се по првата фаза на градски воз","така да главниот фокус ќе го постигнеме, а тоа е да од први да се почне со првата фаза на градски воз",yes
clips/7679484792164912391_000013.wav,7679484792164912391.mp4,61.67,69.83,8.16,"и пресе главниот фокус кон помладите, односно кон срешколците, студентите и источни.","и пред се главниот фокус кон помладите, односно кон средношколците, студентите и слично.",yes
clips/7679484792164912391_000014.wav,7679484792164912391.mp4,70.12,75.56,5.44,Кошутиќ вели дека го разгледували возниот ред на ЈСП за автобусите и ги усогласиле двете врски.,Кошутиќ вели дека го разгледувале и возниот ред на ЈСП за автобусите и ги усогласиле двете врски.,yes
clips/7679484792164912391_000015.wav,7679484792164912391.mp4,76.16,83.02,6.86,"Целта е ако некој со воз пристигне на Железничка и треба да продолжи со автобус или обратно, да нема долго чекање.","Целта е ако некој со воз пристигне на Железничка и треба да продолжи со автобус или обратно, да нема долго чекање.",no
clips/7679484792164912391_000016.wav,7679484792164912391.mp4,83.02,88.74,5.72,Називаме и возниот ред на ЈСП така да не оскоптуваме повеќе од плюс-минус 5 минути.,Направивме и возен ред со ЈСП така да нема отстапување повеќе од плус-минус пет минути.,yes
clips/7679484792164912391_000017.wav,7679484792164912391.mp4,113.05,115.95,2.9,"Много е по-елегантно, по-комодно.","Многу е поелегантно, покомотно.",yes
clips/7679484792164912391_000018.wav,7679484792164912391.mp4,116.29,117.57,1.28,Мислам дека дека има интерес.,Мислам дека дека има интерес.,no
clips/7679484792164912391_000019.wav,7679484792164912391.mp4,118.69,119.69,1.0,Вие би користеле?,Вие би користеле?,no
clips/7679484792164912391_000020.wav,7679484792164912391.mp4,120.29,121.47,1.18,"Секако, се разбира.","Секако, се разбира.",no
clips/7679484792164912391_000021.wav,7679484792164912391.mp4,121.67,123.85,2.18,Дека дека ќе се растерете малку автокомпанија?,Дека дека ќе се растерете малку,yes
clips/7679484792164912391_000022.wav,7679484792164912391.mp4,123.87,125.69,1.82,"Може би, не знам, може би, зашто да не?","Можеби, не знам, можеби, зашто да не?",yes
clips/7679484792164912391_000024.wav,7679484792164912391.mp4,127.65,129.23,1.58,"Зашто да не, ќе биде.","Зашто да не, ќе биде.",no
clips/7679484792164912391_000025.wav,7679484792164912391.mp4,129.51,131.71,2.2,"Ако има интерес, биде, треба да се проба.","Ако има интерес, треба да се проба.",yes
clips/7679484792164912391_000026.wav,7679484792164912391.mp4,132.23,134.29,2.06,"Ако има интерес, добро, ако не, ќе се мухинеме.","Ако има интерес, добро, ако не, ќе се укине.",yes
clips/7679484792164912391_000027.wav,7679484792164912391.mp4,134.59,136.79,2.2,Линијата Зелениково-Скопје е само првата,Линијата Зелениково-Скопје е само првата,no
clips/7679484792164912391_000028.wav,7679484792164912391.mp4,136.79,139.29,2.5,од планираните три делници на проектот Градски воз.,од планираните три делници на проектот Градски воз.,no
clips/7679484792164912391_000029.wav,7679484792164912391.mp4,139.29,142.37,3.08,"Според најавите, втората делница треба да го поврзе","Според најавите, втората делница треба да го поврзе",no
clips/7679484792164912391_000030.wav,7679484792164912391.mp4,142.37,146.47,4.1,Миладиновци и Линдени Маджари со Централната железничка станица во Скопје.,Миладиновци и Илинден со Маџари и Централната железничка станица во Скопје.,yes
clips/7679484792164912391_000031.wav,7679484792164912391.mp4,147.09,149.49,2.4,Додека третата ке се протега од Железничка,Додека третата ке се протега од Железничка,yes
clips/7679484792164912391_000032.wav,7679484792164912391.mp4,149.49,151.89,2.4,"преку Скопје Севери, Гјорче Петров до Волково.","преку Скопје север, Ѓорче Петров до Волково.",yes
clips/7679768664425450753_000000.wav,7679768664425450753.mp4,0.24,1.98,1.74,Му бараат мала палачинка.,Ми бараат мала палачинка.,yes
clips/7679768664425450753_000001.wav,7679768664425450753.mp4,2.14,4.98,2.84,Мала? Ние немаме мала палачинка.,Мала? Ние немаме мала палачинка.,no
clips/7679768664425450753_000002.wav,7679768664425450753.mp4,5.06,7.76,2.7,"Еве, зошто веќе не правиме сецкани палачинки?","Еве, зошто веќе не правиме сецкани палачинки?",no
clips/7679768664425450753_000003.wav,7679768664425450753.mp4,7.92,10.88,2.96,Оваа палачинка не е помала од оваа палачинка.,Оваа палачинка не е помала од оваа палачинка.,no
clips/7679768664425450753_000004.wav,7679768664425450753.mp4,10.9,13.78,2.88,Луѓето едноставно обожаваа сецкани палачинки.,Луѓето едноставно обожаваа сецкани палачинки.,no
clips/7679768664425450753_000005.wav,7679768664425450753.mp4,13.86,17.56,3.7,"Можеа да јадат палачинки дорека пешачат, дорека возат кола.","Можеа да јадат палачинки додека пешачат, додека возат кола.",yes
clips/7679768664425450753_000006.wav,7679768664425450753.mp4,17.92,20.72,2.8,Секогаш и тогаш се појавија експертите.,Секогаш и тогаш се појавија експертите.,no
clips/7679768664425450753_000007.wav,7679768664425450753.mp4,20.84,22.52,1.68,Помала е! Не е како на видеото!,Помала е! Не е како на видеото!,no
clips/7679768664425450753_000008.wav,7679768664425450753.mp4,22.76,24.58,1.82,И престанавме да ги правиме.,И престанавме да ги правиме.,no
clips/7679768664425450753_000009.wav,7679768664425450753.mp4,24.68,27.72,3.04,И сега луѓето се лутат. Ние сме сакале да ги сецкаме.,И сега луѓето се лутат. Не сме сакале да ги сецкаме.,yes
clips/7679768664425450753_000010.wav,7679768664425450753.mp4,27.72,29.28,1.56,А да ги вратиме?,А да ги вратиме?,no
clips/7679768664425450753_000011.wav,7679768664425450753.mp4,29.4,32.56,3.16,"И така, решивме од 1 сетембри сецкани палачинки,","И така, решивме од 1 сетември сецкани палачинки,",yes
clips/7679768664425450753_000012.wav,7679768664425450753.mp4,32.66,34.72,2.06,повторно достапни во сите наши локации.,повторно достапни во сите наши локации.,no
clips/domdrj3cspx_000000.wav,DOMDrJ3CspX.mp4,0.0,5.74,5.74,Најверојатно веќе го имаш видено овај горстен ензимски пилинг кој е вирален на ТикТок и денеска конечно го пробувам.,Најверојатно веќе го имаш видено овај горстен ензимски пилинг кој е вирален на ТикТок и денеска конечно го пробувам.,no
clips/domdrj3cspx_000001.wav,DOMDrJ3CspX.mp4,5.74,16.88,11.14,"Значи ово не е обичен пилинг, содрже 3% килибарна киселина и ензим промелаин, што значи дека нежно ги раствара мртвите клетки, го изедначува тено и помага кај акни, хиперпигментација и цранки.","Значи овоа не е обичен пилинг, содржи три проценти ќилибарна киселина и ензим бромелаин, што значи дека нежно ги раствора мртвите клетки, го изедначува тенот и помага кај акни, хиперпигментација и црнки.",yes
clips/domdrj3cspx_000002.wav,DOMDrJ3CspX.mp4,17.16,23.74,6.58,"Безбеден е за сите типови кожа, значи за сува, мрсна, мешовита, па дури за чувствителна, а може да го користат дури и трудници.","Безбеден е за сите типови кожа, значи за сува, мрсна, мешовита, па дури за чувствителна, а може да го користат дури и трудници.",no
clips/domdrj3cspx_000003.wav,DOMDrJ3CspX.mp4,23.74,35.36,11.62,"Ева како се користе, најпрвен го чистеш лицето нормално, после нанесуваш тенок слојот пилинго, насува или малку на влажнета кожа и избегнуваш областта оголочите. Оставаш да делува 15-30 минути, додека ензимите ја прават својата магија.","Еве како се користе, најпрвин го чистеш лицето нормално, после нанесуваш тенок слој од пилингот, на сува или на малку навлажнета кожа и избегнуваш ја областа околу очите. Оставаш да делува 15-30 минути, додека ензимите ја прават својата магија.",yes
clips/domdrj3cspx_000004.wav,DOMDrJ3CspX.mp4,35.36,42.54,7.18,"После изплакнуваш и нанесуваш хидратантен серум и крема, како што можеш да видиш мојата е веќе при крај и ми е умилена за секогаш, if you know, you know.","После изплакнуваш и нанесуваш хидратантен серум и крема, како што можеш да видиш мојата е веќе при крај и ми е омилена засекогаш, if you know, you know.",yes
clips/domdrj3cspx_000005.wav,DOMDrJ3CspX.mp4,42.64,48.6,5.96,"Ено и за чувствителна кожа, доволно е да окуристаш пилинго само еднашка неделно, а за нормална до мрсна кожа, од 2 до 3 пати неделно.","За чувствителна кожа, доволно е да го користеш пилингот само еднашка неделно, а за нормална до мрсна кожа, 2 до 3 пати неделно.",yes
clips/domdrj3cspx_000006.wav,DOMDrJ3CspX.mp4,48.62,57.12,8.5,"И за крај, не забравјај, фактор за лице следниот ден, обовезно за тоа што кожата ќе биде екстра свежа и блескава, но и по чувствителна солнце, за тоа што сепак станува збор за ензимски пилинг.","И за крај, не заборавај, фактор за лице следниот ден, обавезно за тоа што кожата ќе биде екстра свежа и блескава, но и почувствителна на сонце, за тоа што сепак станува збор за ензимски пилинг.",yes
clips/domdrj3cspx_000007.wav,DOMDrJ3CspX.mp4,57.12,63.82,6.7,"Искрено, кожата изгледа толку мазна и освежена после ово и сега почнува да ми се разјаснува за што сите беа пседнати со ова ензински пилинг.","Искрено, кожата изгледа толку мазна и освежена после ова и сега почнува да ми се разјаснува за што сите беа опседнати со овој ензимски пилинг.",yes
clips/do_hhbydme9_000000.wav,DO_hHbyDME9.mp4,0.11,6.31,6.2,"Ах, доме, сладок доме. А и некој веќе, знаете, мене најубаво ми е кога сум дома опуштена во мојата комфорна зона.","Ах, доме, сладок доме. А инаку вие веќе знаете мене најубаво ми е кога сум дома опуштена во мојата комфорна зона.",yes
clips/do_hhbydme9_000001.wav,DO_hHbyDME9.mp4,6.47,9.49,3.02,"Сега сети имат по некоја хобија, имам и јас да скролам мебел.","Е сега сите имаат по некое хоби, имам и јас, да скролам мебел.",yes
clips/do_hhbydme9_000002.wav,DO_hHbyDME9.mp4,9.99,14.15,4.16,"Иако скоро целиот мој дом е оприхмен од Вели Ахом, секогаш нешто ми хаја.","Иако скоро целиот мој дом е опремен од Велеа Хоум, секогаш нешто ми фали.",yes
clips/do_hhbydme9_000003.wav,DO_hHbyDME9.mp4,14.15,16.57,2.42,"Знаете како викаат, ново парче, нова енергија.","Знаете како викаат, ново парче, нова енергија.",no
clips/do_hhbydme9_000005.wav,DO_hHbyDME9.mp4,18.73,22.89,4.16,"Страната им е толку богата, организирана и функционална, што секогаш ми дават некоја избирација.","Страната им е толку богата, организирана и функционална, што секогаш ми дава некоја инспирација.",no
clips/do_hhbydme9_000006.wav,DO_hHbyDME9.mp4,22.95,25.67,2.72,"Например, оваа масичка одлично ќе се вклопите и моите дома.","На пример, оваа масичка одлично ќе се вклопи кај моите дома.",yes
clips/do_hhbydme9_000007.wav,DO_hHbyDME9.mp4,25.95,30.45,4.5,"Но чекайте, кога нарачувате онлайн, посебно мебел, сигурно ви се појавуваат овие миси.","Но чекајте, кога нарачувате онлајн, посебно мебел, сигурно ви се појавуваат овие мисли.",no
clips/do_hhbydme9_000008.wav,DO_hHbyDME9.mp4,30.49,33.61,3.12,"Масичката на вебстраницата изгледа убава, ама дали е истата во живе?","Масичката на вебстраницата изгледа убава, ама дали е истата во живо?",no
clips/do_hhbydme9_000009.wav,DO_hHbyDME9.mp4,33.65,36.73,3.08,"На интернет секогаш се ја е совршена, ама не можеш на сите да им веруваш.","На интернет секогаш се е совршено, ама не можеш на сите да им веруваш.",yes
clips/do_hhbydme9_000010.wav,DO_hHbyDME9.mp4,36.85,38.05,1.2,"Јелена, сколаш.","Јелена, престани да скролаш.",no
clips/do_hhbydme9_000011.wav,DO_hHbyDME9.mp4,38.98,41.42,2.44,"Најбово е ти, драга наша, да додеш пене аз во салон,","Најубаво е ти, драга наша да дојдеш кај нас во салон",no
clips/do_hhbydme9_000012.wav,DO_hHbyDME9.mp4,41.42,43.58,2.16,Па да видиш дали производите не се исти на веб страната,Па да видиш дали производите ни се исти на веб страната,yes
clips/do_hhbydme9_000013.wav,DO_hHbyDME9.mp4,43.58,44.84,1.26,И овде во салонот,И овде во салонот,no
clips/do_hhbydme9_000014.wav,DO_hHbyDME9.mp4,44.84,46.0,1.16,"Ајде, дойдите, чекаме",Ајде дојди те чекаме,no
clips/do_hhbydme9_000015.wav,DO_hHbyDME9.mp4,46.0,47.54,1.54,И мене да не ми речеш два пати,И мене да не ми речеш два пати,no
clips/do_hhbydme9_000016.wav,DO_hHbyDME9.mp4,47.54,49.52,1.98,"Ама како, инако ке се увериме во квалитет","Ама како, инако ке се увериме во квалитет",no
clips/do_hhbydme9_000017.wav,DO_hHbyDME9.mp4,49.52,51.66,2.14,Сија најдов веднаш има сичката која што ми се допадна,Си ја најдов веднаш масичката која ми се допадна,no
clips/do_hhbydme9_000018.wav,DO_hHbyDME9.mp4,51.66,54.72,3.06,"И да ви кажам искрено, во живо е сто пати поубава",И да ви кажам искрено во живо е сто пати поубава,no
clips/do_hhbydme9_000019.wav,DO_hHbyDME9.mp4,54.72,57.5,2.78,Исто и оваа софа која што многу ми се допадна на Ливниот сайт,Исто и оваа софа која многу ми се допадна на нивниот сајт,no
clips/do_hhbydme9_000020.wav,DO_hHbyDME9.mp4,57.5,59.74,2.24,"Евеја, пре добра",ЕЕве јаа предобраа,no
clips/do_hhbydme9_000021.wav,DO_hHbyDME9.mp4,59.74,62.58,2.84,"И како што можете да видите, аз со љубопитност се прегледам",И како што можете да видите јас со љубопитност се прегледав,no
clips/do_hhbydme9_000022.wav,DO_hHbyDME9.mp4,62.58,63.94,1.36,Што значи дека тестот е положен,Што значи дека тестот е положен,no
clips/do_hhbydme9_000023.wav,DO_hHbyDME9.mp4,63.94,65.48,1.54,и слободно можете да си го нараќате,и слободно може да си го нарачате,no
clips/do_hhbydme9_000024.wav,DO_hHbyDME9.mp4,65.48,67.92,2.44,вашиот омилен производ преку нивната вебстраница.,вашиот омилен производ преку нивната вебстраница.,no
clips/do_hhbydme9_000026.wav,DO_hHbyDME9.mp4,68.9,70.7,1.8,Пажем ви дали ти рекол да дојдеш.,Кажи ми дали ти реков да дојдеш,yes
clips/do_hhbydme9_000027.wav,DO_hHbyDME9.mp4,70.8,72.82,2.02,И тоа важи за сите кои што се прашувате,И тоа важи за сите кои што се прашувате,no
clips/do_hhbydme9_000028.wav,DO_hHbyDME9.mp4,72.82,74.02,1.2,истото прашање како Јелена.,истото прашање како Јелена.,no
clips/do_hhbydme9_000029.wav,DO_hHbyDME9.mp4,74.1,75.76,1.66,Најубавај да дојдете кај нас во салон,Најубаво е да дојдете кај нас во салон,no
clips/do_hhbydme9_000030.wav,DO_hHbyDME9.mp4,75.76,78.72,2.96,и да се уверите лично во квалитетот на нашите производи.,и да се уверите лично во квалитетот на нашите производи.,no
clips/do_hhbydme9_000033.wav,DO_hHbyDME9.mp4,81.38,83.4,2.02,Селектирајте ги вашите омилени производи,Селектирајте ги вашите омилени производи,no
clips/do_hhbydme9_000034.wav,DO_hHbyDME9.mp4,83.4,85.7,2.3,и направете си ја вашата нарачка онлайн,и направете си ја вашата нарачка онлајн,no
clips/do_hhbydme9_000035.wav,DO_hHbyDME9.mp4,85.7,86.74,1.04,без никаква грижа.,без никаква грижа.,no
clips/do_hhbydme9_000036.wav,DO_hHbyDME9.mp4,86.74,89.2,2.46,"Вие заслужувате сигурност, а вашето домудобност.",вие заслужувате сигурност а вашиот дом удобност,no
clips/dpmjfyljoad_000000.wav,DPmJfYLjOAd.mp4,0.24,1.26,1.02,Спремни за патување.,Спремни за патување.,no
clips/dpmjfyljoad_000001.wav,DPmJfYLjOAd.mp4,2.45,4.97,2.52,"Кога патувам во земјите кои што се во Шенген зоната,","Кога патувам во земјите кои што се во Шенген зоната,",no
clips/dpmjfyljoad_000002.wav,DPmJfYLjOAd.mp4,5.05,8.35,3.3,"јас како граѓанин кој што доаѓа од земја која што не е дел од Европската Унија,","јас како граѓанин кој што доаѓа од земја која што не е дел од Европската Унија,",no
clips/dpmjfyljoad_000003.wav,DPmJfYLjOAd.mp4,8.41,12.61,4.2,"мора да се регистрирам во нов систем, систем за влез и излез ЕЕС.","мора да се регистрирам во нов систем, систем за влез и излез ЕЕС.",no
clips/dpmjfyljoad_000004.wav,DPmJfYLjOAd.mp4,13.79,17.09,3.3,Регистрацијата е бесплатна и се прави само првиот пат кога поминувам граница.,Регистрацијата е бесплатна и се прави само првиот пат кога поминувам граница.,no
clips/dpmjfyljoad_000005.wav,DPmJfYLjOAd.mp4,17.17,18.45,1.28,А еве ја целата процедура.,А еве ја целата процедура.,no
clips/dpmjfyljoad_000006.wav,DPmJfYLjOAd.mp4,18.67,23.07,4.4,На граница прво се внесуваат податуците од мојот пасош во новиот систем.,На граница прво се внесуваат податоците од мојот пасош во новиот систем,no
clips/dpmjfyljoad_000007.wav,DPmJfYLjOAd.mp4,23.07,26.65,3.58,Така се создава мојата дигитална евиденција за влез и излез.,Така се создава мојата дигитална евиденција за влез и излез.,no
clips/dpmjfyljoad_000008.wav,DPmJfYLjOAd.mp4,26.89,31.41,4.52,"Второ, се прави фотографија која ќе се користи при секој мој следно патување.","Второ, се прави фотографија која ќе се користи при секое мое следно патување.",yes
clips/dpmjfyljoad_000009.wav,DPmJfYLjOAd.mp4,31.73,35.11,3.38,Трет и последен чекор се земаат отпечатација од прстите.,Трет и последен чекор се земаат отпечатоци од прстите.,yes
clips/dpmjfyljoad_000010.wav,DPmJfYLjOAd.mp4,35.35,39.69,4.34,"Толку. Веќе сум регистрирана, без хартија, без компликацији.","Толку. Веќе сум регистрирана, без хартија, без компликации.",yes
clips/dpmjfyljoad_000011.wav,DPmJfYLjOAd.mp4,39.79,47.11,7.32,"И тоа е се. Со ЕЕС, патувањето кон Шенген станува делогедно по-модерно и по-безбедно европско искусство.","И тоа е се. Со ЕЕС, патувањето кон Шенген станува делогедно по-модерно и по-безбедно европско искуство.",yes
clips/dpmjfyljoad_000012.wav,DPmJfYLjOAd.mp4,47.27,51.23,3.96,"Се се прави само едно, се е дигитално, се е безбедно и се е едноставно.","Се се прави само еднаш, се е дигитално, се е безбедно и се е едноставно.",yes
clips/dpmjfyljoad_000013.wav,DPmJfYLjOAd.mp4,51.23,54.13,2.9,А сега мислам дека може да се опуштиме и да оживаме во патувањето.,А сега мислам дека може да се опуштиме и да уживаме во патувањето.,yes
clips/dsxihk0cjej_000000.wav,DSxiHK0Cjej.mp4,0.08,3.72,3.64,"Замисли, секој ден до нова година да ти стигнуваат подароци вак.","Замисли, секој ден до нова година да ти стигнуваат подароци вака.",yes
clips/dsxihk0cjej_000001.wav,DSxiHK0Cjej.mp4,7.43,9.31,1.88,Не мораш ништо да замисловеш.,Не мораш ништо да замислуваш.,yes
clips/dsxihk0cjej_000002.wav,DSxiHK0Cjej.mp4,9.33,14.15,4.82,Само инсталираја Телеком МК апликацијата и отвори го на вогодишниот календар во магијаната момента.,Само инсталирај ја Телеком МК апликацијата и отвори го новогодишниот календар во магенда моментс.,yes
clips/dsxihk0cjej_000003.wav,DSxiHK0Cjej.mp4,14.23,17.71,3.48,Секој ден таа чека ново изненадување и подароци што стварно се бројат.,Секој ден те чека ново изненадување и подароци што стварно се бројат.,yes
clips/dsxihk0cjej_000004.wav,DSxiHK0Cjej.mp4,17.89,23.89,6.0,"Ваучери од Манго, Бос, Спорт Риалити, Дуки Дасо, значи кликаш, добиваш, шопинговаш.","Ваучери од Манго, Бос, Спорт Риалити, Дуки Дасо, значи кликаш, добиваш, шопинговаш.",no
clips/dsxihk0cjej_000005.wav,DSxiHK0Cjej.mp4,23.93,25.17,1.24,Без компликацији.,Без компликации.,yes
clips/dsxihk0cjej_000006.wav,DSxiHK0Cjej.mp4,25.29,27.75,2.46,"А ако сакаш нешто по-големо, го има и ова.","А ако сакаш нешто по-големо, го има и ова.",no
clips/dsxihk0cjej_000008.wav,DSxiHK0Cjej.mp4,32.67,35.33,2.66,"Цептер Терапи, Aeron, а главната награда,","Цептер Терапи, Air On, а главната награда,",yes
clips/dsxihk0cjej_000009.wav,DSxiHK0Cjej.mp4,35.39,38.39,3.0,"патување во Лапонија кај Дедом Рас, All Inclusive.","патување во Лапонија кај Дедо Мраз, All Inclusive.",yes
clips/dsxihk0cjej_000010.wav,DSxiHK0Cjej.mp4,38.47,40.63,2.16,Инсталираја Телеком МК апликацијата,Инсталирај ја Телеком МК апликацијата,yes
clips/dsxihk0cjej_000011.wav,DSxiHK0Cjej.mp4,40.63,43.75,3.12,и отвора изненадувања секој ден до 31. декем.,и отварај изненадувања секој ден до 31 декември.,yes
clips/dsxihk0cjej_000012.wav,DSxiHK0Cjej.mp4,43.81,45.83,2.02,Сите овие подарици се кријат тука.,Сите овие подарици се кријат тука.,no
clips/dymke8_sobe_000000.wav,DYmKe8-soBe.mp4,0.0,2.42,2.42,Како стигнав тука? Те носам со мене.,Како стигнав тука? Те носам со мене.,no
clips/dymke8_sobe_000001.wav,DYmKe8-soBe.mp4,2.44,5.06,2.62,Пасошка контрола и сум заборавила карта.,Пасошка контрола и сум заборавила карта.,no
clips/dymke8_sobe_000002.wav,DYmKe8-soBe.mp4,5.99,7.41,1.42,Одиме во Задар.,Одиме во Задар.,no
clips/dymke8_sobe_000003.wav,DYmKe8-soBe.mp4,7.77,10.33,2.56,"Преубав резорт, сега ви правам рум тур.","Преубав резорт, сега ви правам рум тур.",no
clips/dymke8_sobe_000004.wav,DYmKe8-soBe.mp4,10.85,12.89,2.04,Не дочекаа сто подароци.,Не дочекаа сто подароци.,no
clips/dymke8_sobe_000005.wav,DYmKe8-soBe.mp4,13.53,15.17,1.64,И почнав мене се спрема.,И почнавме да се спремаме.,yes
clips/dymke8_sobe_000006.wav,DYmKe8-soBe.mp4,15.69,17.95,2.26,"Епа, тука имаме и приватен фризер.","Епа, тука имаме и приватен фризер.",no
clips/dymke8_sobe_000007.wav,DYmKe8-soBe.mp4,18.05,19.69,1.64,Еве ја козата и шминката.,Еве ја косата и шминката.,yes
clips/dymke8_sobe_000008.wav,DYmKe8-soBe.mp4,19.93,23.59,3.66,Погледнете и купачите од новата колекција на лица преобави се.,Погледнете ги купачите од новата колекција на лисца преубави се.,yes
clips/dymke8_sobe_000009.wav,DYmKe8-soBe.mp4,24.41,26.37,1.96,Одиме на pool party.,Одиме на pool party.,no
clips/dymke8_sobe_000010.wav,DYmKe8-soBe.mp4,26.53,28.73,2.2,Каква организација направила?,Каква организација направиле?,yes
clips/dymke8_sobe_000011.wav,DYmKe8-soBe.mp4,28.73,31.61,2.88,И некој целиот концепт е ладолчевијата.,Инкау целиот концепт е Ла долче вита.,yes
clips/dymke8_sobe_000013.wav,DYmKe8-soBe.mp4,36.16,40.65,4.49,"Тука не фоткаа, едвај чекам да видам.","Тука не фоткаа, едвај чекам да видам.",no
clips/dymke8_sobe_000014.wav,DYmKe8-soBe.mp4,40.95,42.89,1.94,Малку и позерски видеа.,Малку и позерски видеа.,no
clips/dymke8_sobe_000017.wav,DYmKe8-soBe.mp4,48.34,51.15,2.81,И време е за Круз.,И време е за Круз.,no
clips/dymke8_sobe_000018.wav,DYmKe8-soBe.mp4,51.49,54.89,3.4,И некако целата атмосфера имаше неверојатен вајб.,И некако целата атмосфера имаше неверојатен вајб.,no
clips/dymke8_sobe_000019.wav,DYmKe8-soBe.mp4,55.59,57.47,1.88,Ове бикини се wow.,Овие бикини се wow.,yes
clips/dymke8_sobe_000020.wav,DYmKe8-soBe.mp4,58.46,60.52,2.06,Уживавме сите и се фоткавме.,Уживавме сите и се фоткавме.,no
clips/dymke8_sobe_000021.wav,DYmKe8-soBe.mp4,61.34,62.66,1.32,Доаѓа и Меткала.,Доаѓа и Мет Гала.,yes
clips/dymke8_sobe_000022.wav,DYmKe8-soBe.mp4,62.66,70.28,7.62,"Погледнете што се ни приреди Лисца. Сансет руфтоп, преубава атмосфера и фотки што испаднаа врв.","Погледнете што се ни приреди Лисца. Сансет руфтоп, преубава атмосфера и фотки што испаднаа врв.",no
clips/dymke8_sobe_000023.wav,DYmKe8-soBe.mp4,70.38,73.86,3.48,И вечерата беше вистинско little art experience.,И вечерата беше вистинско little art experience.,no
clips/dymke8_sobe_000024.wav,DYmKe8-soBe.mp4,74.42,79.1,4.68,Да го поздравам и шефот. Целото искусство вредеше да се сподели со вас.,Да го поздравам и шефот. Целото искусство вредеше да се сподели со вас.,no
clips/dzfplgqkvn3_000000.wav,DZfpLGQKvn3.mp4,0.0,3.42,3.42,Најлоша работа што можеш да кажеш на некој што сака добра слика е,Најлоша работа што можеш да кажеш на некој што сака добра слика е,no
clips/dzfplgqkvn3_000001.wav,DZfpLGQKvn3.mp4,3.42,4.88,1.46,само застани и позирай.,само застани и позирај,yes
clips/dzfplgqkvn3_000002.wav,DZfpLGQKvn3.mp4,5.06,9.44,4.38,Затоа што сите знаеме дека најдобрите фотки никогаш не изгледат наместено.,Затоа што сите знаеме дека најдобрите фотки никогаш не изгледат наместено.,no
clips/dzfplgqkvn3_000003.wav,DZfpLGQKvn3.mp4,9.52,13.3,3.78,"Тие се случуваат додека се движиш, додека не мислиш на камерата.","Тие се случуваат додека се движиш, додека не мислиш на камерата.",no
clips/dzfplgqkvn3_000005.wav,DZfpLGQKvn3.mp4,17.5,21.14,3.64,"Ти треба само миг, што трае доволно кратко за да биде реален момент","Ти треба само миг, што трае доволно кратко за да биде реален момент",no
clips/dzfplgqkvn3_000006.wav,DZfpLGQKvn3.mp4,21.14,23.82,2.68,и камера доволно брзо за да го фати истиот.,и камера доволно брзо за да го фати истиот.,no
clips/dzfplgqkvn3_000007.wav,DZfpLGQKvn3.mp4,23.94,29.42,5.48,"Ако си како мене и цел ден се снимаш, сликаш, скролаш, пак се снимаш,","Ако си како мене и цел ден се снимаш, сликаш, скролаш, пак се снимаш,",no
clips/dzmjdp9o7hn_000000.wav,DZmjdp9O7hN.mp4,0.0,2.78,2.78,Ве носам со мене на Мали Лошин.,Ве носам со мене на Мали Лошин.,no
clips/dzmjdp9o7hn_000001.wav,DZmjdp9O7hN.mp4,2.9,6.6,3.7,Рано наутро тргнавме за Загреб и јас пообичај заспав.,Рано наутро тргнавме за Загреб и јас пообичај заспав.,no
clips/dzmjdp9o7hn_000002.wav,DZmjdp9O7hN.mp4,6.74,9.96,3.22,Не дирај лава док спава и пренервозна сум.,Не дирај лава док спава и пренервозна сум.,no
clips/dzmjdp9o7hn_000003.wav,DZmjdp9O7hN.mp4,11.54,14.46,2.92,Стигнавме и Индитекс не пречекаа како кралеви.,Стигнавме и Индитекс не пречекаа како кралеви.,no
clips/dzmjdp9o7hn_000004.wav,DZmjdp9O7hN.mp4,15.85,18.45,2.6,Утре дента ги ставивме куферите и тргнавме.,Утре дента ги ставивме куферите и тргнавме.,no
clips/dzmjdp9o7hn_000005.wav,DZmjdp9O7hN.mp4,22.01,24.17,2.16,"Затоа што е остров, моравме и со траект.","Затоа што е остров, моравме и со траект.",no
clips/dzmjdp9o7hn_000006.wav,DZmjdp9O7hN.mp4,24.39,28.55,4.16,"Што од самиот момент кога стигнавме, знаевме дека не очекува нешто посебно.","Што од самиот момент кога стигнавме, знаевме дека не очекува нешто посебно.",no
clips/dzmjdp9o7hn_000007.wav,DZmjdp9O7hN.mp4,28.79,32.55,3.76,"Коктели од лаванда, а хотел од вистински медитерански рај.","Коктели од лаванда, а хотел од вистински медитерански рај.",no
clips/dzmjdp9o7hn_000008.wav,DZmjdp9O7hN.mp4,32.55,37.75,5.2,"И одиме со рум тур, собата е преубава и погледот.","И одиме со рум тур, собата е преубава и погледот.",no
clips/dzmjdp9o7hn_000009.wav,DZmjdp9O7hN.mp4,38.15,42.11,3.96,"Спремиле и поклони, мислеле буквално на секој детал.","Спремиле и поклони, мислеле буквално на секој детал.",no
clips/dzmjdp9o7hn_000010.wav,DZmjdp9O7hN.mp4,42.25,45.91,3.66,"А за тие што не знаат, Индитекс е групација на Бершка, Зара,","А за тие што не знаат, Индитекс е групација на Бершка, Зара,",no
clips/dzmjdp9o7hn_000011.wav,DZmjdp9O7hN.mp4,46.09,49.13,3.04,"Страдивариус, Пулембеар, Масимо Дути.","Страдивариус, Пулембеар, Масимо Дути.",no
clips/dzmjdp9o7hn_000012.wav,DZmjdp9O7hN.mp4,49.23,50.85,1.62,Патилото исто преубава.,Купатилото исто преубаво.,yes
clips/dzmjdp9o7hn_000013.wav,DZmjdp9O7hN.mp4,52.12,55.84,3.72,"Имам еден аутфит, сега ќе ви го покажам и одиме на,","Имам еден аутфит, сега ќе ви го покажам и одиме на,",no
clips/dzmjdp9o7hn_000014.wav,DZmjdp9O7hN.mp4,55.98,59.88,3.9,"не знам што е во агендала сега, ама ќе ви го покажам.","не знам што е во агендава сега, ама ќе ви покажам.",yes
clips/dzmjdp9o7hn_000015.wav,DZmjdp9O7hN.mp4,59.96,62.06,2.1,Ова е првиот аутфит за денеска.,Ова е првиот аутфит за денеска.,no
clips/dzmjdp9o7hn_000016.wav,DZmjdp9O7hN.mp4,62.06,66.82,4.76,И сега се упатуваме кон шоурумот за пообаво да ги запознаеме брендовите.,И сега се упатуваме кон шоурумот за пообаво да ги запознаеме брендовите.,no
clips/dzmjdp9o7hn_000017.wav,DZmjdp9O7hN.mp4,66.9,70.6,3.7,"Не послужија шампанј, чирс и си помуабетивме.","Не послужија шампанј, чирс и си помуабетивме.",no
clips/dzmjdp9o7hn_000018.wav,DZmjdp9O7hN.mp4,70.74,73.08,2.34,А сега одиме да се спремиме за вечера.,А сега одиме да се спремиме за вечера.,no
clips/dzmjdp9o7hn_000019.wav,DZmjdp9O7hN.mp4,73.1,75.46,2.36,Опте ми направи преубава фризура за 5 минути.,Октај ми направи преубава фризура за 5 минути.,yes
clips/dzmjdp9o7hn_000020.wav,DZmjdp9O7hN.mp4,75.56,77.54,1.98,Спремно со врвен фустан.,Спремно со врвен фустан.,no
clips/dzmjdp9o7hn_000021.wav,DZmjdp9O7hN.mp4,77.62,80.72,3.1,Вечерата ја завршивме во преубав азиски ресторант.,Вечерата ја завршивме во преубав азиски ресторант.,no
clips/dzmjdp9o7hn_000022.wav,DZmjdp9O7hN.mp4,80.76,85.78,5.02,"Јадевме суши, се дружевме, а десертот беше совршен крај на денот.","Јадевме суши, се дружевме, а десертот беше совршен крај на денот.",no
clips/dzmjdp9o7hn_000023.wav,DZmjdp9O7hN.mp4,85.94,88.32,2.38,Станав сабајле и отидов на доручек.,Станав сабајле и отидов на доручек.,no
clips/dzmjdp9o7hn_000024.wav,DZmjdp9O7hN.mp4,88.56,90.32,1.76,Храна и поглед 10 од 10.,Храна и поглед 10 од 10.,no
clips/dzmjdp9o7hn_000025.wav,DZmjdp9O7hN.mp4,90.32,96.02,5.7,Се упативме кон заливот Чикат и дадоа којшо подлоги и малку медитација и јога.,Се упативме кон заливот Чикат и дадоа ојшо подлоги и малку медитација и јога.,yes
clips/dzmjdp9o7hn_000027.wav,DZmjdp9O7hN.mp4,96.81,99.43,2.62,"Се изморив, ама вредеше за овој поглед.","Се изморив, ама вредеше за овој поглед.",no
clips/dzmjdp9o7hn_000028.wav,DZmjdp9O7hN.mp4,99.65,102.67,3.02,"Се качивме на глисер, ама дуваше ветер и ништо...","Се качивме на глисер, ама дуваше ветер и ништо...",no
clips/dzmjdp9o7hn_000030.wav,DZmjdp9O7hN.mp4,109.1,110.74,1.64,Уште еден аутфитчек.,Уште еден аутфитчек.,no
clips/dzmjdp9o7hn_000031.wav,DZmjdp9O7hN.mp4,111.52,116.62,5.1,"Ресторанот на хотелот е со Мишелин Звезда, така да јадењето беше вау, вау, вау.","Ресторанот на хотелот е со Мишелин Ѕвезда, така да јадењето беше вау, вау, вау.",yes
clips/dzmjdp9o7hn_000032.wav,DZmjdp9O7hN.mp4,116.9,119.3,2.4,"А за десертот, но комент луѓе врв.","А за десертот, но комент луѓе врв.",no
clips/dzmjdp9o7hn_000033.wav,DZmjdp9O7hN.mp4,119.5,120.86,1.36,Сега одеме на кајак.,Сега одеме на кајак.,no
clips/dzmjdp9o7hn_000034.wav,DZmjdp9O7hN.mp4,120.86,123.88,3.02,"Веславме, јас уживам а он весла.","Веславме, јас уживам а он весла.",no
clips/dzmjdp9o7hn_000035.wav,DZmjdp9O7hN.mp4,126.21,129.33,3.12,"Дори и суп, даските и кајаците беа брендирани.",Дури и суп даските и кајаците беа брендирани.,yes
clips/dzmjdp9o7hn_000036.wav,DZmjdp9O7hN.mp4,129.45,131.27,1.82,Секој момент беше посебен.,Секој момент беше посебен.,no
clips/dzmjdp9o7hn_000037.wav,DZmjdp9O7hN.mp4,131.27,133.47,2.2,"Сега одиме на вечера, ќе ви снимаме таму.","Сега одиме на вечера, ќе ви снимаме таму.",no
clips/dzmjdp9o7hn_000038.wav,DZmjdp9O7hN.mp4,134.25,135.91,1.66,"Ајде, тука е еден аутфитчек.","Ајде, тука е еден аутфитчек.",no
clips/dzmjdp9o7hn_000039.wav,DZmjdp9O7hN.mp4,136.11,138.77,2.66,Следува вистинско гастрономско доживување.,Следува вистинско гастрономско доживување.,no
clips/dzmjdp9o7hn_000040.wav,DZmjdp9O7hN.mp4,138.91,142.97,4.06,"Начинот на кој шефот ни ги претставуваше јадењата беше посебна приказна,","Начинот на кој шефот ни ги претставуваше јадењата беше посебна приказна,",no
clips/dzmjdp9o7hn_000041.wav,DZmjdp9O7hN.mp4,143.03,144.63,1.6,а вкусот уште подобар.,а вкусот уште подобар.,no
clips/dzmjdp9o7hn_000042.wav,DZmjdp9O7hN.mp4,144.75,148.67,3.92,"И носа едно по едно, секој след е внимателно одбран","И носа едно по едно, секој след е внимателно одбран",no
clips/dzmjdp9o7hn_000043.wav,DZmjdp9O7hN.mp4,148.67,151.41,2.74,и за се имаше посебна презентација.,и за се имаше посебна презентација.,no
clips/dzmjdp9o7hn_000044.wav,DZmjdp9O7hN.mp4,151.41,153.47,2.06,Мислам дека ќе пукнев од јадење.,Мислам дека ќе пукнев од јадење.,no
clips/dzmjdp9o7hn_000045.wav,DZmjdp9O7hN.mp4,153.53,155.49,1.96,И на крај десертот ме уби.,И на крај десертот ме уби.,no
clips/dzmjdp9o7hn_000046.wav,DZmjdp9O7hN.mp4,156.03,161.67,5.64,"Вечерта заврши, си легнавме, а утре дента токму го започнавме денот со јога и медитација.","Вечерта заврши, си легнавме, а утре дента токму го започнавме денот со јога и медитација.",no
clips/dzmjdp9o7hn_000047.wav,DZmjdp9O7hN.mp4,161.83,165.17,3.34,"Неме држи место но, се надевам се учи со тек на време.","Неме држи место но, се надевам се учи со тек на време.",no
clips/dzmjdp9o7hn_000048.wav,DZmjdp9O7hN.mp4,165.39,169.73,4.34,Погледот беше драма и тука малце си повежбав покрај морето.,Погледот беше драма и тука малце си повежбав покрај морето.,no
clips/dzmjdp9o7hn_000049.wav,DZmjdp9O7hN.mp4,169.93,175.09,5.16,"Од мои 4 години одев на балет, па затоа уште ме држи таа еластичност.","Од мои 4 години одев на балет, па затоа уште ме држи таа еластичност.",no
clips/dzmjdp9o7hn_000050.wav,DZmjdp9O7hN.mp4,175.65,179.03,3.38,Големо благодарам Дин Дитек за прекрасната организација.,Големо благодарам до Inditex за прекрасната организација.,yes
clips/da5ukm9mssg_000000.wav,Da5uKm9MsSg.mp4,24.24,29.08,4.84,Дојди со мене на Крит.,Дојди со мене на Крит.,no
clips/da5ukm9mssg_000001.wav,Da5uKm9MsSg.mp4,30.0,35.02,5.02,со белиот песок. И тргнавме на уште една плажа Ии без каротен никако.,со белиот песок. И тргнавме на уште една плажа Ии без каротен никако.,no
clips/da5ukm9mssg_000002.wav,Da5uKm9MsSg.mp4,35.14,39.82,4.68,"На глисер сонцето најмногу пече, па затоа задолжително 50ка фактор.","На глисер сонцето најмногу пече, па затоа задолжително 50ка фактор.",no
clips/da5ukm9mssg_000003.wav,Da5uKm9MsSg.mp4,39.96,44.78,4.82,"Плажа со кози, ние бевме малку подалеко од нив, ако одите пеш,","Плажа со кози, ние бевме малку подалеку од нив, ако одите пеш,",yes
clips/da5ukm9mssg_000004.wav,Da5uKm9MsSg.mp4,44.88,48.5,3.62,"можете да ги видите и одблиску, но тешко се стига преку карпите.","можете да ги видите и одблиску, но тешко се стига преку карпите.",no
clips/da5ukm9mssg_000005.wav,Da5uKm9MsSg.mp4,48.7,51.8,3.1,Велат дека за најубавите места треба малку да се помачиш.,Велат дека за најубавите места треба малку да се помачиш.,no
clips/da5ukm9mssg_000006.wav,Da5uKm9MsSg.mp4,51.86,54.9,3.04,Ама ние овој пат си го одбравме полесниот начин со глисер.,Ама ние овој пат си го одбравме полесниот начин со глисер.,no
clips/da5ukm9mssg_000007.wav,Da5uKm9MsSg.mp4,55.06,56.94,1.88,Стварно беше прекрасно искуство.,Стварно беше прекрасно искуство.,no
clips/da5ukm9mssg_000008.wav,Da5uKm9MsSg.mp4,56.94,67.54,10.6,"Се спремивме и отидовме во мојата омилена таверна на Крит. И ставиле преубава маса со поглед. Ѕаѕики, карпачо, лигњи, ракчиња, школки, октопод.","Се спремивме и отидовме во мојата омилена таверна на Крит. И ставиле преубава маса со поглед. Ѕаѕики, карпачо, лигњи, ракчиња, школки, октопод.",no
clips/da5ukm9mssg_000009.wav,Da5uKm9MsSg.mp4,67.7,76.24,8.54,"Оваа таверна ми е 100/10, а за благото немам коментар. Грчки специјалитет Galaktoboureko. Лу-ди-ло.","Оваа таверна ми е 100/10, а за благото немам коментар. Грчки специјалитет Galaktoboureko. Лу-ди-ло.",no
clips/da5ukm9mssg_000010.wav,Da5uKm9MsSg.mp4,76.24,80.34,4.1,"Прославиве и роденден, а атмосферата беше стварно преубава.","Прославивме и роденден, а атмосферата беше стварно преубава.",yes
clips/da5ukm9mssg_000011.wav,Da5uKm9MsSg.mp4,80.78,82.54,1.76,Наредниот ден пак на плажа.,Наредниот ден пак на плажа.,no
clips/da5ukm9mssg_000012.wav,Da5uKm9MsSg.mp4,82.62,86.94,4.32,Најдов и преслатка продавница каде што жената сама ги плетеше продуктите.,Најдов и преслатка продавница каде што жената сама ги плетеше продуктите.,no
clips/da5ukm9mssg_000013.wav,Da5uKm9MsSg.mp4,87.2,90.96,3.76,Се купив и капче. Пишете во коментар дали ви се допаѓа.,Си купив и капче. Пишете во коментар дали ви се допаѓа.,yes
clips/da5ukm9mssg_000014.wav,Da5uKm9MsSg.mp4,91.12,94.18,3.06,После плажа спасот е after sun гел од каротен.,После плажа спасот е after sun гел од каротен.,no
clips/da5ukm9mssg_000015.wav,Da5uKm9MsSg.mp4,94.94,97.58,2.64,Вечерта отидовме во нивна традиционална таверна.,Вечерта отидовме во нивна традиционална таверна.,no
clips/da5ukm9mssg_000016.wav,Da5uKm9MsSg.mp4,97.98,101.34,3.36,Како во повеќето таверни секогаш носат лепче со маслиново.,Како во повеќето таверни секогаш носат лепче со маслиново.,no
clips/da5ukm9mssg_000017.wav,Da5uKm9MsSg.mp4,101.58,103.66,2.08,Ѕаѕики и грчка салата секогаш.,Ѕаѕики и грчка салата секогаш.,no
clips/da5ukm9mssg_000018.wav,Da5uKm9MsSg.mp4,103.66,108.04,4.38,"Храната беше вкусна, а компирите убедливо најдобри се потепавме за нив.","Храната беше вкусна, а компирите убедливо најдобри се потепавме за нив.",no
clips/da5ukm9mssg_000019.wav,Da5uKm9MsSg.mp4,108.24,111.24,3.0,"На крај, како и секогаш, не почестија со ракија и благо.","На крај, како и секогаш, не почестија со ракија и благо.",no
clips/da5ukm9mssg_000020.wav,Da5uKm9MsSg.mp4,111.54,116.38,4.84,Аеродромот Хераклион е посебна приказна. Хаос не се знаеше кој каде оди.,Аеродромот Хераклион е посебна приказна. Хаос не се знаеше кој каде оди.,no
clips/da5ukm9mssg_000021.wav,Da5uKm9MsSg.mp4,116.46,119.04,2.58,"Единствено убаво беше што аеродромот е до море,","Единствено убаво беше што аеродромот е до море,",no
clips/da5ukm9mssg_000022.wav,Da5uKm9MsSg.mp4,119.04,121.98,2.94,па при полетувањето имаше неверојатен поглед.,па при полетувањето имаше неверојатен поглед.,no
clips/da5ukm9mssg_000023.wav,Da5uKm9MsSg.mp4,122.1,123.64,1.54,Море и зајди сонце.,Море и зајди сонце.,no
clips/da5ukm9mssg_000024.wav,Da5uKm9MsSg.mp4,123.86,125.78,1.92,Буквално изгледаше како слика.,Буквално изгледаше како слика.,no
clips/da5ukm9mssg_000025.wav,Da5uKm9MsSg.mp4,126.12,130.82,4.7,Пишете во коментар дали пропуштив некој место на Крит што треба да се посети.,Пишете во коментар дали пропуштив некое место на Крит што треба да се посети.,yes
clips/dbirvuusrbw_000000.wav,DbIrVuUSRbW.mp4,0.0,4.62,4.62,"Ефче, некако застанавме кај тебе да ти дадаме малку простор да ни расскажеш за инфлуенсирството,","Ефче, некако застанавме кај тебе да ти дадаме малку простор да ни раскажеш за инфлуенсерството,",yes
clips/dbirvuusrbw_000001.wav,DbIrVuUSRbW.mp4,4.66,8.16,3.5,"колку во Македонија се сваке ова како сериозна професија, бирекла,","колку во Македонија се сфаќа ова како сериозна професија, би рекла,",yes
clips/dbirvuusrbw_000002.wav,DbIrVuUSRbW.mp4,8.26,14.28,6.02,"бидејќи и сериозно се заработува од истото и колку е важно да ја освоиш публиката,","бидејќи и сериозно се заработува од истото и колку е важно да ја освоиш публиката,",no
clips/dbirvuusrbw_000003.wav,DbIrVuUSRbW.mp4,14.38,16.82,2.44,да има доверба во тебе и во сите она кои што ти го презентираш.,да има доверба во тебе и во сето она кое што ти го презентираш.,yes
clips/dbirvuusrbw_000004.wav,DbIrVuUSRbW.mp4,17.38,21.72,4.34,Мене ми е многу мило што инфлуенсирството има голем подем периодов,Мене ми е многу мило што инфлуенсерството има голем подем периодов,yes
clips/dbirvuusrbw_000005.wav,DbIrVuUSRbW.mp4,21.72,25.7,3.98,"и гледам дека се повеќе и повеќе нови лица се појавуваат, што особено ми е мило","и гледам дека се повеќе и повеќе нови лица се појавуваат, што особено ми е мило",no
clips/dbirvuusrbw_000006.wav,DbIrVuUSRbW.mp4,25.7,30.44,4.74,и никако се поприфатливо е за луѓето да се биде инфлуенсер.,и некако се поприфатливо е за луќето да се биде инфлуенсер.,yes
clips/dbirvuusrbw_000007.wav,DbIrVuUSRbW.mp4,30.5,33.92,3.42,Мислам дека се уште има дел луѓето кои што не го свакат тоа,Мислам дека се уште има дел од луќето кои што не го сфаќаат тоа,yes
clips/dbirvuusrbw_000008.wav,DbIrVuUSRbW.mp4,33.92,37.72,3.8,"што всушност знаат, што само се снима, што не работа.",што всушност значи само да се снимаш. Тоа не е работа.,yes
clips/dbirvuusrbw_000009.wav,DbIrVuUSRbW.mp4,37.76,39.06,1.3,Се зборуваш сама со себе.,Си зборуваш сама со себе.,yes
clips/dbirvuusrbw_000010.wav,DbIrVuUSRbW.mp4,39.34,43.06,3.72,"Мислам, тоа е што сама ворит, затоа што најмногу можат","Мислам, тоа е сосема во ред, затоа што најмногу можат",yes
clips/dbirvuusrbw_000011.wav,DbIrVuUSRbW.mp4,43.06,46.34,3.28,да разберат ова професија луѓето кои што го работат тоа,да ја разберат оваа професија луќето кои што го работат тоа,yes
clips/dbirvuusrbw_000012.wav,DbIrVuUSRbW.mp4,46.34,48.84,2.5,или луѓето кои што се во близине и можат да го видат.,или луѓето кои што се во близина и можат тоа да го видат.,yes
clips/dbirvuusrbw_000014.wav,DbIrVuUSRbW.mp4,49.38,51.42,2.04,Затоа што јас верувам дека некоја друга професија,Затоа што јас верувам дека некоја друга професија,no
clips/dbirvuusrbw_000015.wav,DbIrVuUSRbW.mp4,51.42,53.54,2.12,"не би ја сватила дотолку, која ми е многу далечна,","не би ја сфатила доколку ми е многу далечна,",yes
clips/dbirvuusrbw_000016.wav,DbIrVuUSRbW.mp4,53.6,56.3,2.7,но мило ми е што се попривно им станува аналогијата,но мило ми е што се поприродно им станува на луѓето,yes
clips/dbirvuusrbw_000017.wav,DbIrVuUSRbW.mp4,56.3,58.82,2.52,да гледат инфлуенсери и да поддржуваат инфлуенсери.,да гледат инфлуенсери и да поддржуваат инфлуенсери.,no
clips/dbirvuusrbw_000018.wav,DbIrVuUSRbW.mp4,59.28,61.64,2.36,"Дефинитивно е многу важна конекцијата со публиката,","Дефинитивно е многу важна конекцијата со публиката,",no
clips/dbirvuusrbw_000019.wav,DbIrVuUSRbW.mp4,62.26,66.2,3.94,"особено, мислам, тоа е клучно за да бидеш успешен во таа работа,","особено, мислам, тоа е клучно за да бидеш успешен во таа работа,",no
clips/dbirvuusrbw_000020.wav,DbIrVuUSRbW.mp4,66.2,70.7,4.5,"да се запознат со тебе твојот карактер, да се поистоветат со тебе,","да се запознат со тебе твојот карактер, да се поистоветат со тебе,",no
clips/dbirvuusrbw_000021.wav,DbIrVuUSRbW.mp4,70.96,74.2,3.24,дори да бидеш на некој начин пример за тоа како треба некој работи,дури да бидеш на некој начин пример за тоа како треба некои работи,yes
clips/dbirvuusrbw_000022.wav,DbIrVuUSRbW.mp4,74.2,77.88,3.68,да ги прават и мене ми е мило што голем делот моите следбеници,да ги прават и мене ми е мило што голем дел од моите следбеници,yes
clips/dbirvuusrbw_000023.wav,DbIrVuUSRbW.mp4,77.88,80.58,2.7,"си знаат да ми пишат, леле, многу ти бава сукнјата сега,","знаат да ми пишат, леле, многу ти е убава суќната сега,",yes
clips/dbirvuusrbw_000024.wav,DbIrVuUSRbW.mp4,80.58,83.22,2.64,"например, ке одам јас да ја купам, а има попусти","на пример, ќе одам и јас да ја купам, а има попусти",yes
clips/dbirvuusrbw_000025.wav,DbIrVuUSRbW.mp4,83.22,85.14,1.92,"и се трудам и да ја вракам на тие пораки,","и се трудам и да враќам на тие пораки,",yes
clips/dbirvuusrbw_000026.wav,DbIrVuUSRbW.mp4,85.14,87.72,2.58,затоа што така се оддржува таа конекција,затоа што така се оддржува таа конекција,no
clips/dbirvuusrbw_000027.wav,DbIrVuUSRbW.mp4,87.72,90.62,2.9,"и си како кога доаѓа и тој промотивен делот,",и секако кога доаѓа и тој промотивен дел од,yes
clips/dbirvuusrbw_000028.wav,DbIrVuUSRbW.mp4,90.64,94.12,3.48,работата е многу по-природен кога веќе ти верува публиката.,работата е многу по-природен кога веќе ти верува публиката.,no
clips/dc9bepkuprx_000000.wav,Dc9BEPkuPRX.mp4,0.0,2.14,2.14,Ме прашаа како го поминав ова лето.,Ме прашаа како го поминав ова лето.,no
clips/dc9bepkuprx_000001.wav,Dc9BEPkuPRX.mp4,6.17,9.43,3.26,Бегаме од топлотен бран во Скопје и одиме во Берово.,Бегаме од топлотен бран во Скопје и одиме во Берово.,no
clips/dc9bepkuprx_000002.wav,Dc9BEPkuPRX.mp4,9.55,14.57,5.02,Берово ми е едно од оние места каде што сваќаш колку многу ни недостига едноставниот живот.,Берово ми е едно од оние места каде што сфаќаш колку многу ни недостига едноставниот живот.,yes
clips/dc9bepkuprx_000003.wav,Dc9BEPkuPRX.mp4,14.91,21.19,6.28,"Овде луѓето се уште си произведуваат своја храна, си берат од дворот, прават сирење, зимници.","Овде луѓето се уште си произведуваат своја храна, си берат од дворот, прават сирење, зимници.",no
clips/dc9bepkuprx_000004.wav,Dc9BEPkuPRX.mp4,21.35,24.73,3.38,"И стварно ништо не е на сила, се е некако спонтано и природно.","И стварно ништо не е на сила, се е некако спонтано и природно.",no
clips/dc9bepkuprx_000005.wav,Dc9BEPkuPRX.mp4,24.99,28.69,3.7,Мене најмногу ми се допадна тоа што овде луѓето повеќе се дружа.,Мене најмногу ми се допадна тоа што овде луѓето повеќе се дружат,yes
clips/dc9bepkuprx_000006.wav,Dc9BEPkuPRX.mp4,28.69,32.05,3.36,"Нема брзање, нема потреба постојано некаде да одиш.","Нема брзање, нема потреба постојано некаде да одиш.",no
clips/dc9bepkuprx_000007.wav,Dc9BEPkuPRX.mp4,32.09,36.05,3.96,"Ке седнеш со некого, ке јадеш нешто што буквално си го набрал од дворот","Ке седнеш со некого, ке јадеш нешто што буквално си го набрал од дворот",no
clips/dc9bepkuprx_000008.wav,Dc9BEPkuPRX.mp4,36.05,39.23,3.18,и ќе сватиш дека можеби токму тоа е вистинскиот луксуз.,и ќе сватиш дека можеби токму тоа е вистинскиот луксуз.,no
clips/dc9bepkuprx_000009.wav,Dc9BEPkuPRX.mp4,40.53,44.83,4.3,Ово е дворот на Данче и е најубавиот двор што сум го видела до сега.,Ово е дворот на Данче и е најубавиот двор што сум го видела до сега.,no
clips/dc9bepkuprx_000010.wav,Dc9BEPkuPRX.mp4,44.95,48.15,3.2,"Има преубави цвеќиња, зеленчуци, овојше се.","Има преубави цвеќиња, зеленчуци, овојше се.",no
clips/dc9bepkuprx_000011.wav,Dc9BEPkuPRX.mp4,48.35,51.77,3.42,Буквално во секој тјош има огромна љубав и посветеност.,Буквално во секој кјош има огромна љубов и посветеност,yes
clips/dc9bepkuprx_000012.wav,Dc9BEPkuPRX.mp4,51.95,53.71,1.76,Еве и нејзината бавча.,Еве и нејзината бавча.,no
clips/dc9bepkuprx_000013.wav,Dc9BEPkuPRX.mp4,53.97,57.89,3.92,Ова треба да го градиш години и години за да имаш вакво нешто.,Ова треба да го градиш години и години за да имаш вакво нешто.,no
clips/dc9bepkuprx_000014.wav,Dc9BEPkuPRX.mp4,57.89,60.63,2.74,Цело лето би можела да седам во ваков двор.,Цело лето би можела да седам во ваков двор.,no
clips/dc9bepkuprx_000015.wav,Dc9BEPkuPRX.mp4,61.67,63.65,1.98,"Крестовицата личи на птица, инаку.","Краставицата личи на птица, инаку.",yes
clips/dc9bepkuprx_000016.wav,Dc9BEPkuPRX.mp4,63.95,68.13,4.18,"Се добив и честитка од едни преслатки девојчиња, што ми го стоплија срцето.","Се добив и честитка од едни преслатки девојчиња, што ми го стоплија срцето.",no
clips/dc9bepkuprx_000017.wav,Dc9BEPkuPRX.mp4,68.37,70.31,1.94,Отидовме и во посета на коњните.,Отидовме и во посета на коњните.,no
clips/dc9bepkuprx_000018.wav,Dc9BEPkuPRX.mp4,70.63,73.97,3.34,"Ме касна бе, а потоа и ми се насмеа.","Ме касна бе, а потоа и ми се насмеа.",no
clips/dc9bepkuprx_000019.wav,Dc9BEPkuPRX.mp4,74.86,77.68,2.82,И мислам дека токму тоа ми остана од Берово.,И мислам дека токму тоа ми остана од Берово.,no
clips/dc9bepkuprx_000020.wav,Dc9BEPkuPRX.mp4,77.7,80.92,3.22,Чувството дека животот може да биде многу поедноставен.,Чувството дека животот може да биде многу поедноставен.,no
clips/dc9bepkuprx_000021.wav,Dc9BEPkuPRX.mp4,81.02,83.96,2.94,"Колку би било убаво овде када се отвори ресторан,",Колку би било убаво овде да се отвори ресторант,yes
clips/dc9bepkuprx_000022.wav,Dc9BEPkuPRX.mp4,83.96,88.6,4.64,"затоа што е преубава локација, а ресторанот што порано бил многу познат,","затоа што е преубава локација, а ресторанот што порано бил многу познат,",no
clips/dc9bepkuprx_000023.wav,Dc9BEPkuPRX.mp4,88.72,89.82,1.1,веќе е запад.,веќе е запуштен.,yes
clips/dc9bepkuprx_000024.wav,Dc9BEPkuPRX.mp4,89.94,92.66,2.72,"И воздухот, мислам дека таму најмногу го почувствував,","И воздухот, мислам дека таму најмногу го почувствував,",no
clips/dc9bepkuprx_000025.wav,Dc9BEPkuPRX.mp4,92.66,95.78,3.12,колку ни недостига природата кога сме постојано во град.,колку ни недостига природата кога сме постојано во град.,no
clips/dc9bepkuprx_000026.wav,Dc9BEPkuPRX.mp4,96.02,97.14,1.12,Следно е Трпејца.,Следно е Трпејца.,no
clips/dc9bepkuprx_000027.wav,Dc9BEPkuPRX.mp4,97.68,101.72,4.04,Стигнавме во куќата на другарите и ја приубава на приубава локација.,Стигнавме во куќата на другарите и е преубава на преубава локација,yes
clips/dc9bepkuprx_000028.wav,Dc9BEPkuPRX.mp4,102.0,103.98,1.98,Погледот од собата ни беше wow.,Погледот од собата ни беше wow.,no
clips/dc9bepkuprx_000029.wav,Dc9BEPkuPRX.mp4,104.06,107.22,3.16,Трпејца ми е едно од оние места каде што не мора да имаш план.,Трпејца ми е едно од оние места каде што не мора да имаш план.,no
clips/dc9bepkuprx_000030.wav,Dc9BEPkuPRX.mp4,107.58,112.24,4.66,"Само шетај, најди некоја мала уличка, седни покрај езеро и уживај.","Само шетај, најди некоја мала уличка, седни покрај езеро и уживај.",no
clips/dc9bepkuprx_000031.wav,Dc9BEPkuPRX.mp4,112.24,116.56,4.32,"А Наталија ни беше локален експерт, фуд адвајзор и водич.","А Наталија ни беше локален експерт, фуд адвајзор и водич.",no
clips/dc9bepkuprx_000032.wav,Dc9BEPkuPRX.mp4,120.14,124.99,4.85,"Ми се допаѓа што не е премногу испеглано туристичко место,","Ми се допаѓа што не е премногу испеглано туристичко место,",no
clips/dc9bepkuprx_000033.wav,Dc9BEPkuPRX.mp4,125.61,128.23,2.62,"има некоја своја атмосфера, луѓето се опуштени,","има некоја своја атмосфера, луѓето се опуштени,",no
clips/dc9bepkuprx_000034.wav,Dc9BEPkuPRX.mp4,128.31,132.59,4.28,"И цело време имаш чувство дека си на одмор, а не на некоја туристичка атракција.","И цело време имаш чувство дека си на одмор, а не на некоја туристичка атракција.",no
clips/dc9bepkuprx_000035.wav,Dc9BEPkuPRX.mp4,132.63,136.75,4.12,А водата е толку бистра што понекогаш да забораваш дека си на Охридското езеро.,А водата е толку бистра што понекогаш забораваш дека си на Охридското езеро.,yes
clips/dc9bepkuprx_000036.wav,Dc9BEPkuPRX.mp4,136.93,139.21,2.28,"И да, можеби звучи како голема изјава,","И да, можеби звучи како голема изјава,",no
clips/dc9bepkuprx_000037.wav,Dc9BEPkuPRX.mp4,139.21,143.61,4.4,ама мене Трпејциа ми има повеќе душа него многу позвучни туристички места.,ама мене Трпејциа ми има повеќе душа него многу позвучни туристички места.,no
clips/dc9bepkuprx_000038.wav,Dc9BEPkuPRX.mp4,143.85,147.01,3.16,И секако пепси се вклопува и освежува во секој момент.,И секако пепси се вклопува и освежува во секој момент.,no
clips/dc9bepkuprx_000039.wav,Dc9BEPkuPRX.mp4,147.27,150.03,2.76,А сега одиме да ви ги покажам локалните ресторанчи.,А сега одиме да ви ги покажам локалните ресторанчиња,yes
clips/dc9bepkuprx_000040.wav,Dc9BEPkuPRX.mp4,150.19,153.09,2.9,Без макало не се поминува во Трпејца.,Без макало не се поминува во Трпејца.,no
clips/dc9bepkuprx_000041.wav,Dc9BEPkuPRX.mp4,153.43,157.45,4.02,Утреданта Наталија ни спреми доручек со познатите охридски јавречи.,Утредента Наталија ни спреми доручек со познатите охридски ѓевречиња,yes
clips/dc9bepkuprx_000042.wav,Dc9BEPkuPRX.mp4,157.57,159.79,2.22,И седнавме во ресторанот Сентропе.,И седнавме во ресторанот Сентропе.,no
clips/dc9bepkuprx_000043.wav,Dc9BEPkuPRX.mp4,160.09,163.91,3.82,"Врзно јадење. Јадеш, пиеш, се капеш и се враќаш назад.","Врвно јадење, јадеш, пиеш се капеш и се враќаш назад.",yes
clips/dc9bepkuprx_000044.wav,Dc9BEPkuPRX.mp4,166.05,173.23,7.18,"Понекогаш стварно не ти треба ништо посебно, само мирно место, добра храна, пепси и луѓе со кои што можеш да седиш со часови.","Понекогаш стварно не ти треба ништо посебно, само мирно место, добра храна, пепси и луѓе со кои што можеш да седиш со часови.",no
clips/ddhsfacmf8z_000000.wav,DdHSfaCMf8Z.mp4,0.0,2.5,2.5,Денеска ќе зборуваме за хороскоп.,Денеска ќе зборуваме за хороскоп.,no
clips/ddhsfacmf8z_000001.wav,DdHSfaCMf8Z.mp4,3.02,7.98,4.96,"Јас сум инаку лав во хороскоп, подзнак сум рак и месечина девица,","Јас сум инаку лав во хороскоп, подзнак сум рак и месечина девица,",no
clips/ddhsfacmf8z_000002.wav,DdHSfaCMf8Z.mp4,8.24,11.34,3.1,"оган, земја, вода, се испомешано.","оган, земја, вода, се испомешано.",no
clips/ddhsfacmf8z_000003.wav,DdHSfaCMf8Z.mp4,11.52,15.06,3.54,"Тоа веројатно објаснува зошто едната страна од мене сака да блеска,","Тоа веројатно објаснува зошто едната страна од мене сака да блеска,",no
clips/ddhsfacmf8z_000004.wav,DdHSfaCMf8Z.mp4,15.72,20.36,4.64,"другата чувствува се, а третата анализира абсолутно се.","другата чувствува се, а третата анализира абсолутно се.",no
clips/ddhsfacmf8z_000005.wav,DdHSfaCMf8Z.mp4,20.62,24.58,3.96,"Многу често ми се случува да почувствам некој пред добро да го запознам,","Многу често ми се случува да почувствам некој пред добро да го запознам,",no
clips/ddhsfacmf8z_000006.wav,DdHSfaCMf8Z.mp4,24.66,28.04,3.38,да добијам оној прв филинг за неговата енергија.,да добијам оној прв филинг за неговата енергија.,no
clips/ddhsfacmf8z_000007.wav,DdHSfaCMf8Z.mp4,28.04,32.0,3.96,Многу често подоцна сфаќам дека интуицијата ми била во право.,Многу често подоцна сфаќам дека интуицијата ми била во право.,no
clips/ddhsfacmf8z_000008.wav,DdHSfaCMf8Z.mp4,32.06,34.58,2.52,"Некој секојаш прашувам што си во хороскоп,",Инаку секогаш прашувам што си во хороскоп?,yes
clips/ddhsfacmf8z_000009.wav,DdHSfaCMf8Z.mp4,34.76,38.76,4.0,затоа што секогаш ми било интересно дека хороскопот може да ни даде барем некоја мала насока за карактерот на човекот.,затоа што секогаш ми било интересно дека хороскопот може да ни даде барем некоја мала насока за карактерот на човекот.,no
clips/ddhsfacmf8z_000010.wav,DdHSfaCMf8Z.mp4,38.76,42.04,3.28,берем некоја мала насока за карактерот на човекот.,барем некоја мала насока за карактерот на човекот,yes
clips/ddhsfacmf8z_000011.wav,DdHSfaCMf8Z.mp4,42.16,44.62,2.46,"Кога ќе погледам овие пандора талисмани,",Кога ќе ги погледнам овие Пандора талисмани,yes
clips/ddhsfacmf8z_000012.wav,DdHSfaCMf8Z.mp4,44.76,49.28,4.52,ми е интересно што секој знак има своја симболика и своја приказна,ми е интересно што секој знак има своја симболика и своја приказна,no
clips/ddhsfacmf8z_000013.wav,DdHSfaCMf8Z.mp4,49.28,53.38,4.1,и можеш да се го носиш со тебе како малопарче од карактерот.,и можеш да се го носиш со тебе како мало парче од карактерот.,yes
clips/ddhsfacmf8z_000014.wav,DdHSfaCMf8Z.mp4,53.38,64.48,11.1,"Јас зашто не можев да одлучам, сите ми беа пресладки, имам на мене седум хороскопски знаци, што нормално нема сите да ги носам наеднаш, но секој од нив има некоја симболика.","Јас зашто не можев да одлучам, сите ми беа преслатки, имам на мене седум хороскопски знаци, што нормално нема сите да ги носам наеднаш, но секој од нив има некоја симболика.",yes
clips/ddhsfacmf8z_000015.wav,DdHSfaCMf8Z.mp4,64.58,76.72,12.14,"Имам и прстен, солнце и месечина. Солнцето нели е тоа што го покажуваме на светот, месечината тоа што го чувствуваме кога никој не гледа, а талисманот е тоа во која што веруваме.","Имам и прстен, сонце и месечина. Сонцето нели е тоа што го покажуваме на светот, месечината тоа што го чувствуваме кога никој не гледа, а талисманот е тоа во кое што веруваме.",yes
clips/ddhsfacmf8z_000016.wav,DdHSfaCMf8Z.mp4,76.72,86.04,9.32,Па ме интересира дали ти му веруваш на првиот филинг за некого или си од оној тип на човек што вели не суди пред да запознаеш.,Па ме интересира дали ти му веруваш на првиот филинг за некого или си од оној тип на човек што вели не суди пред да запознаеш.,no
clips/ddhsfacmf8z_000017.wav,DdHSfaCMf8Z.mp4,86.1,95.5,9.4,"И уште поважно кој хороскопски знак си, дали интуицијата има нешто поврзано со твојот хороскопски знак и која карактеристика најмногу ја препознаваш во себе.","И уште поважно кој хороскопски знак си, дали интуицијата има нешто поврзано со твојот хороскопски знак и која карактеристика најмногу ја препознаваш во себе.",no
clips/ddovgsvavkw_000000.wav,DdOvgSVAvKw.mp4,0.0,3.58,3.58,"Смачено ти од класичен пилешки стек, имам вкусен и здрав предлог за тебе.","Смачено ти од класичен пилешки стек, имам вкусен и здрав предлог за тебе.",no
clips/ddovgsvavkw_000001.wav,DdOvgSVAvKw.mp4,3.78,8.7,4.92,"Најпрво, пилешкиот стек го чистиме од джилите и го сечеме обово на коцкички или лентички пожел.","Најпрво, пилешкиот стек го чистиме од жилите и го сечеме убаво на коцкички или лентички по желба",yes
clips/ddovgsvavkw_000002.wav,DdOvgSVAvKw.mp4,8.72,11.04,2.32,Самите бели меса се големи извори на протеини.,Самите бели меса се големи извори на протеини.,no
clips/ddovgsvavkw_000003.wav,DdOvgSVAvKw.mp4,11.16,13.3,2.14,"Протеините на нашето тело му се доста потрени,","Протеините на нашето тело му се доста потрени,",no
clips/ddovgsvavkw_000004.wav,DdOvgSVAvKw.mp4,13.32,16.16,2.84,"бидејќи тие самито чесуваат во многу метаболички процеси,","бидејќи тие самите учествуваат во многу метаболички процеси,",yes
clips/ddovgsvavkw_000005.wav,DdOvgSVAvKw.mp4,16.18,21.22,5.04,"како создавање на мускули, создавање на хормони, ензими, коски, кожа.","како создавање на мускули, создавање на хормони, ензими, коски, кожа.",no
clips/ddovgsvavkw_000006.wav,DdOvgSVAvKw.mp4,21.22,25.02,3.8,"Значи, секаде каде што ќе те текне во нашето тело, имаме није структури од протеини,","Значи, секаде каде што ќе те текне во нашето тело, имаме ние структури од протеини,",yes
clips/ddovgsvavkw_000007.wav,DdOvgSVAvKw.mp4,25.08,27.84,2.76,затоа тие се многу битни да ги внесуваме во изхраната.,затоа тие се многу битни да ги внесуваме во исхраната.,yes
clips/ddovgsvavkw_000008.wav,DdOvgSVAvKw.mp4,27.98,31.2,3.22,"И да, главната прашања, колку протеини јас требам дневно да внесувам?","И да, главното прашање, колку протеини јас треба дневно да внесувам?",yes
clips/ddovgsvavkw_000009.wav,DdOvgSVAvKw.mp4,31.26,35.44,4.18,Треба дневно да внесуваш од врлика грам и пол до два грама на телесна тежина.,Треба дневно да внесуваш одприлика грам и пол до два грама на телесна тежина.,yes
clips/ddovgsvavkw_000010.wav,DdOvgSVAvKw.mp4,35.62,39.66,4.04,"Ако земе, најлесно, ќе дам математички, ако една индивидуа има около 100 кг,","Ако земеме најлесно ќе дадам математички, ако една индивидуа има околу 100 килограми,",yes
clips/ddovgsvavkw_000011.wav,DdOvgSVAvKw.mp4,39.78,43.04,3.26,тој треба да внесува од 150 до 200 грама протеини дневно.,тој треба да внесува од 150 до 200 грама протеини дневно.,no
clips/ddovgsvavkw_000012.wav,DdOvgSVAvKw.mp4,43.04,45.92,2.88,"И како главна дзвезда, ќе го взем песто сосот.",И како главна ѕвезда ќе го земам песто сосот.,yes
clips/ddovgsvavkw_000013.wav,DdOvgSVAvKw.mp4,46.0,48.5,2.5,Ќе го направи пилешкото совершено.,Ќе го направи пилешкото совершено.,no
clips/ddovgsvavkw_000014.wav,DdOvgSVAvKw.mp4,48.68,51.26,2.58,"Трябва да внимавам, бидеќи песто сосот е доста калоричен,","Треба да внимаваме, бидејќи песто сосот е доста калоричен,",yes
clips/ddovgsvavkw_000015.wav,DdOvgSVAvKw.mp4,51.3,55.5,4.2,затоа ќе земе од прилика 2 лажички и ќе ставиме во самото пилешко месо.,затоа ќе земеме отприлика две лажички и ќе ставиме во самото пилешко месо.,yes
clips/ddovgsvavkw_000016.wav,DdOvgSVAvKw.mp4,55.6,59.64,4.04,"А самото песто е доста мрсно, така да нема дополнителна потреба од масло.","А самото песто е доста мрсно, така да нема дополнителна потреба од масло.",no
clips/ddovgsvavkw_000017.wav,DdOvgSVAvKw.mp4,59.8,63.7,3.9,"Потоа, компирите ги сечеме на коцки, ги ставаме исто тука до пилешкото,","Потоа, компирите ги сечеме на коцки, ги ставаме исто тука до пилешкото,",no
clips/ddovgsvavkw_000018.wav,DdOvgSVAvKw.mp4,63.8,65.58,1.78,ги зачинуваме и ги ставаме да се печат.,ги зачинуваме и ги ставаме да се печат.,no
clips/ddovgsvavkw_000019.wav,DdOvgSVAvKw.mp4,65.74,69.66,3.92,Оброкот е готов. Јам 250 гр. пилешки стек и 250 гр. компир.,"Оброкот е готов, Имам 250грама пилешки стек и 250 грама компир.",yes
clips/ddovgsvavkw_000020.wav,DdOvgSVAvKw.mp4,69.66,76.46,6.8,"Обрукот има 650 калории, скоро 90 грама протини, 50 грама јагле хидрати и само 10 грама масти.","Оброкот има 650 калории, скоро 90 грама протеини, 50 грама јаглехидрати и само 10 грама масти.",yes
clips/ddovgsvavkw_000021.wav,DdOvgSVAvKw.mp4,76.88,80.54,3.66,"Одличен, високопротински обрук кој ште ќе ти ги задоволи твоите потреби.","Одличен, високопротеински оброк кој што ќе ти ги задоволи твоите потреби.",yes
clips/ddovgsvavkw_000022.wav,DdOvgSVAvKw.mp4,80.62,83.9,3.28,"А тебе, ако ти се допла нова видео, стави лайк и заследи го на мојот профил.","А тебе, ако ти се допадна ова видео, стави лајк и заследи го мојот профил.",yes
clips/ddpdux0oimz_000000.wav,DdPDUX0OIMz.mp4,0.0,3.34,3.34,Ми спративте десетици пораки со едно мени од наша градинка.,Ми спративте десетици пораки со едно мени од наша градинка.,no
clips/ddpdux0oimz_000002.wav,DdPDUX0OIMz.mp4,4.14,7.9,3.76,"На менито има тортици, лепсокрем, банички, млеко со бисквити.","На менито има тортици, леб со крем, банички, млеко со бисквити.",yes
clips/ddpdux0oimz_000003.wav,DdPDUX0OIMz.mp4,8.0,12.14,4.14,И секојаш прашањето е како како нутриционист можеш да го прокоментираш ова.,И секогаш прашањето е како како нутриционист можеш да го прокоментираш ова.,yes
clips/ddpdux0oimz_000004.wav,DdPDUX0OIMz.mp4,12.24,14.92,2.68,"Нормално дека не се согласувам со изборот на маквата храна,","Нормално дека не се согласувам со изборот на ваквата храна,",yes
clips/ddpdux0oimz_000005.wav,DdPDUX0OIMz.mp4,14.92,20.14,5.22,"ама, ајде да погледнеме целата слика затоа што проблемот е малку по-комплициран.","ама, ајде да погледнеме целата слика затоа што проблемот е малку покомплициран.",yes
clips/ddpdux0oimz_000006.wav,DdPDUX0OIMz.mp4,20.3,21.42,1.12,"Прво, божетот.","Прво, буџетот.",yes
clips/ddpdux0oimz_000007.wav,DdPDUX0OIMz.mp4,21.44,24.68,3.24,Менито за градинка или училиште мора да биде финансиски издржливо.,Менито за градинка или училиште мора да биде финансиски издржливо.,no
clips/ddpdux0oimz_000008.wav,DdPDUX0OIMz.mp4,24.68,30.66,5.98,"А кога парите се ограничени, тогаш многу лесно завршуваме со печива, бисквити, сладки производи,","А кога парите се ограничени, тогаш многу лесно завршуваме со печива, бисквити, слатки производи,",yes
clips/ddpdux0oimz_000009.wav,DdPDUX0OIMz.mp4,30.68,34.34,3.66,"ефтини се, практични, децата најштосто ги сакаат и ги јадат.","ефтини се, практични, децата најчесто ги сакаат и јадат.",yes
clips/ddpdux0oimz_000010.wav,DdPDUX0OIMz.mp4,34.48,37.9,3.42,Ама тоа не значи дека со сличен буджет не може да се изработи по-добра менеј.,Ама тоа не значи дека со сличен буџет не може да се изработи подобро мени.,yes
clips/ddpdux0oimz_000011.wav,DdPDUX0OIMz.mp4,37.94,39.92,1.98,Ама тука доаѓаме до поголемиот проблем.,Ама тука доаѓаме до поголемиот проблем.,no
clips/ddpdux0oimz_000012.wav,DdPDUX0OIMz.mp4,40.1,41.5,1.4,Кој го составува менето?,Кој го составува менито?,yes
clips/ddpdux0oimz_000013.wav,DdPDUX0OIMz.mp4,41.6,45.86,4.26,Дали има нутриционист кој гледа што детето добива во текот на целата недола?,Дали има нутриционист кој гледа што детето добива во текот на целата недела?,yes
clips/ddpdux0oimz_000014.wav,DdPDUX0OIMz.mp4,46.0,49.84,3.84,"Дали има доволно протеини, зеленчук, овоје, интегрални житарки?","Дали има доволно протеини, зеленчук, овошје, интегрални житарки?",yes
clips/ddpdux0oimz_000015.wav,DdPDUX0OIMz.mp4,49.84,54.08,4.24,Дали има разновидност воопшто? Плюс има уште еден проблем за кој многу често забораваме.,Дали има разновидност воопшто? Плус има уште еден проблем за кој многу често забораваме.,yes
clips/ddpdux0oimz_000016.wav,DdPDUX0OIMz.mp4,54.12,60.22,6.1,Пред неколку години колешка нутриционист воведе леќе и грашок во училишно мени и делот од родителите реагираа,Пред неколку години колешка нутриционист воведе леќа и грашок во училишно мени и делот од родителите реагираа,yes
clips/ddpdux0oimz_000017.wav,DdPDUX0OIMz.mp4,60.22,62.14,1.92,«Децата ке ни останат гладни».,Децата ке ни останат гладни.,yes
clips/ddpdux0oimz_000018.wav,DdPDUX0OIMz.mp4,62.14,68.16,6.02,Јас лично сум прегледувал училишно менија и кога ќе прашам «Мора ли толку често во неделата да има баничка?»,Јас лично сум прегледувал училишни менија и кога ќе прашам „Мора ли толку често во неделата да има баничка?“,yes
clips/ddpdux0oimz_000019.wav,DdPDUX0OIMz.mp4,68.16,70.78,2.62,Одговорот е «Ама тоа децата најмногу го сакаат».,Одговорот е «Ама тоа децата најмногу го сакаат».,no
clips/ddpdux0oimz_000020.wav,DdPDUX0OIMz.mp4,70.78,75.74,4.96,"Значи сакаме поздрава искрана, ама често ако се понуди поздрава опција, се јаува и отпор.","Значи сакаме поздрава искрана, ама често ако се понуди поздрава опција, се јаува и отпор.",no
clips/ddpdux0oimz_000021.wav,DdPDUX0OIMz.mp4,79.84,83.88,4.04,истински треба да се крене свеста во креирањето на аменијата во граденки училишта,Вистински треба да се крене свеста во креирањето на менијата во градинки и училишта,yes
clips/ddpdux0oimz_000022.wav,DdPDUX0OIMz.mp4,83.88,86.66,2.78,и мора реално да учествува и стручнолица за искрана.,и мора реално да учествува и стручно лице за исхрана.,yes
clips/ddpdux0oimz_000023.wav,DdPDUX0OIMz.mp4,86.68,89.66,2.98,"Не сега за надеса да им сервира брокула и киноа секој ден,","Не сега за на децата да им се сервира брокула и киноа секој ден,",yes
clips/ddpdux0oimz_000024.wav,DdPDUX0OIMz.mp4,89.72,94.12,4.4,туку во рамките на реалниот буджет да направи по-добри балансирани оброци.,туку во рамките на реалниот буџет да направи подобри балансирани оброци.,yes
clips/ddpdux0oimz_000025.wav,DdPDUX0OIMz.mp4,94.28,95.82,1.54,И сега ме интересира вашето мислење.,И сега ме интересира вашето мислење.,no
clips/ddpdux0oimz_000026.wav,DdPDUX0OIMz.mp4,95.88,101.74,5.86,Дали според вас проблемот е само во парите или и во навиките што децата си ги носат од дома?,Дали според вас проблемот е само во парите или и во навиките што децата си ги носат од дома?,no
